# Blender 4.5.0
# www.blender.org
mtllib fropy_low_poly.mtl
o white_mesh
v -0.746671 -0.997731 -0.168238
v -0.750944 -0.993717 -0.075199
v -0.751364 -0.974844 -0.138764
v -0.748152 -0.953960 -0.001773
v -0.732733 -0.992834 -0.202179
v -0.740995 -0.998003 -0.024108
v -0.740332 -0.994078 0.096693
v -0.745271 -0.983690 -0.181374
v -0.746858 -0.966008 0.046577
v -0.743433 -0.979483 0.074481
v -0.744659 -0.968099 -0.151575
v -0.740378 -0.949537 -0.048066
v -0.742497 -0.954710 0.033792
v -0.731302 -0.997993 0.095965
v -0.733347 -0.982748 0.093724
v -0.731781 -0.973434 -0.190286
v -0.728225 -0.956451 -0.145432
v -0.731381 -0.944019 -0.008072
v -0.699815 -0.947980 -0.136895
v -0.707615 -0.998021 -0.209128
v -0.685960 -0.950330 0.031331
v -0.663210 -0.994974 -0.245015
v -0.685012 -0.974243 -0.230172
v -0.694681 -0.984540 0.105031
v -0.705591 -0.066359 -0.113814
v -0.703923 -0.064775 -0.149248
v -0.698806 -0.043373 -0.121249
v -0.654320 -0.994112 0.116495
v -0.680135 -0.973683 0.079970
v -0.691495 -0.940214 -0.024018
v -0.704089 -0.098112 -0.155141
v -0.701204 -0.096250 -0.119082
v -0.694086 -0.091160 -0.178680
v -0.688470 -0.071952 -0.076524
v -0.693707 -0.054837 -0.161393
v -0.665666 -0.986469 -0.249321
v -0.656633 -0.953255 -0.229121
v -0.693850 -0.116914 -0.180907
v -0.685359 -0.109746 -0.110693
v -0.680819 -0.049329 -0.065049
v -0.680896 0.496965 0.076320
v -0.682787 0.514962 0.090934
v -0.680587 0.510434 0.103232
v -0.616950 -0.997986 0.120637
v -0.669910 -0.942680 -0.172912
v -0.680433 -0.938151 -0.081181
v -0.651976 -0.928102 -0.035149
v -0.689176 -0.151580 -0.144944
v -0.680585 -0.122221 -0.192413
v -0.677651 -0.158343 -0.135072
v -0.671491 -0.090473 -0.189211
v -0.675043 -0.081253 -0.073896
v -0.670479 -0.057553 -0.171956
v -0.675246 -0.029619 -0.133574
v -0.671172 -0.029105 -0.083494
v -0.677753 0.481839 0.080214
v -0.675183 -0.196101 -0.139793
v -0.672101 -0.134513 -0.125177
v -0.666006 -0.121282 -0.194100
v -0.672015 -0.105051 -0.105604
v -0.663422 -0.069307 -0.043474
v -0.655004 -0.052886 -0.032417
v -0.664493 0.450467 0.059515
v -0.668478 0.493572 0.111884
v -0.665969 0.565622 0.139319
v -0.648576 -0.924957 -0.114168
v -0.670322 -0.245539 -0.158395
v -0.672344 -0.242402 -0.144797
v -0.664127 -0.176282 -0.133121
v -0.655474 -0.101539 -0.116251
v -0.653736 -0.078877 -0.065601
v -0.654987 -0.038234 -0.045681
v -0.656125 0.461467 0.031679
v -0.662986 0.523748 0.047661
v -0.669875 0.559760 0.101323
v -0.624589 -0.975305 -0.283647
v -0.628287 -0.984456 0.118324
v -0.620924 -0.955955 -0.277822
v -0.609442 -0.942004 0.059106
v -0.645154 -0.317954 -0.115770
v -0.655722 -0.281787 -0.117882
v -0.665495 -0.230555 -0.173442
v -0.652828 -0.263222 -0.113476
v -0.645431 -0.247830 -0.173211
v -0.651467 -0.121572 -0.127253
v -0.654817 -0.088878 -0.083678
v -0.640989 -0.045365 -0.145401
v -0.639465 -0.023178 -0.072071
v -0.649895 0.144482 -0.059889
v -0.648445 0.494057 0.165134
v -0.648088 0.616025 0.142958
v -0.641491 -0.925936 -0.167186
v -0.653020 -0.287757 -0.154602
v -0.638220 -0.239673 -0.107857
v -0.643674 -0.145928 -0.127355
v -0.644723 -0.101836 -0.111972
v -0.644553 -0.091811 -0.174434
v -0.633810 -0.082533 -0.058925
v -0.637101 -0.079832 -0.029985
v -0.642621 -0.025828 -0.115174
v -0.650041 0.433479 0.041796
v -0.638723 0.451075 0.145237
v -0.652456 0.512267 -0.004501
v -0.643975 0.566201 -0.020133
v -0.636700 0.576939 0.196121
v -0.649950 0.608878 0.057593
v -0.637702 0.614296 0.170612
v -0.647011 0.630490 0.091160
v -0.613628 -0.984680 -0.286828
v -0.634567 -0.937344 -0.223516
v -0.634815 -0.931153 0.017394
v -0.638259 -0.311538 -0.150246
v -0.627846 -0.323292 -0.078468
v -0.645801 -0.214224 -0.052099
v -0.636873 -0.133639 -0.180429
v -0.635644 -0.116658 -0.096321
v -0.643107 0.142013 -0.104354
v -0.633758 0.195669 -0.019963
v -0.644866 0.282441 -0.168358
v -0.642493 0.366958 -0.116025
v -0.641266 0.351677 -0.044846
v -0.641598 0.390436 0.013464
v -0.647442 0.448823 -0.012942
v -0.643792 0.419020 0.062813
v -0.637382 0.471216 -0.103733
v -0.640745 0.520332 0.193339
v -0.644248 0.538137 -0.040370
v -0.631527 0.650909 0.041406
v -0.626798 -0.997370 -0.261422
v -0.595173 -0.973211 0.114504
v -0.625085 -0.909557 -0.094970
v -0.630756 -0.345076 -0.086257
v -0.627236 -0.296036 -0.157693
v -0.625486 -0.280471 -0.086649
v -0.636997 -0.256613 -0.039341
v -0.633882 -0.247243 -0.097520
v -0.621393 -0.246066 -0.160224
v -0.630694 -0.181754 -0.025816
v -0.628496 -0.161722 -0.097498
v -0.629423 -0.157816 -0.032302
v -0.635844 -0.118284 -0.067913
v -0.627607 -0.103852 -0.176048
v -0.630690 -0.065373 -0.154294
v -0.634337 -0.035969 -0.144219
v -0.619922 -0.035524 -0.024985
v -0.639728 0.002440 -0.133902
v -0.637683 -0.015210 -0.097512
v -0.629021 0.068630 -0.024613
v -0.635351 0.063525 -0.191766
v -0.638497 0.072759 -0.107658
v -0.641274 0.119888 -0.077574
v -0.641321 0.143205 -0.173901
v -0.630930 0.153323 -0.004940
v -0.639090 0.191265 -0.065233
v -0.641884 0.233471 -0.229927
v -0.637969 0.309843 -0.225843
v -0.638226 0.275502 -0.056820
v -0.633448 0.334772 -0.251271
v -0.629542 0.342242 0.069593
v -0.638476 0.378613 -0.180244
v -0.630213 0.379747 0.096124
v -0.632978 0.518187 -0.100404
v -0.608490 0.693637 0.095033
v -0.589920 0.752659 0.132889
v -0.590462 -0.920888 0.037758
v -0.620462 -0.913670 -0.036930
v -0.634474 -0.339655 -0.122882
v -0.618348 -0.363143 -0.057897
v -0.616375 -0.341557 -0.138087
v -0.638648 -0.258927 -0.053267
v -0.620552 -0.146858 -0.177949
v -0.631955 -0.142387 -0.064940
v -0.624978 -0.126040 -0.053159
v -0.606748 -0.099138 -0.050488
v -0.624150 -0.078229 -0.012100
v -0.633418 -0.024105 -0.182829
v -0.628814 -0.015151 -0.063603
v -0.625952 0.021719 -0.037700
v -0.630643 0.025151 -0.216571
v -0.632098 0.117559 -0.024700
v -0.622259 0.230816 0.037557
v -0.625884 0.281574 -0.302914
v -0.623050 0.275212 0.052706
v -0.618635 0.435955 -0.304590
v -0.618046 0.537296 0.227102
v -0.615768 0.633838 -0.061976
v -0.605731 0.573225 0.237430
v -0.627324 0.628369 -0.009420
v -0.614873 0.684529 0.051334
v -0.618053 0.656173 0.148998
v -0.612361 0.710671 0.084427
v -0.596443 0.734653 0.111305
v -0.610191 0.730219 0.058559
v -0.591229 0.740428 0.092733
v -0.584390 -0.994068 0.143052
v -0.617091 -0.915817 -0.202823
v -0.596404 -0.907995 -0.002852
v -0.606292 -0.894792 -0.153989
v -0.617383 -0.382603 -0.082029
v -0.616450 -0.303628 -0.066667
v -0.613862 -0.313482 -0.044450
v -0.622588 -0.255317 -0.021299
v -0.606900 -0.246732 -0.012528
v -0.609768 -0.235718 -0.159480
v -0.614044 -0.103306 -0.183200
v -0.604280 -0.117953 -0.038849
v -0.622958 -0.065121 -0.161918
v -0.599257 -0.108317 -0.025080
v -0.609799 -0.099203 -0.007715
v -0.612738 0.100400 0.064094
v -0.632142 0.142760 -0.263787
v -0.625104 0.181241 -0.321880
v -0.621249 0.450221 0.186911
v -0.626673 0.491618 -0.196424
v -0.614118 0.553868 -0.197060
v -0.606064 0.475343 0.229701
v -0.613856 0.608479 -0.101226
v -0.611253 0.605922 0.216057
v -0.592231 0.638504 0.209295
v -0.581681 -0.879490 -0.062073
v -0.591380 -0.879593 -0.108881
v -0.602736 -0.383493 -0.113447
v -0.608983 -0.307373 -0.026791
v -0.595763 -0.307771 -0.131613
v -0.605818 -0.283435 -0.021580
v -0.567588 -0.200176 0.012019
v -0.601023 -0.151892 -0.193182
v -0.591799 -0.134099 -0.015669
v -0.618632 -0.058802 -0.206943
v -0.594173 -0.054632 0.012919
v -0.610686 -0.024208 -0.021961
v -0.627494 0.095762 -0.238164
v -0.600462 0.196446 0.120560
v -0.606600 0.217669 -0.386220
v -0.616661 0.297150 0.094672
v -0.603131 0.311117 -0.371475
v -0.596125 0.384543 0.201199
v -0.611484 0.385211 0.151060
v -0.592836 0.503286 -0.379297
v -0.600298 0.423265 0.223316
v -0.597618 0.551307 -0.315468
v -0.613063 0.594966 -0.140336
v -0.581903 0.621345 0.238253
v -0.593423 0.700212 -0.009423
v -0.614872 0.716873 0.041723
v -0.596356 0.692613 0.127456
v -0.466534 -0.997921 0.153109
v -0.581446 -0.962818 -0.317972
v -0.601891 -0.928884 -0.263379
v -0.604153 -0.420542 -0.059295
v -0.608604 -0.401530 -0.041097
v -0.612418 -0.378327 -0.112359
v -0.606999 -0.355675 -0.038174
v -0.590672 -0.381129 -0.114681
v -0.602140 -0.336536 -0.134598
v -0.594511 -0.343312 -0.009976
v -0.594811 -0.280948 -0.141528
v -0.586371 -0.272307 -0.024831
v -0.589732 -0.241306 -0.164313
v -0.609210 -0.059874 -0.251004
v -0.608101 -0.020363 -0.008923
v -0.609687 0.022356 0.039541
v -0.611053 0.021581 -0.297076
v -0.596772 0.052509 0.088416
v -0.605593 0.139349 -0.387151
v -0.584715 0.213100 -0.447990
v -0.591210 0.446475 -0.400285
v -0.595161 0.665248 -0.101810
v -0.569398 0.599107 0.265316
v -0.596256 0.722496 0.019937
v -0.585497 0.736522 0.122240
v -0.571722 -0.982580 0.147145
v -0.587140 -0.443051 -0.059559
v -0.595035 -0.421450 -0.009396
v -0.563150 -0.385416 0.025784
v -0.587647 -0.306065 -0.017591
v -0.583927 -0.248589 -0.004259
v -0.578281 -0.174382 0.004899
v -0.608036 -0.096591 -0.199870
v -0.582281 -0.107080 0.019523
v -0.591638 0.080999 -0.407243
v -0.596268 0.299891 0.186126
v -0.571415 0.484332 -0.448148
v -0.573609 0.592105 -0.373531
v -0.579481 0.491734 0.264285
v -0.583555 0.652302 -0.227294
v -0.575054 0.697711 -0.166173
v -0.549283 0.568124 0.295102
v -0.589877 0.709358 0.119790
v -0.575543 0.729907 0.043766
v -0.578595 0.753191 0.121593
v -0.560747 -0.994711 -0.288952
v -0.560566 -0.987580 -0.306497
v -0.549290 -0.936861 -0.340060
v -0.593115 -0.896856 -0.213240
v -0.558558 -0.869181 -0.021017
v -0.589729 -0.454491 -0.031022
v -0.589745 -0.451570 -0.009793
v -0.580850 -0.428076 -0.078959
v -0.578032 -0.127214 0.002799
v -0.578345 0.000625 0.092290
v -0.595311 0.051440 -0.372873
v -0.569957 0.066820 0.136823
v -0.578977 0.155880 0.157234
v -0.568180 0.338236 -0.465211
v -0.579931 0.294834 0.216329
v -0.592318 0.358119 0.200997
v -0.572394 0.416357 0.266936
v -0.571375 0.556841 -0.420705
v -0.574449 0.623273 -0.312151
v -0.581009 0.700110 -0.088011
v -0.574375 0.726164 0.117769
v -0.565103 -0.867332 -0.229895
v -0.567293 -0.850122 -0.144090
v -0.574162 -0.470694 -0.018639
v -0.567061 -0.471224 0.014900
v -0.574771 -0.329900 -0.118014
v -0.571636 -0.335105 0.010249
v -0.566798 -0.313975 -0.009095
v -0.565193 -0.273082 -0.155786
v -0.588903 -0.146475 -0.242470
v -0.574103 -0.084622 0.046291
v -0.592273 -0.069868 -0.299999
v -0.578660 0.239494 0.198585
v -0.564912 0.330227 0.242563
v -0.548256 0.500463 -0.491462
v -0.584444 0.711051 -0.027507
v -0.556998 0.681886 0.179946
v -0.568277 0.723453 -0.030008
v -0.555068 0.728659 -0.002996
v -0.579749 0.743789 0.074807
v -0.578612 0.750555 0.125233
v -0.554681 -0.970317 -0.331129
v -0.561582 -0.922988 -0.315773
v -0.570056 -0.898376 -0.272123
v -0.569321 -0.450373 0.029646
v -0.563628 -0.439019 -0.066124
v -0.548271 -0.417262 0.057324
v -0.559855 -0.367163 -0.101280
v -0.551473 -0.345201 0.048717
v -0.555061 -0.292604 -0.029430
v -0.551517 -0.276602 -0.028402
v -0.557681 -0.264213 0.002337
v -0.575261 -0.232251 -0.186983
v -0.576245 0.047944 -0.424384
v -0.573967 0.156137 -0.468686
v -0.577065 0.381251 0.238526
v -0.551468 0.555072 -0.462985
v -0.557651 0.456668 0.293692
v -0.534351 0.522844 0.308516
v -0.553514 0.643813 -0.354929
v -0.561510 0.685792 -0.253737
v -0.560832 0.723151 -0.158928
v -0.550144 0.733990 -0.111433
v -0.536765 0.668309 0.225430
v -0.560550 0.720407 0.101682
v -0.564480 0.715139 0.116776
v -0.540455 -0.892532 0.047375
v -0.542390 -0.823102 -0.092051
v -0.530728 -0.333143 -0.131809
v -0.543777 -0.293627 -0.148521
v -0.556036 -0.181260 0.031293
v -0.553076 -0.043880 0.098540
v -0.545348 -0.011717 0.123743
v -0.557164 0.222701 0.218592
v -0.531735 0.303492 0.269481
v -0.541524 0.613777 -0.426239
v -0.555981 0.633059 0.252445
v -0.546535 0.733213 0.112227
v -0.507833 -0.996281 0.183658
v -0.516950 -0.957081 0.154234
v -0.564466 -0.853743 -0.192144
v -0.541796 -0.482183 0.010548
v -0.542288 -0.478824 0.040142
v -0.542597 -0.460657 0.061806
v -0.558801 -0.464664 -0.035747
v -0.540669 -0.397547 -0.080781
v -0.549771 -0.316192 0.040165
v -0.548073 -0.287594 0.007842
v -0.546838 -0.275866 0.010477
v -0.561424 -0.137976 0.049580
v -0.567212 -0.055462 -0.367855
v -0.550924 0.041396 -0.470925
v -0.546757 0.242254 -0.520284
v -0.532564 0.327759 -0.533242
v -0.543324 0.434668 -0.504112
v -0.555721 0.403574 0.297363
v -0.533184 0.538966 -0.495714
v -0.531291 0.594128 -0.460957
v -0.515794 0.700405 -0.330502
v -0.534688 0.739762 -0.206521
v -0.527685 0.747914 -0.179992
v -0.534978 0.762096 0.079438
v -0.543275 0.758928 0.099883
v -0.540092 -0.947076 -0.350686
v -0.490277 -0.783382 -0.301749
v -0.531249 -0.837851 -0.039768
v -0.528423 -0.793501 -0.140481
v -0.555715 -0.208329 -0.276703
v -0.571906 -0.122605 -0.317162
v -0.550009 0.116572 0.185229
v -0.543062 0.238660 0.237118
v -0.532699 0.351180 0.311137
v -0.531079 0.488876 0.317022
v -0.530394 0.714853 -0.265185
v -0.517215 -0.980953 0.179963
v -0.523771 -0.453115 -0.031594
v -0.528128 -0.341353 0.078863
v -0.531775 -0.319058 0.061483
v -0.533202 -0.281279 0.027193
v -0.547704 -0.269125 -0.212632
v -0.522974 -0.251289 0.032111
v -0.538434 -0.188184 0.072220
v -0.538992 -0.133373 0.102751
v -0.528201 0.034236 0.175479
v -0.553979 0.101594 -0.491782
v -0.523709 0.188890 -0.544520
v -0.523359 0.328162 0.289878
v -0.510276 0.506436 -0.534543
v -0.514993 0.418656 0.321361
v -0.517565 0.645825 -0.424393
v -0.527077 0.588015 0.306147
v -0.546026 0.741033 -0.077977
v -0.525939 0.705738 0.172223
v -0.525189 0.756277 -0.039589
v -0.529715 0.729247 0.121847
v -0.540753 0.747797 0.110988
v -0.525239 0.760821 0.049622
v -0.510106 -0.959469 -0.360217
v -0.508323 -0.941331 -0.372801
v -0.529287 -0.898915 -0.344221
v -0.520036 -0.781338 -0.181782
v -0.524735 -0.801117 -0.106216
v -0.506146 -0.472334 0.006141
v -0.527534 -0.388557 -0.089380
v -0.521175 -0.385654 0.094490
v -0.517928 -0.278260 0.037130
v -0.525014 -0.254055 -0.292952
v -0.530874 -0.224332 0.058568
v -0.531159 -0.174210 0.125144
v -0.539128 -0.077426 0.124340
v -0.525796 0.007362 0.169829
v -0.516765 0.134323 0.230234
v -0.498899 0.395319 -0.574000
v -0.518415 0.441917 0.325131
v -0.508973 0.743714 -0.216827
v -0.496255 0.668114 0.266686
v -0.514126 0.763337 -0.087630
v -0.527008 0.770339 0.100819
v -0.516277 0.814033 0.124934
v -0.522628 0.828732 0.153536
v -0.521484 0.830741 0.146648
v -0.516612 0.859047 0.191969
v -0.402131 -0.997645 -0.267502
v -0.515651 -0.891706 0.058605
v -0.509919 -0.462695 0.086774
v -0.506334 -0.452382 -0.031547
v -0.518363 -0.333590 -0.151395
v -0.517239 -0.320529 0.091690
v -0.509756 -0.296110 0.060361
v -0.531993 -0.225599 0.085371
v -0.513944 -0.254329 0.053692
v -0.535173 -0.157564 -0.370219
v -0.522576 -0.147657 0.155623
v -0.516930 -0.055994 0.201000
v -0.532143 0.023556 -0.490695
v -0.523032 0.082838 -0.530876
v -0.515391 0.152923 -0.546538
v -0.515835 0.364366 0.330399
v -0.499446 0.619425 0.307831
v -0.515508 0.688429 0.221538
v -0.518199 0.783900 0.107518
v -0.517048 0.800540 0.116378
v -0.504896 0.804724 0.102212
v -0.515620 0.860677 0.190012
v -0.515224 0.860217 0.188990
v -0.496823 -0.907359 -0.382490
v -0.503256 -0.850923 -0.010502
v -0.502083 -0.798033 -0.094554
v -0.502622 -0.476683 0.057746
v -0.510906 -0.438606 0.103097
v -0.511809 -0.345543 0.117064
v -0.515330 -0.313645 0.165648
v -0.523089 -0.306999 0.123521
v -0.519942 -0.276079 0.107156
v -0.511419 -0.248123 0.163934
v -0.511477 -0.269464 0.046360
v -0.510730 -0.197719 0.169481
v -0.498332 0.263380 -0.580970
v -0.488324 0.228378 0.298575
v -0.501917 0.725000 -0.294947
v -0.471616 0.779442 -0.151394
v -0.494064 0.781514 0.115448
v -0.481183 0.796360 -0.001127
v -0.516480 -0.849482 -0.327933
v -0.498009 -0.767552 -0.151747
v -0.494651 -0.754353 -0.184488
v -0.501251 -0.416912 -0.080831
v -0.507453 -0.410576 0.119836
v -0.512184 -0.334520 0.161007
v -0.512784 -0.314861 -0.215336
v -0.501233 -0.245617 0.187725
v -0.508202 -0.174186 -0.400890
v -0.512647 -0.129606 0.200581
v -0.522635 -0.035453 -0.466848
v -0.512265 0.021456 -0.511461
v -0.503438 0.024621 0.221465
v -0.471247 0.252839 0.325623
v -0.490133 0.286241 0.306368
v -0.491494 0.343796 0.321748
v -0.486536 0.441442 -0.577983
v -0.500405 0.378507 0.339368
v -0.494085 0.407746 0.339504
v -0.496839 0.431854 0.341080
v -0.502743 0.446417 0.353268
v -0.504687 0.460124 0.348769
v -0.459877 0.582904 -0.539388
v -0.490735 0.628805 -0.469835
v -0.511808 0.733357 0.141645
v -0.502326 0.796765 0.108835
v -0.517670 0.809668 0.125746
v -0.458287 -0.989816 -0.312250
v -0.494181 -0.978810 0.189011
v -0.484781 -0.957271 0.165397
v -0.488920 -0.939174 0.133593
v -0.488231 -0.896542 0.058045
v -0.497105 -0.757145 -0.223820
v -0.498705 -0.475866 0.085950
v -0.500097 -0.464388 0.112336
v -0.509843 -0.387077 -0.106213
v -0.495066 -0.357463 0.182839
v -0.498204 -0.359673 -0.179160
v -0.501229 -0.314485 0.198476
v -0.519333 -0.287843 -0.255671
v -0.486976 -0.293017 0.215406
v -0.487932 -0.077740 0.269803
v -0.488633 0.085727 -0.553664
v -0.482635 0.084369 0.265904
v -0.477162 0.365245 -0.617007
v -0.458740 0.483126 -0.590448
v -0.470237 0.551361 -0.551275
v -0.485033 0.457488 0.369787
v -0.468270 0.558418 0.353671
v -0.464945 0.652884 -0.471637
v -0.473288 0.736435 -0.302241
v -0.488784 0.707190 0.243346
v -0.500638 0.721275 0.199860
v -0.486190 0.768798 0.146331
v -0.484418 0.819063 0.087068
v -0.478777 -0.796452 -0.105567
v -0.483489 -0.774852 -0.133260
v -0.486016 -0.471315 -0.033150
v -0.498197 -0.259085 -0.335492
v -0.481110 -0.254030 0.260153
v -0.513208 -0.081586 -0.448324
v -0.478095 0.024621 0.271797
v -0.475453 0.271808 -0.610806
v -0.481454 0.335498 0.328431
v -0.465114 0.421500 -0.619867
v -0.477660 0.374354 0.340441
v -0.477949 0.416882 0.351521
v -0.473840 0.506153 0.358165
v -0.467709 0.692327 -0.410553
v -0.486446 0.810017 0.053853
v -0.477895 -0.995738 0.185520
v -0.472260 -0.979776 0.182664
v -0.450472 -0.974822 -0.352303
v -0.464730 -0.923864 -0.402150
v -0.460087 -0.873936 -0.412735
v -0.484836 -0.866151 -0.385374
v -0.489963 -0.489473 0.033466
v -0.477725 -0.467887 0.201600
v -0.486789 -0.352870 0.210754
v -0.500467 -0.118591 0.239627
v -0.473473 -0.116580 0.292543
v -0.485097 0.054809 -0.550626
v -0.474220 0.454501 0.374719
v -0.452458 0.490874 0.378387
v -0.480169 0.616403 0.323000
v -0.469450 0.795086 -0.084921
v -0.457217 0.772864 0.235072
v -0.485188 0.787112 0.115877
v -0.464281 0.813916 0.092021
v -0.476317 0.835582 0.092682
v -0.472607 0.848392 0.098657
v -0.475379 0.856124 0.130074
v -0.464688 -0.940045 0.107057
v -0.475999 -0.895534 0.037170
v -0.480695 -0.849892 -0.038019
v -0.491196 -0.763417 -0.264461
v -0.456170 -0.737251 -0.188217
v -0.466841 -0.724820 -0.248646
v -0.470235 -0.737206 -0.195407
v -0.459495 -0.532526 0.211593
v -0.488572 -0.428868 -0.116344
v -0.460230 -0.340167 0.303581
v -0.466719 -0.251721 -0.390454
v -0.462595 -0.230710 0.313145
v -0.489022 -0.022232 -0.516566
v -0.463117 -0.028763 0.300983
v -0.477140 0.018624 -0.552372
v -0.451826 0.126253 0.323928
v -0.458533 0.315300 -0.632089
v -0.443156 0.378848 -0.644911
v -0.439926 0.433705 -0.637302
v -0.464869 0.389045 0.347687
v -0.450517 0.622801 -0.514151
v -0.441999 0.545385 0.377283
v -0.471236 0.698559 0.276247
v -0.459176 0.821420 0.038470
v -0.468154 0.838195 0.071021
v -0.458116 -0.992911 0.161700
v -0.463576 -0.966200 0.156521
v -0.434021 -0.903974 -0.434025
v -0.467181 -0.895423 -0.002590
v -0.468010 -0.856514 -0.057943
v -0.486517 -0.842726 -0.371257
v -0.468309 -0.825734 -0.087620
v -0.483147 -0.795938 -0.334864
v -0.463772 -0.771210 -0.145310
v -0.448466 -0.723313 -0.348581
v -0.445543 -0.710592 -0.240298
v -0.470705 -0.540626 -0.094013
v -0.468530 -0.530617 -0.005439
v -0.479083 -0.411308 -0.172234
v -0.473676 -0.402532 0.244908
v -0.475704 -0.353212 -0.243023
v -0.464697 -0.133695 -0.483219
v -0.466076 -0.024296 -0.547564
v -0.443708 0.176126 -0.623991
v -0.451554 0.299700 0.354316
v -0.465417 0.439262 0.364053
v -0.457634 0.752590 0.266050
v -0.440413 0.816436 -0.042826
v -0.456412 0.807858 0.126337
v -0.456471 0.813915 0.008517
v -0.464122 0.828934 0.079407
v -0.471447 0.836703 0.090923
v -0.435358 -0.995418 -0.297321
v -0.453836 -0.948353 -0.389121
v -0.459295 -0.922479 0.029058
v -0.459392 -0.896158 -0.009035
v -0.460539 -0.857173 -0.051241
v -0.460773 -0.831298 -0.076684
v -0.459389 -0.811068 -0.108166
v -0.455031 -0.798221 -0.132458
v -0.478906 -0.486737 -0.038596
v -0.463696 -0.556112 -0.125689
v -0.456439 -0.565029 0.016345
v -0.476691 -0.532313 0.071895
v -0.474573 -0.487579 -0.121299
v -0.449158 -0.504450 0.264393
v -0.442760 -0.426650 -0.235506
v -0.451313 -0.418297 0.301688
v -0.460497 -0.294526 -0.351644
v -0.461553 0.155308 -0.603975
v -0.445742 0.399451 0.359536
v -0.447395 0.589557 0.368848
v -0.411654 0.710197 -0.434144
v -0.455946 0.824065 0.075824
v -0.450819 0.925098 0.199866
v -0.452528 -0.964737 0.099395
v -0.453130 -0.950705 0.061531
v -0.452299 -0.918973 0.025721
v -0.421093 -0.848997 -0.453033
v -0.450091 -0.860805 -0.007071
v -0.440040 -0.815317 -0.422482
v -0.446608 -0.800121 -0.066214
v -0.455946 -0.784528 -0.380308
v -0.448682 -0.782667 -0.152273
v -0.446472 -0.743866 -0.183453
v -0.458019 -0.568078 -0.001667
v -0.462732 -0.550839 0.173418
v -0.457668 -0.497717 -0.168915
v -0.448561 -0.211034 0.338885
v -0.454407 0.053335 -0.580549
v -0.430663 0.120840 0.357494
v -0.443125 0.112844 -0.606619
v -0.435796 0.219373 0.366548
v -0.434498 0.347365 0.373634
v -0.440269 0.437724 0.372318
v -0.441252 0.452707 0.371815
v -0.442637 0.467640 0.381475
v -0.443085 0.662131 0.329875
v -0.447733 0.779988 -0.211018
v -0.435720 0.801528 -0.151830
v -0.432004 0.795851 0.280414
v -0.441510 0.805849 0.200344
v -0.433970 0.828531 0.080414
v -0.444220 0.926692 0.196537
v -0.420100 -0.994352 0.160851
v -0.449705 -0.983529 0.150639
v -0.442236 -0.965614 0.087747
v -0.440713 -0.956495 0.075386
v -0.440975 -0.765129 -0.122724
v -0.439505 -0.771674 -0.168554
v -0.446719 -0.710541 -0.327696
v -0.428425 -0.693917 -0.279804
v -0.443966 -0.712744 -0.061288
v -0.450247 -0.656472 -0.032420
v -0.457768 -0.614479 -0.066914
v -0.429487 -0.625760 0.053417
v -0.436682 -0.641768 -0.143032
v -0.465284 -0.558375 0.130377
v -0.432336 -0.302387 0.378982
v -0.439962 -0.146370 -0.502115
v -0.433667 -0.073523 0.346269
v -0.438732 -0.003216 0.352220
v -0.411924 0.188179 0.395821
v -0.425581 0.418806 0.372216
v -0.415888 0.502374 0.387478
v -0.421649 0.512009 0.386052
v -0.403446 0.644408 -0.526334
v -0.431126 0.775121 0.305929
v -0.446355 0.925215 0.196996
v -0.444906 0.926300 0.196828
v -0.444158 0.926621 0.196383
v -0.319296 -0.987569 -0.387156
v -0.423403 -0.981281 0.146264
v -0.415619 -0.943628 0.115191
v -0.432126 -0.881132 0.042425
v -0.424745 -0.839931 0.006695
v -0.429372 -0.819802 -0.015413
v -0.433262 -0.778440 -0.068736
v -0.428365 -0.755975 -0.093495
v -0.430965 -0.757773 -0.188049
v -0.439202 -0.769558 -0.017498
v -0.443048 -0.647648 0.002184
v -0.447031 -0.640306 -0.110999
v -0.424272 -0.660211 0.049190
v -0.433496 -0.589817 0.211430
v -0.437040 -0.550065 -0.189650
v -0.419592 -0.575397 0.271246
v -0.457026 -0.347347 -0.287316
v -0.427239 -0.221377 -0.461436
v -0.438764 -0.173618 0.346565
v -0.438067 -0.100235 -0.532277
v -0.421203 -0.103521 0.352646
v -0.427602 -0.056391 0.380272
v -0.408949 0.084421 0.402245
v -0.399014 0.406917 -0.667034
v -0.422136 0.668279 -0.486181
v -0.432984 0.588230 0.388752
v -0.413983 0.757321 -0.331785
v -0.410765 0.793563 -0.255445
v -0.425854 0.798945 -0.205253
v -0.404843 0.843391 0.188813
v -0.407592 0.928286 0.171914
v -0.419024 0.929677 0.181467
v -0.415806 -0.997857 0.154688
v -0.363236 -0.913169 -0.475348
v -0.417280 -0.856642 0.029726
v -0.432199 -0.791853 -0.041555
v -0.435254 -0.776132 0.015265
v -0.425033 -0.744208 -0.178092
v -0.421924 -0.735237 -0.216109
v -0.427028 -0.712545 -0.234117
v -0.433752 -0.699195 -0.118059
v -0.419805 -0.684580 -0.333150
v -0.431208 -0.617004 0.086968
v -0.412167 -0.495233 0.344540
v -0.430494 -0.448914 0.336927
v -0.426975 -0.339455 0.385359
v -0.419396 -0.086475 0.362928
v -0.424007 0.016974 0.389121
v -0.401655 0.128923 0.405797
v -0.416511 0.471402 0.377894
v -0.393777 0.603527 -0.568453
v -0.424760 0.543594 0.398000
v -0.419197 0.569729 0.412336
v -0.418694 0.822845 -0.079268
v -0.412465 0.834798 0.254777
v -0.390996 0.930209 0.161704
v -0.409144 -0.870552 0.048729
v -0.421370 -0.825868 0.040284
v -0.422669 -0.764454 0.054258
v -0.415927 -0.719305 -0.417059
v -0.416257 -0.737885 -0.210064
v -0.421316 -0.735400 -0.125641
v -0.407753 -0.696852 -0.407249
v -0.402738 -0.434613 0.391886
v -0.446466 -0.234917 -0.431186
v -0.429017 -0.137598 0.348006
v -0.403957 -0.148994 -0.527181
v -0.402454 -0.068443 -0.571799
v -0.417672 0.010314 -0.594828
v -0.392275 0.270810 -0.671497
v -0.386500 0.248174 0.433217
v -0.409565 0.436851 -0.654689
v -0.414969 0.438541 0.378908
v -0.412669 0.651775 0.370408
v -0.404299 0.811074 0.307249
v -0.395545 0.854680 0.112759
v -0.400718 -0.962182 0.155616
v -0.414343 -0.903642 0.082302
v -0.352885 -0.876226 -0.499779
v -0.401275 -0.884448 0.065607
v -0.406097 -0.831128 0.075258
v -0.385341 -0.730905 -0.461860
v -0.409571 -0.728224 -0.236925
v -0.417283 -0.721872 -0.143066
v -0.411984 -0.653483 0.087818
v -0.407252 -0.354733 0.414573
v -0.400148 -0.317902 0.430327
v -0.409410 -0.260696 0.412846
v -0.390267 -0.191599 0.412046
v -0.403722 -0.021222 0.420341
v -0.396419 0.031193 0.442611
v -0.423047 0.078757 -0.618094
v -0.393883 0.340399 0.419874
v -0.354268 0.517290 -0.644426
v -0.405686 0.545513 0.419232
v -0.393835 0.810228 -0.206956
v -0.377448 0.852978 -0.021511
v -0.380119 0.861968 0.046576
v -0.392467 -0.994809 0.211435
v -0.370108 -0.972505 -0.403007
v -0.355770 -0.941176 -0.456432
v -0.394495 -0.895396 0.079367
v -0.400182 -0.690288 0.094700
v -0.403214 -0.722331 -0.250407
v -0.404897 -0.713048 -0.196643
v -0.394426 -0.674613 -0.385475
v -0.408320 -0.697467 -0.271885
v -0.400058 -0.675662 -0.329905
v -0.419390 -0.608006 -0.195718
v -0.404195 -0.606618 0.264663
v -0.416568 -0.432119 -0.275196
v -0.399153 -0.362863 -0.356335
v -0.397410 -0.331072 -0.393851
v -0.389180 -0.115841 0.379828
v -0.385621 -0.063169 0.413583
v -0.396643 0.532009 -0.613871
v -0.403309 0.487326 0.385370
v -0.390447 0.510498 0.415953
v -0.404131 0.576823 0.420760
v -0.365706 0.659571 -0.533925
v -0.403968 0.709820 0.361532
v -0.398277 0.749540 0.348692
v -0.388613 0.856046 0.241210
v -0.398115 0.836004 0.289816
v -0.375005 0.918706 0.138984
v -0.367813 0.925628 0.139844
v -0.384194 -0.986281 0.214259
v -0.385858 -0.943914 0.146875
v -0.379697 -0.910012 0.100133
v -0.386035 -0.703251 -0.447375
v -0.404859 -0.703426 -0.190844
v -0.398071 -0.665964 -0.226056
v -0.392628 -0.673095 0.130837
v -0.405958 -0.642404 0.168037
v -0.402590 -0.573356 -0.239091
v -0.414272 -0.483461 -0.252247
v -0.376369 -0.497686 0.394677
v -0.377141 -0.289547 -0.456435
v -0.370688 -0.232233 0.452804
v -0.373830 -0.091816 0.396069
v -0.388077 0.010088 0.450512
v -0.402896 0.238332 -0.662310
v -0.367732 0.323354 -0.681387
v -0.363462 0.566236 -0.610108
v -0.386586 0.576951 0.439714
v -0.390592 0.631718 0.413653
v -0.363846 0.722138 -0.465717
v -0.386319 0.748933 -0.399210
v -0.379022 0.807691 0.323700
v -0.378929 0.871400 0.099776
v -0.367423 0.866719 0.200829
v -0.367828 0.920312 0.139640
v -0.375560 -0.966180 0.184417
v -0.388457 -0.819838 0.106793
v -0.392018 -0.710675 -0.275679
v -0.389455 -0.692768 -0.242407
v -0.390141 -0.692701 -0.298668
v -0.374310 -0.625509 0.302064
v -0.375373 -0.416077 -0.337564
v -0.379842 -0.269915 0.453215
v -0.363609 -0.233569 -0.513679
v -0.383245 -0.035914 0.428132
v -0.367120 0.132322 0.453507
v -0.381475 0.190477 0.431330
v -0.327773 0.482947 -0.670023
v -0.367874 0.429636 0.424663
v -0.386246 0.538504 0.435418
v -0.375575 0.785553 0.346256
v -0.380021 0.829663 -0.138680
v -0.369389 0.874533 0.068975
v -0.369075 -0.832722 -0.494800
v -0.358963 -0.722135 0.157888
v -0.380369 -0.703025 -0.291652
v -0.372988 -0.695835 -0.317228
v -0.378745 -0.674580 -0.340119
v -0.362624 -0.679293 0.228197
v -0.374207 -0.658270 0.247177
v -0.363537 -0.390159 0.459918
v -0.372781 -0.332316 0.463872
v -0.374443 -0.023432 -0.613824
v -0.367634 0.019408 0.471852
v -0.367525 0.053822 0.480799
v -0.360285 0.102371 0.469847
v -0.319895 0.445151 -0.683394
v -0.376150 0.510702 0.426890
v -0.335635 0.617201 -0.585202
v -0.374317 0.618367 0.434703
v -0.370470 0.692880 0.420133
v -0.349956 0.857471 -0.079703
v -0.345572 0.840029 0.307937
v -0.360978 0.873616 0.133360
v -0.376487 0.855351 0.272339
v -0.368591 0.909501 0.130528
v -0.354453 -0.994232 0.242139
v -0.357341 -0.934523 0.134580
v -0.363650 -0.918522 0.120115
v -0.372316 -0.733373 0.132164
v -0.379210 -0.682066 -0.433046
v -0.373268 -0.674506 -0.289243
v -0.354396 -0.670165 -0.436773
v -0.387111 -0.630920 -0.253884
v -0.378848 -0.591977 0.327548
v -0.345178 -0.446834 0.456827
v -0.367213 -0.454309 -0.326654
v -0.328575 0.132707 0.496409
v -0.365062 0.483331 0.427610
v -0.363339 0.514552 0.447315
v -0.353323 0.533011 0.446759
v -0.323875 0.711819 -0.515442
v -0.371098 0.804855 -0.291991
v -0.324906 0.838875 -0.182762
v -0.351417 0.870315 0.013816
v -0.362275 0.882213 0.116939
v -0.367753 0.894980 0.113760
v -0.352409 0.887608 0.071555
v -0.328780 -0.997282 0.245026
v -0.334151 -0.702564 -0.493307
v -0.328535 -0.681792 -0.487720
v -0.364595 -0.695573 -0.326303
v -0.347083 -0.687456 -0.353350
v -0.365939 -0.666141 -0.394503
v -0.373481 -0.589188 -0.280737
v -0.360985 -0.502020 -0.317443
v -0.329053 -0.316222 -0.478822
v -0.353119 -0.190375 -0.548786
v -0.344665 -0.072364 -0.611363
v -0.355542 0.012363 0.473415
v -0.380521 0.130878 -0.655084
v -0.325478 0.377444 0.477172
v -0.308847 0.390880 -0.694556
v -0.360126 0.560224 0.451693
v -0.359048 0.788645 -0.359934
v -0.365092 0.819015 -0.222718
v -0.357595 0.869512 0.246746
v -0.345828 -0.995558 -0.336750
v -0.346695 -0.985211 0.239659
v -0.320083 -0.950511 0.167165
v -0.364339 -0.690229 -0.314569
v -0.335981 -0.670912 -0.390905
v -0.334806 -0.565527 0.399840
v -0.342448 -0.349743 0.488842
v -0.336743 -0.265256 0.492024
v -0.356546 -0.174789 0.437760
v -0.342388 -0.104629 0.426358
v -0.319397 0.043421 -0.666535
v -0.284371 0.582217 -0.631409
v -0.336554 0.719729 0.441572
v -0.354236 0.759223 0.398148
v -0.346200 0.886404 0.118149
v -0.302663 0.872026 0.283186
v -0.347030 0.903439 0.120135
v -0.337309 0.900248 0.077040
v -0.280782 -0.997940 0.194852
v -0.328036 -0.986047 0.241336
v -0.331281 -0.877845 0.163136
v -0.368610 -0.780484 -0.489387
v -0.334309 -0.787139 0.169030
v -0.347313 -0.616444 0.356201
v -0.341079 -0.504979 0.430306
v -0.337903 -0.396894 0.481690
v -0.334779 -0.301144 0.497700
v -0.339904 -0.077296 0.421226
v -0.329786 -0.053234 0.436413
v -0.321920 0.272951 0.497800
v -0.348326 0.508030 0.456853
v -0.345401 0.579967 0.464456
v -0.326783 0.654163 0.479665
v -0.327359 0.760054 -0.447559
v -0.301532 -0.973322 -0.431824
v -0.306597 -0.923894 -0.496590
v -0.314546 -0.831739 -0.528758
v -0.350842 -0.713992 0.189621
v -0.342395 -0.680529 -0.349599
v -0.337079 -0.677359 0.318501
v -0.331952 -0.666652 -0.458696
v -0.356850 -0.619289 -0.306129
v -0.317120 -0.601877 -0.360707
v -0.319940 -0.002894 0.468991
v -0.326920 0.073188 0.520633
v -0.256848 0.208437 -0.709472
v -0.279259 0.536935 -0.659793
v -0.337173 0.490049 0.446049
v -0.337015 0.542979 0.464422
v -0.319789 0.564545 0.495303
v -0.318283 0.598807 0.488727
v -0.318354 0.751877 0.432344
v -0.307907 0.810291 -0.357254
v -0.329828 -0.933563 0.154184
v -0.330589 -0.750486 -0.505060
v -0.327767 -0.680196 -0.373073
v -0.346352 -0.553961 -0.323847
v -0.321664 -0.469850 -0.365797
v -0.335105 -0.388641 -0.401507
v -0.296411 -0.275187 -0.538377
v -0.321940 -0.230852 0.491636
v -0.298974 -0.228372 -0.567293
v -0.319247 0.045102 0.520583
v -0.315815 0.204240 0.497540
v -0.331585 0.511086 0.448646
v -0.303478 0.720087 -0.519042
v -0.333739 0.786693 0.387689
v -0.307429 0.829789 -0.294321
v -0.311709 0.810233 0.372213
v -0.326039 0.890323 0.104929
v -0.315201 0.896004 0.062231
v -0.282911 0.896409 0.194889
v -0.327714 0.914484 0.101555
v -0.307706 -0.965409 0.185348
v -0.292440 -0.895698 -0.521708
v -0.317342 -0.734708 0.232958
v -0.303652 -0.726990 0.277510
v -0.317211 -0.664047 -0.414681
v -0.315327 -0.431250 -0.386439
v -0.303360 -0.179395 0.477409
v -0.313774 -0.153741 -0.596215
v -0.290792 -0.115465 0.472455
v -0.304707 -0.030255 0.466947
v -0.291472 0.088854 0.545802
v -0.303872 0.147575 0.515738
v -0.321689 0.507536 0.462043
v -0.318697 0.533391 0.484006
v -0.296775 0.667819 -0.568011
v -0.305155 0.780028 -0.426980
v -0.311713 0.868942 -0.079317
v -0.305889 0.885516 0.093690
v -0.326890 0.883941 0.119585
v -0.305340 -0.983835 0.218068
v -0.296367 -0.947326 -0.474730
v -0.294979 -0.855308 -0.534889
v -0.289161 -0.685518 -0.519995
v -0.319367 -0.665726 0.365943
v -0.312708 -0.672619 -0.391158
v -0.262980 -0.641246 -0.485835
v -0.312450 -0.521839 0.446500
v -0.307030 -0.437608 0.486979
v -0.302868 -0.376928 0.507670
v -0.295020 -0.325577 0.519303
v -0.342699 0.000865 -0.641518
v -0.309393 -0.059982 0.435399
v -0.304104 0.015966 0.494721
v -0.292503 0.074685 -0.684935
v -0.262673 0.423941 -0.698450
v -0.249842 0.469395 -0.691553
v -0.324057 0.456282 0.453726
v -0.299184 0.698828 0.479099
v -0.294040 0.749518 -0.484598
v -0.296356 0.891897 0.136796
v -0.292020 -0.994585 0.214245
v -0.284199 -0.657022 -0.502059
v -0.300203 -0.629925 -0.387108
v -0.307440 -0.646106 0.394635
v -0.296158 -0.585665 0.426646
v -0.286756 -0.330639 -0.501215
v -0.291290 -0.083284 0.460200
v -0.284814 0.047970 0.537292
v -0.286158 0.354851 0.513961
v -0.295248 0.453392 0.477935
v -0.233210 0.521108 -0.676829
v -0.300894 0.489991 0.474214
v -0.301982 0.660984 0.493026
v -0.273253 0.798236 0.408446
v -0.279870 0.823937 -0.353053
v -0.302243 0.834580 -0.252892
v -0.305198 0.880556 0.003151
v -0.303997 0.891076 0.082842
v -0.283503 -0.970727 0.195874
v -0.281387 -0.843207 0.208999
v -0.310897 -0.774958 0.204584
v -0.287818 -0.651857 -0.443068
v -0.290593 -0.266113 0.520169
v -0.291074 -0.082596 -0.641034
v -0.278157 0.408932 0.506464
v -0.282630 0.526417 0.498805
v -0.295490 0.572872 0.501427
v -0.282401 0.629948 0.509155
v -0.283448 0.797055 -0.397428
v -0.281486 -0.983497 0.205658
v -0.300382 -0.933761 0.177531
v -0.265425 -0.809117 0.240628
v -0.258007 -0.763830 -0.539911
v -0.288325 -0.662112 -0.414967
v -0.262557 -0.618273 0.446096
v -0.272724 -0.578279 0.446245
v -0.289191 -0.495602 0.470418
v -0.261525 -0.450631 -0.423151
v -0.269260 -0.229905 0.521455
v -0.291393 -0.040836 0.442006
v -0.267023 0.032907 0.521862
v -0.259648 0.211047 0.538505
v -0.211280 0.244182 -0.721865
v -0.258455 0.266617 0.540720
v -0.268906 0.688569 -0.561137
v -0.270121 0.845353 -0.285609
v -0.276702 0.879917 -0.036933
v -0.305528 0.896188 0.074852
v -0.272130 -0.763697 0.272574
v -0.233618 -0.695677 0.449009
v -0.279751 -0.557170 -0.394777
v -0.267291 -0.394626 0.516350
v -0.255089 -0.194980 -0.611616
v -0.255880 -0.124007 0.492819
v -0.282300 -0.018845 0.484973
v -0.264178 0.102362 -0.698825
v -0.258741 0.071912 0.565005
v -0.267240 0.363433 0.524283
v -0.233014 0.641497 -0.606509
v -0.257308 0.731861 -0.521377
v -0.269445 0.768400 -0.461589
v -0.262264 0.853023 -0.184804
v -0.277584 0.867125 -0.114039
v -0.278047 0.888981 0.031714
v -0.281459 0.889492 0.100912
v -0.220802 -0.962718 -0.470897
v -0.248887 -0.808436 -0.550376
v -0.279195 -0.718466 0.361351
v -0.257510 -0.685735 -0.540957
v -0.266929 -0.655719 -0.428733
v -0.258287 -0.614024 -0.423728
v -0.270370 -0.507950 -0.405601
v -0.269550 -0.481593 0.479802
v -0.271275 -0.065310 0.460068
v -0.272826 -0.025295 0.463189
v -0.250732 0.136080 0.555692
v -0.270339 0.490651 0.489842
v -0.219115 0.581915 -0.647023
v -0.247164 0.547906 0.545560
v -0.263317 0.576180 0.535470
v -0.217578 0.796047 -0.407978
v -0.239881 0.770429 0.454526
v -0.264858 0.858933 0.314034
v -0.286612 0.882565 0.268075
v -0.264379 0.890322 0.245365
v -0.242810 0.904755 0.215013
v -0.263681 -0.992830 0.216320
v -0.241436 -0.929206 0.229103
v -0.228437 -0.903450 -0.533906
v -0.230600 -0.872657 0.245876
v -0.240836 -0.854735 -0.550736
v -0.253393 -0.658664 -0.538903
v -0.262006 -0.655853 -0.437361
v -0.267843 -0.415060 -0.437514
v -0.207153 -0.181957 -0.640533
v -0.246006 -0.023354 -0.679136
v -0.252987 -0.003677 0.505311
v -0.227727 0.023629 0.523062
v -0.243425 0.096789 0.571252
v -0.253513 0.457093 0.501096
v -0.260284 0.620506 0.534578
v -0.263371 0.671809 0.504699
v -0.253608 0.840055 0.353563
v -0.256485 -0.963095 0.219290
v -0.252954 -0.550201 0.456984
v -0.243792 -0.321717 0.536246
v -0.234575 -0.316345 -0.548904
v -0.245254 -0.266468 0.537443
v -0.250953 -0.083649 0.480447
v -0.256512 -0.049795 0.474029
v -0.247461 -0.010644 0.492621
v -0.233713 0.070192 -0.704028
v -0.240835 0.486353 0.509086
v -0.248373 0.524746 0.535507
v -0.222675 0.804762 0.430137
v -0.247575 0.871256 -0.134213
v -0.232797 0.860861 0.324023
v -0.238301 0.917423 0.150874
v -0.235929 0.915998 0.185510
v -0.234536 -0.931909 -0.509595
v -0.260077 -0.755599 0.303994
v -0.241307 -0.740067 -0.544878
v -0.238802 -0.728983 0.396049
v -0.217961 -0.664392 -0.565738
v -0.236288 -0.678828 0.458618
v -0.231722 -0.647745 -0.452338
v -0.242128 -0.637844 -0.475564
v -0.221841 -0.546823 -0.441667
v -0.241386 -0.430703 0.491063
v -0.249320 -0.382737 0.518791
v -0.219746 -0.097468 0.492243
v -0.243403 -0.020222 0.480438
v -0.206591 0.052674 0.577673
v -0.245440 0.406778 0.523252
v -0.246728 0.658650 0.528442
v -0.208921 0.817535 -0.372889
v -0.255973 0.831792 -0.334225
v -0.232931 0.854833 -0.268346
v -0.231979 0.858129 -0.199606
v -0.223492 0.889627 0.022102
v -0.366442 -0.997847 -0.075138
v -0.190162 -0.995725 -0.381163
v -0.228731 -0.824396 0.272427
v -0.220988 -0.776856 0.325042
v -0.232748 -0.656016 0.471176
v -0.230075 -0.636272 -0.544287
v -0.225632 -0.646764 -0.461844
v -0.237495 -0.596115 0.467426
v -0.243656 -0.482661 0.470894
v -0.227978 -0.042737 0.488211
v -0.211662 0.038534 0.560666
v -0.203279 0.692348 -0.571064
v -0.210840 0.731873 0.487150
v -0.215202 -0.994361 0.255465
v -0.217811 -0.753070 0.366567
v -0.217698 -0.623559 -0.535700
v -0.235754 -0.522397 0.463427
v -0.213843 -0.413781 -0.476581
v -0.221236 -0.321614 0.535111
v -0.223836 0.010027 0.514571
v -0.190273 0.168424 -0.724690
v -0.220258 0.264888 0.557878
v -0.235490 0.586413 0.555164
v -0.198881 0.852106 -0.265358
v -0.222001 0.882256 0.259049
v -0.205438 -0.984415 0.268086
v -0.204554 -0.718878 -0.559491
v -0.198675 -0.614592 -0.518006
v -0.220200 -0.481473 0.480197
v -0.219292 -0.447001 0.494653
v -0.221895 -0.378363 0.507047
v -0.212553 -0.357930 -0.528082
v -0.212508 -0.270651 0.544463
v -0.200160 -0.199758 0.537913
v -0.216217 -0.252322 -0.600587
v -0.214849 -0.155592 0.511282
v -0.232943 -0.073568 0.480844
v -0.200578 -0.011530 0.492000
v -0.197475 0.208484 0.568236
v -0.189086 0.341056 -0.719536
v -0.209559 0.367186 0.547037
v -0.171836 0.396727 -0.713954
v -0.216388 0.448483 0.517746
v -0.219583 0.506500 0.533578
v -0.228788 0.631393 0.558063
v -0.213818 0.677596 0.552669
v -0.194009 0.722168 -0.541768
v -0.148161 0.751507 -0.506880
v -0.198433 0.769586 -0.463021
v -0.229268 0.886736 -0.067706
v -0.114009 -0.961220 -0.500343
v -0.190555 -0.819352 -0.563949
v -0.190854 -0.767543 -0.558382
v -0.185795 -0.636757 -0.579403
v -0.209783 -0.611218 0.489753
v -0.167152 -0.572948 -0.484039
v -0.199603 -0.535754 0.489218
v -0.191773 0.085644 0.589721
v -0.126276 0.472487 -0.700220
v -0.190746 0.844711 -0.309390
v -0.122050 -0.984214 -0.446111
v -0.166718 -0.889731 0.293849
v -0.162471 -0.872879 -0.561709
v -0.168780 -0.848339 0.312004
v -0.203127 -0.687211 0.482458
v -0.187220 -0.644546 0.511753
v -0.204185 -0.635861 -0.472209
v -0.198914 -0.463264 0.486846
v -0.192468 -0.442877 -0.471103
v -0.191941 -0.425895 0.511095
v -0.185719 -0.311832 -0.577708
v -0.187962 -0.217552 0.543287
v -0.149959 -0.080550 -0.695310
v -0.193005 -0.039634 0.490812
v -0.185376 0.065198 0.588406
v -0.173739 0.123575 0.588449
v -0.198062 0.462958 0.522733
v -0.207632 0.545974 0.557618
v -0.173818 0.737893 0.501242
v -0.203120 0.870568 -0.143104
v -0.192292 0.880292 -0.115971
v -0.201909 0.905002 0.076070
v -0.192837 0.902252 0.211798
v -0.206841 0.912035 0.188968
v -0.173025 -0.996592 0.280372
v -0.177983 -0.959377 0.276669
v -0.163267 -0.923528 0.287307
v -0.136102 -0.829333 0.351669
v -0.182405 -0.721363 0.471403
v -0.170741 -0.659241 -0.589560
v -0.185653 -0.623271 -0.569639
v -0.155182 -0.568693 0.518091
v -0.184868 -0.513316 -0.465825
v -0.212291 -0.487964 -0.450180
v -0.203147 -0.343376 0.515800
v -0.181731 -0.116374 0.509753
v -0.183622 -0.065641 0.480849
v -0.169340 0.023230 0.529054
v -0.144838 0.077716 -0.725972
v -0.190743 0.475867 0.530353
v -0.114924 0.537642 -0.677542
v -0.104648 0.583584 -0.655329
v -0.193302 0.635065 0.577712
v -0.225566 0.687971 0.519933
v -0.205979 0.833444 0.403063
v -0.193162 0.854005 -0.192881
v -0.187595 0.890445 -0.043296
v -0.188130 -0.627220 -0.486308
v -0.159039 -0.481734 0.516979
v -0.191665 -0.380263 0.517263
v -0.167235 -0.342824 -0.561863
v -0.183483 -0.309226 0.522397
v -0.173058 -0.181453 0.544030
v -0.168042 -0.074564 0.488689
v -0.145563 0.009615 0.508949
v -0.161482 0.304212 0.567343
v -0.132814 0.425894 -0.712458
v -0.174410 0.639073 -0.616040
v -0.188458 0.595204 0.569316
v -0.182064 0.666182 0.572738
v -0.173446 0.698949 0.568035
v -0.168195 0.783370 0.457614
v -0.172689 0.863656 0.347873
v -0.182659 0.878109 0.302469
v -0.129630 -0.784169 0.400328
v -0.164160 -0.723133 -0.570357
v -0.159836 -0.641395 -0.593873
v -0.156604 -0.607336 -0.568926
v -0.169983 -0.241345 0.537250
v -0.156108 -0.010245 0.502898
v -0.167963 0.250641 0.577056
v -0.181692 0.519592 0.570847
v -0.183523 0.553674 0.579746
v -0.145719 0.767632 0.482827
v -0.145775 0.809058 0.435040
v -0.095378 -0.938775 -0.533280
v -0.092782 -0.915298 -0.554656
v -0.169436 -0.739118 0.456911
v -0.161861 -0.684482 0.528089
v -0.174603 -0.608133 -0.539797
v -0.177762 -0.131979 -0.670820
v -0.140351 0.032346 0.579570
v -0.197282 0.367006 0.551351
v -0.151654 0.432741 0.537854
v -0.161501 0.597714 0.594272
v -0.163222 0.858746 -0.218183
v -0.188428 0.844822 0.385289
v -0.177265 0.894751 0.019823
v -0.193777 0.919609 0.123612
v -0.170935 0.914852 0.126055
v -0.130975 -0.997813 0.303370
v -0.143090 -0.983043 0.306799
v -0.131631 -0.797200 0.381917
v -0.166279 -0.616598 -0.506558
v -0.164005 -0.452744 0.499752
v -0.143775 -0.413532 -0.509872
v -0.140258 -0.329315 0.538487
v -0.160656 -0.021391 0.479655
v -0.121467 -0.014420 -0.716071
v -0.328357 0.345169 -0.693011
v -0.162205 0.636034 0.576230
v -0.120687 0.804278 -0.441010
v -0.159472 0.845977 -0.330059
v -0.135257 0.835392 0.402471
v -0.146570 0.869996 -0.175224
v -0.161615 0.895153 -0.038934
v -0.157041 0.897610 0.032924
v -0.177693 0.895192 0.238658
v -0.085937 -0.833012 -0.581092
v -0.150519 -0.426744 0.532206
v -0.147914 -0.400163 0.541634
v -0.136893 -0.239019 -0.632630
v -0.146600 -0.109653 0.519793
v -0.133147 -0.071387 0.487542
v -0.150372 0.572147 0.601049
v -0.157026 0.690844 0.577141
v -0.152278 0.724532 0.543769
v -0.155907 0.819686 -0.387099
v -0.110036 0.856712 0.372805
v -0.147220 0.892730 0.180326
v -0.124652 -0.948154 0.314884
v -0.132723 -0.719553 0.524716
v -0.119648 -0.609621 -0.599307
v -0.163144 -0.246977 0.542935
v -0.155458 -0.207404 0.543546
v -0.132100 -0.144663 0.546302
v -0.146163 -0.045142 0.471135
v -0.121232 0.082587 0.599170
v -0.118059 0.456552 0.550806
v -0.142594 0.539352 0.598871
v -0.121609 0.712509 -0.555018
v -0.106032 0.784850 -0.475254
v -0.132647 0.885385 -0.105705
v -0.152640 0.885950 0.320119
v -0.152767 0.896975 0.155250
v -0.102511 -0.853324 -0.578192
v -0.131119 -0.690148 -0.591704
v -0.127682 -0.679740 0.554980
v -0.151068 -0.641855 0.537746
v -0.153031 -0.615331 -0.512736
v -0.130410 -0.600054 -0.556999
v -0.120840 -0.566318 -0.508827
v -0.140816 -0.540986 -0.493275
v -0.143995 -0.301385 0.534249
v -0.147601 -0.284686 0.540564
v -0.159764 -0.250642 0.572245
v -0.150363 -0.260363 0.584367
v -0.149000 -0.240431 0.593585
v -0.148876 -0.226070 0.586084
v -0.144759 -0.196707 0.547965
v -0.121865 -0.164538 -0.669039
v -0.126785 0.054410 0.593875
v -0.025577 0.172327 -0.757905
v -0.122336 0.199948 0.586652
v -0.100593 0.357382 0.567237
v -0.117878 0.686183 0.576603
v -0.137098 0.854261 -0.279805
v -0.144219 0.893709 0.229019
v -0.141649 0.888567 0.263778
v -0.153545 0.910052 0.081991
v -0.097054 -0.780984 -0.572923
v -0.105438 -0.756521 0.475403
v -0.120655 -0.612830 -0.532972
v -0.137245 -0.614183 -0.520337
v -0.136108 -0.452077 -0.496492
v -0.103193 -0.315657 -0.595908
v -0.126581 -0.119198 0.539358
v -0.130991 0.162706 0.592565
v -0.066710 0.120610 -0.744105
v -0.010928 0.222469 -0.762915
v -0.123361 0.245275 0.585509
v -0.127688 0.638091 0.594416
v -0.124922 0.713104 0.566005
v -0.126303 0.875715 0.351006
v -0.138473 0.891839 0.337336
v -0.140138 0.914984 0.377137
v -0.079249 -0.881575 0.360551
v -0.118609 -0.733796 0.515090
v -0.109021 -0.535753 0.544267
v -0.122938 -0.506447 -0.497909
v -0.119705 -0.452385 0.536774
v -0.103359 -0.442306 0.550677
v -0.095218 -0.443817 -0.512384
v -0.112565 -0.295679 0.548762
v -0.127304 -0.270273 0.585064
v -0.116118 -0.252304 0.625658
v -0.125385 -0.074088 0.493954
v -0.116226 0.017459 0.552933
v 0.033869 0.256779 -0.769697
v -0.083219 0.423094 0.551799
v -0.131272 0.582029 0.601992
v -0.091317 0.867241 -0.190993
v -0.114606 0.895971 -0.061783
v -0.114114 0.895329 0.253100
v -0.128401 0.889997 0.345562
v -0.117929 0.898988 0.077837
v -0.134436 0.899546 0.348135
v -0.131536 0.900733 0.351047
v -0.069599 -0.920865 0.355713
v -0.072670 -0.888637 -0.573858
v -0.119295 -0.704613 0.546980
v -0.106958 -0.610386 -0.528445
v -0.107199 -0.472390 0.555600
v -0.112820 -0.360687 0.559033
v -0.098240 -0.401250 -0.531148
v -0.115061 -0.284568 0.553305
v -0.113494 -0.269399 0.611165
v -0.111780 -0.183852 0.583867
v -0.118344 -0.088131 0.525443
v -0.117321 -0.036258 0.485808
v -0.134198 0.510895 0.586863
v -0.107507 0.512018 0.593188
v -0.077299 0.654911 -0.608778
v -0.093840 0.872877 -0.155038
v -0.105991 0.894630 0.042655
v -0.111219 0.887514 0.139367
v -0.119418 0.898932 0.305459
v -0.126936 0.898287 0.336347
v -0.063443 -0.997311 -0.388518
v -0.088978 -0.994667 0.337528
v -0.098183 -0.743598 -0.579599
v -0.075401 -0.671287 -0.615170
v -0.101642 -0.651901 0.568726
v -0.065547 -0.651514 -0.624226
v -0.102164 -0.595038 -0.567320
v -0.089558 -0.196000 0.621607
v -0.109901 -0.160270 0.568000
v -0.112657 -0.014544 0.498450
v -0.091239 0.009333 0.552903
v -0.090144 0.763720 0.518670
v -0.111213 0.764291 0.510744
v -0.110402 0.894908 0.207397
v -0.103793 0.897838 -0.012374
v -0.075581 -0.982169 0.353696
v -0.083968 -0.782959 0.433500
v -0.066648 -0.586133 0.570508
v -0.070942 -0.594455 -0.609516
v -0.078826 -0.485224 0.577271
v -0.089271 -0.414188 0.585244
v -0.088809 -0.232464 0.646910
v -0.106543 -0.049160 0.490679
v -0.043396 0.409530 0.555064
v -0.100842 0.543659 0.612303
v -0.092973 0.615779 0.614159
v -0.102727 0.634581 0.599591
v -0.091077 0.814927 -0.407184
v -0.079712 0.833589 0.402077
v -0.119019 0.793862 0.458096
v -0.114498 0.843923 -0.331347
v -0.114060 0.890370 0.333031
v -0.077186 -0.617357 -0.619626
v -0.081547 -0.588579 -0.586876
v -0.067779 -0.482210 -0.514399
v -0.066289 -0.426931 -0.522665
v -0.076084 -0.395094 0.594985
v -0.086586 -0.258390 0.565923
v -0.085500 -0.253400 0.577665
v -0.086730 -0.076257 0.561017
v -0.080971 -0.095721 -0.698553
v -0.100321 -0.021871 0.502882
v -0.079041 0.026786 0.574662
v -0.088762 0.594737 0.619815
v -0.089922 0.879448 0.333798
v -0.033547 -0.959687 -0.513919
v -0.058845 -0.764119 0.476620
v -0.083291 -0.719632 -0.590475
v -0.082424 -0.715872 0.551953
v -0.067746 -0.604297 -0.545958
v -0.083698 -0.275010 0.558275
v -0.084948 -0.273888 0.613227
v -0.081486 -0.265936 0.641908
v -0.093121 -0.048017 0.531791
v -0.069088 0.051116 0.587243
v -0.098384 0.143977 0.596423
v -0.075821 0.303125 0.574323
v 0.026011 0.385255 -0.745358
v -0.093236 0.489274 0.587252
v -0.065981 0.662932 0.598237
v -0.078115 0.735446 -0.534232
v -0.060753 0.887093 -0.053031
v -0.083770 0.894006 0.226341
v -0.087188 0.889645 0.302089
v -0.032664 -0.977169 -0.480018
v -0.053093 -0.560317 -0.524877
v -0.055940 -0.352993 0.591650
v -0.038374 -0.335869 0.599529
v -0.056129 -0.252383 0.670653
v -0.058385 -0.157081 0.631000
v -0.060574 0.191181 0.588894
v -0.066670 0.235988 0.587108
v 0.010955 0.449775 -0.724687
v -0.080950 0.467269 0.572964
v -0.079669 0.527580 0.622100
v -0.077967 0.563911 0.634668
v 0.034621 0.699207 -0.578066
v -0.054499 0.746831 0.534491
v -0.051227 0.886089 0.100360
v -0.071456 -0.818763 0.404026
v -0.042467 -0.682902 0.587791
v -0.048068 -0.595650 -0.539018
v -0.057074 -0.543047 0.574163
v -0.057165 -0.443940 0.573940
v -0.058163 -0.423187 0.594488
v -0.069307 -0.299266 0.576174
v -0.076667 -0.016584 0.550793
v -0.014634 0.518142 -0.696045
v -0.073375 0.478694 0.594640
v -0.063122 0.705309 0.576951
v -0.056749 0.791035 -0.459411
v -0.064153 0.784819 0.489256
v -0.069225 0.800335 0.467002
v -0.087020 0.846710 -0.313718
v -0.041740 0.863770 -0.256114
v -0.044195 0.888569 -0.005613
v -0.061302 -0.956028 0.358416
v -0.033214 -0.926571 -0.553557
v -0.056713 -0.734955 0.538974
v -0.047965 -0.465832 -0.516406
v -0.051785 -0.476918 0.590730
v -0.063639 -0.265173 0.574734
v -0.026396 -0.237176 -0.645740
v -0.053345 -0.079623 0.601322
v -0.084593 -0.043186 -0.714159
v -0.016444 0.068861 -0.741733
v -0.038029 0.091356 0.593697
v 0.015121 0.325001 -0.757428
v -0.057359 0.456191 0.572494
v -0.063476 0.592653 0.636876
v -0.057426 0.628813 0.617108
v -0.041285 0.821249 -0.389925
v -0.035861 -0.996688 0.372301
v -0.049553 -0.872916 0.380907
v -0.046599 -0.817599 0.416891
v -0.029113 -0.628564 -0.630795
v -0.046623 -0.588243 -0.601569
v -0.046186 -0.408444 0.606367
v -0.049633 -0.271107 0.666521
v -0.037767 -0.200318 0.663550
v -0.000381 -0.196759 -0.665581
v -0.057825 -0.019202 0.575169
v -0.055259 0.010129 0.578048
v -0.062509 0.501108 0.604355
v -0.060438 0.537023 0.619810
v -0.048059 0.769238 -0.493460
v -0.041069 0.893752 0.287102
v -0.042656 -0.655057 0.589588
v -0.042667 -0.393523 -0.538303
v -0.009145 -0.331134 -0.588112
v -0.050129 -0.308071 0.596146
v -0.058085 -0.284702 0.591081
v 0.029228 0.353674 0.570491
v -0.055805 0.439442 0.560748
v -0.046761 0.561815 0.628308
v -0.037909 0.869832 0.339104
v -0.028302 0.897308 0.226485
v -0.023726 -0.984453 0.381354
v -0.039736 -0.908420 0.372683
v 0.000441 -0.847552 -0.586415
v 0.003327 -0.782796 -0.576762
v -0.011332 -0.729417 -0.588316
v -0.017789 -0.685988 -0.613789
v -0.024501 -0.607671 -0.626396
v -0.028883 -0.537582 0.582779
v -0.017252 -0.399252 0.613230
v 0.004226 -0.265262 -0.630682
v -0.058891 -0.285780 0.610387
v -0.030257 -0.304886 0.629783
v -0.041884 0.610129 0.635831
v -0.016890 0.693397 0.579738
v -0.021244 0.852208 -0.309523
v -0.029273 -0.953499 0.371882
v -0.002728 -0.885956 -0.578842
v -0.032357 -0.781886 0.455337
v -0.025542 -0.701830 0.582460
v -0.036110 -0.004065 0.585565
v 0.044404 0.200066 0.588157
v -0.006194 0.250166 0.584856
v 0.012506 0.403916 0.556448
v -0.034242 0.444099 0.563403
v -0.034233 0.535747 0.623351
v 0.041166 0.587819 -0.663831
v -0.029237 0.591809 0.628782
v -0.028393 0.721878 0.565364
v -0.010219 0.842501 0.390898
v 0.002399 0.875086 -0.198776
v -0.007866 -0.992823 -0.431622
v -0.018148 -0.867027 0.392477
v -0.017082 -0.822255 0.419780
v 0.036543 -0.740273 0.533396
v -0.033246 -0.721999 0.564902
v -0.020862 -0.592691 0.584060
v -0.011812 -0.585281 -0.573067
v -0.004225 -0.566456 -0.529192
v -0.005481 -0.479239 0.598297
v -0.013153 -0.452626 0.584522
v 0.021604 -0.461299 -0.518382
v -0.027201 -0.323498 0.610865
v -0.008382 -0.266909 0.678946
v -0.032190 -0.064361 0.606970
v 0.016593 0.141826 0.592933
v -0.030067 0.561458 0.634353
v -0.012840 0.661046 0.601615
v 0.014479 0.802844 -0.429841
v -0.037304 -0.997970 0.091851
v -0.009657 -0.658262 0.593341
v -0.009184 -0.512855 -0.525936
v -0.005127 -0.539490 0.583462
v 0.048157 -0.430531 -0.520608
v -0.016527 -0.438717 0.585903
v -0.014549 -0.356163 0.603615
v -0.019107 -0.279534 0.671664
v -0.008460 -0.229553 0.677701
v 0.046959 0.126992 -0.762448
v 0.071422 0.189335 -0.774517
v 0.001041 0.461410 0.577682
v -0.014677 0.485127 0.593454
v 0.001497 0.630390 0.633098
v 0.050700 0.651847 -0.620369
v -0.004106 0.738078 0.541527
v -0.027245 0.789212 0.473501
v -0.018600 0.882947 -0.140669
v 0.029751 0.895876 -0.068736
v -0.005386 -0.900146 0.379297
v -0.004418 -0.776106 0.464011
v 0.049309 -0.759701 -0.577882
v 0.025116 -0.594717 -0.544357
v 0.009754 -0.413545 0.607746
v 0.061962 -0.386170 -0.541208
v -0.009756 -0.314726 0.623033
v -0.007009 -0.306092 0.636682
v -0.011415 -0.141429 0.643940
v 0.010492 -0.062768 -0.711086
v -0.005518 -0.061982 0.607722
v -0.011259 0.007712 0.584640
v 0.030878 0.040325 0.585771
v 0.002776 0.081256 0.592492
v -0.008752 0.587680 0.633567
v 0.000354 0.607367 0.628935
v 0.022115 0.758149 -0.509243
v 0.009637 0.766385 0.491334
v 0.005168 0.782625 -0.470365
v -0.012232 0.814646 0.431864
v 0.003033 0.877719 0.297052
v 0.011317 0.887611 0.123951
v 0.007489 -0.997764 0.368861
v -0.009080 -0.944150 0.372107
v 0.032007 -0.939081 -0.539198
v 0.017379 -0.687663 0.588090
v 0.044095 -0.585482 -0.606193
v 0.024171 -0.591053 -0.537820
v 0.047112 0.027702 -0.734333
v 0.083029 0.286181 -0.769991
v -0.002359 0.415642 0.557280
v -0.009941 0.553063 0.631604
v 0.016884 0.860363 0.345246
v 0.046256 -0.998129 0.327392
v 0.043234 -0.913803 -0.560611
v -0.009291 -0.650749 -0.625896
v 0.044079 -0.577424 -0.587080
v 0.028793 -0.555766 -0.525034
v 0.005477 -0.347634 0.599550
v 0.033299 -0.190937 -0.667229
v 0.038913 0.730762 -0.543932
v 0.026105 0.800521 0.451132
v 0.038637 0.897278 -0.029042
v 0.011427 0.886776 0.242718
v 0.020727 -0.985257 0.368621
v 0.060005 -0.971557 -0.486540
v 0.031560 -0.880950 0.376405
v 0.017058 -0.830102 0.410130
v 0.017139 -0.718136 0.568540
v 0.019561 -0.601115 0.582492
v 0.015489 -0.392052 0.606629
v 0.018878 -0.282022 0.656478
v 0.040589 -0.244076 -0.641327
v 0.014741 -0.185014 0.654129
v 0.044235 0.301348 0.575901
v 0.022328 0.647928 0.625287
v 0.017013 0.887824 0.041819
v 0.014693 0.889542 0.188388
v 0.057093 -0.954330 -0.517348
v 0.026461 -0.917511 0.365693
v 0.019198 -0.756600 0.497409
v 0.037701 -0.580287 -0.569052
v 0.035216 -0.513213 -0.522722
v 0.037962 -0.452496 0.573505
v 0.038660 -0.442809 0.574231
v 0.016857 -0.312729 0.602211
v 0.017891 -0.296251 0.622072
v 0.017881 -0.078745 0.603300
v 0.087825 0.062063 0.596618
v 0.104720 0.161438 -0.772792
v 0.056789 0.492568 -0.710727
v 0.035845 0.621192 0.618731
v 0.053422 0.781334 0.466955
v 0.056298 0.834165 0.377925
v 0.016156 0.862089 -0.264774
v 0.071873 -0.782684 -0.575175
v 0.052845 -0.720210 -0.590520
v 0.036019 -0.660103 0.587298
v 0.055304 -0.631675 -0.620690
v 0.037721 -0.540555 0.573155
v 0.033607 -0.479274 0.590032
v 0.027407 -0.331231 0.589585
v 0.030953 -0.282717 0.603390
v 0.061430 -0.309931 -0.597243
v 0.025459 -0.247524 0.670246
v 0.015500 -0.007111 0.579384
v 0.029658 0.002697 0.571282
v 0.077866 0.077419 -0.749644
v 0.029420 0.447774 0.569517
v 0.060710 0.506932 0.615722
v 0.023090 0.536887 0.631634
v 0.035442 0.566952 0.642283
v 0.037020 0.695190 0.573370
v 0.048124 0.717958 0.545259
v 0.053647 0.756392 0.502040
v 0.023697 -0.954851 0.362891
v 0.072041 -0.881386 -0.574511
v 0.084568 -0.824689 -0.580574
v 0.038067 -0.776679 0.455168
v 0.058797 -0.610098 -0.618359
v 0.058034 -0.394538 0.588857
v 0.030097 -0.292185 0.588735
v 0.038410 -0.266320 0.656610
v 0.112172 0.223933 -0.775548
v 0.067713 0.241398 0.588098
v 0.045799 0.647590 0.621470
v 0.070265 0.862111 0.301195
v 0.071975 -0.994752 0.325931
v 0.040228 -0.827870 0.402443
v 0.056557 -0.723054 0.550662
v 0.079938 -0.685274 -0.599537
v 0.066611 -0.466057 -0.510654
v 0.061595 -0.434185 0.571134
v 0.032863 -0.271929 0.582545
v 0.048118 -0.276930 0.617700
v 0.064763 -0.231542 0.640772
v 0.034185 -0.166686 0.630524
v 0.038389 -0.013317 0.557674
v 0.054721 0.023783 0.571491
v 0.081084 0.175816 0.593490
v 0.086646 0.342970 -0.756989
v 0.138105 0.419298 0.544816
v 0.086433 0.435443 -0.730367
v 0.087976 0.429705 0.549098
v 0.058618 0.606827 0.630373
v 0.054597 0.661295 0.612278
v 0.058015 0.833252 -0.342471
v 0.103415 0.864752 0.255949
v 0.049170 -0.944464 0.348033
v 0.062822 -0.707771 0.560712
v 0.061446 -0.583303 0.563968
v 0.066396 -0.550072 -0.516326
v 0.053973 -0.477729 0.579911
v 0.066156 -0.304136 0.562456
v 0.046108 -0.268503 0.563254
v 0.049490 -0.255502 0.577954
v 0.067035 -0.251795 0.640112
v 0.060516 -0.099671 0.564631
v 0.072891 0.091158 0.600810
v 0.074352 0.560811 0.645353
v 0.065819 0.634148 0.609296
v 0.059242 0.882186 0.071803
v 0.079922 0.882235 0.124596
v 0.232571 -0.997718 -0.314283
v -0.010300 -0.997896 -0.276351
v 0.071545 -0.887002 0.348402
v 0.067245 -0.677270 0.571734
v 0.060742 -0.414317 0.586564
v 0.064191 -0.360008 0.574637
v 0.069646 -0.271434 0.606937
v 0.055869 -0.179395 0.613499
v 0.049222 -0.025484 0.542879
v 0.078589 0.445869 0.563556
v 0.085171 0.550144 0.642162
v 0.128799 0.693538 -0.578546
v 0.062154 0.789223 -0.443601
v 0.058786 0.806716 0.428811
v 0.089615 0.879753 -0.158757
v 0.068217 0.879201 0.200234
v 0.076146 -0.824308 0.382948
v 0.077293 -0.781071 0.426469
v 0.079898 -0.597107 -0.604811
v 0.078931 -0.601225 -0.531206
v 0.081946 -0.600134 -0.523640
v 0.077793 -0.448680 0.548622
v 0.071488 -0.018025 0.505179
v 0.123895 0.159971 -0.770797
v 0.105272 -0.998217 0.289818
v 0.210420 -0.979694 -0.433109
v 0.094664 -0.951773 0.314380
v 0.082782 -0.739718 0.508367
v 0.076749 -0.581860 -0.586032
v 0.100534 -0.551435 -0.503492
v 0.074601 -0.541651 0.553271
v 0.060459 -0.056837 0.538901
v 0.111676 0.011576 -0.725720
v 0.065340 -0.026664 0.507168
v 0.106502 0.261251 0.582332
v 0.117619 0.365182 0.563988
v 0.073489 0.586109 0.636285
v 0.103310 0.698942 0.563328
v 0.103355 -0.850107 -0.575525
v 0.111173 -0.796414 0.378127
v 0.114190 -0.555541 0.527576
v 0.110905 -0.477362 -0.496030
v 0.086970 -0.465429 0.551263
v 0.106291 -0.406961 -0.518292
v 0.109609 -0.354282 0.541371
v 0.104314 -0.317734 -0.582396
v 0.087024 -0.288936 0.557117
v 0.096518 -0.278235 0.571242
v 0.087738 -0.270538 0.584550
v 0.132184 -0.165206 -0.664251
v 0.070379 -0.050821 0.498088
v 0.077518 -0.044684 0.487432
v 0.072385 0.016745 0.553711
v 0.105249 0.051670 0.591223
v 0.125997 0.203975 0.581491
v 0.126806 0.259055 -0.769273
v 0.107445 0.406594 -0.736806
v 0.107809 0.498650 0.611245
v 0.091378 0.574615 0.648262
v 0.098645 0.729770 0.520760
v 0.117543 0.750913 0.502251
v 0.105082 0.765244 0.476617
v 0.114701 0.884652 -0.108103
v 0.098782 0.886709 0.031516
v 0.113422 -0.688747 0.537762
v 0.109398 -0.604702 -0.512583
v 0.095399 -0.265288 0.598753
v 0.083561 -0.137848 0.558154
v 0.088086 -0.091598 0.524945
v 0.094492 -0.069895 0.486623
v 0.103767 0.031181 0.572428
v 0.124735 0.076506 -0.742093
v 0.109577 0.128391 0.593996
v 0.108520 0.474279 0.595283
v 0.103032 0.561604 -0.680279
v 0.112038 0.790429 0.435325
v 0.119039 0.888728 -0.036073
v 0.190521 -0.995999 -0.370475
v 0.229309 -0.956230 -0.479184
v 0.122887 -0.859730 0.322609
v 0.173022 -0.762755 -0.560622
v 0.125698 -0.481797 0.524568
v 0.123633 -0.424959 0.539191
v 0.079614 -0.168338 0.574467
v 0.108554 -0.188487 0.553252
v 0.128962 -0.108976 -0.685547
v 0.104109 -0.042440 0.475679
v 0.099197 -0.023996 0.494680
v 0.144252 0.086911 0.593800
v 0.150369 0.191788 -0.766837
v 0.127996 0.241612 0.580827
v 0.121652 0.323293 -0.756903
v 0.136535 0.307915 0.567907
v 0.096617 0.631218 0.602758
v 0.119411 0.659303 0.592620
v 0.134541 0.806508 -0.389946
v 0.088217 -0.984080 0.320291
v 0.125868 -0.883164 -0.562155
v 0.151503 -0.722361 0.476446
v 0.109224 -0.657658 0.547529
v 0.077752 -0.638535 0.567280
v 0.114655 -0.608248 -0.517640
v 0.132034 -0.596679 -0.574521
v 0.134560 -0.594903 -0.534933
v 0.111782 -0.435956 -0.503855
v 0.116822 -0.406436 0.550542
v 0.118034 -0.286562 0.540293
v 0.147494 -0.226283 -0.629268
v 0.109561 -0.226380 0.592638
v 0.110951 -0.152678 0.545208
v 0.119526 0.452161 0.557081
v 0.120465 0.535476 0.618686
v 0.119986 0.591994 0.646008
v 0.117345 0.603388 0.627083
v 0.125701 0.723235 -0.539325
v 0.107876 0.771467 -0.467882
v 0.090257 0.845174 0.336127
v 0.180487 -0.930257 -0.522058
v 0.164261 -0.796009 -0.561957
v 0.147077 -0.626398 -0.587954
v 0.132143 -0.290636 0.525512
v 0.117174 0.007666 0.515067
v 0.163122 0.036408 -0.724429
v 0.145619 0.470863 0.590073
v 0.124015 0.577631 0.645113
v 0.135197 0.719929 0.527165
v 0.173979 -0.997899 0.240520
v 0.152294 -0.994064 0.271001
v 0.161957 -0.896227 0.275188
v 0.158087 -0.742363 0.428000
v 0.159270 -0.717454 -0.572503
v 0.132891 -0.707091 0.509526
v 0.147149 -0.651032 -0.589806
v 0.121509 -0.450391 0.509644
v 0.139402 -0.389077 -0.518068
v 0.148078 -0.325653 -0.564140
v 0.126529 -0.113001 0.516555
v 0.118586 -0.082699 0.493126
v 0.129748 -0.054302 0.477182
v 0.126945 -0.024175 0.483398
v 0.180708 0.112435 -0.737463
v 0.143894 0.554820 0.617858
v 0.165832 0.652929 -0.621263
v 0.136183 0.631673 0.583396
v 0.148421 0.856294 -0.216495
v 0.145926 0.872042 0.182733
v 0.158644 -0.937848 0.271683
v 0.138224 -0.614431 -0.498311
v 0.145748 -0.596288 -0.548545
v 0.147349 -0.375864 0.525801
v 0.121546 -0.261154 0.579970
v 0.121592 -0.241733 0.585728
v 0.141428 -0.006306 0.511026
v 0.180960 0.041927 0.559765
v 0.153122 0.297099 -0.754318
v 0.145443 0.436722 0.543679
v 0.160430 0.620560 -0.646956
v 0.162652 0.748774 -0.489480
v 0.092195 0.849448 -0.281903
v 0.157916 0.855107 0.243434
v 0.151235 0.880491 0.071464
v 0.157056 -0.776739 0.360610
v 0.164513 -0.616618 -0.571845
v 0.155816 -0.573580 -0.478585
v 0.169187 -0.498320 -0.464774
v 0.148387 -0.454363 0.489620
v 0.139714 -0.239830 0.540168
v 0.131943 -0.240957 0.546467
v 0.122271 -0.203206 0.546900
v 0.153341 0.175827 0.578444
v 0.157009 0.499557 0.619906
v 0.145847 0.683217 0.559702
v 0.155697 0.762379 0.465180
v 0.143671 0.786336 0.425038
v 0.182765 -0.903952 -0.542254
v 0.196256 -0.580379 0.472422
v 0.183179 -0.450583 -0.464211
v 0.188933 -0.421821 -0.470804
v 0.177015 -0.398657 -0.491668
v 0.156205 -0.212586 0.546514
v 0.161394 -0.042941 0.495488
v 0.150004 -0.014725 0.493442
v 0.189929 0.030693 0.536834
v 0.150627 0.539113 -0.687903
v 0.166547 0.517076 0.626787
v 0.178223 0.592054 0.626509
v 0.159986 0.641831 0.578537
v 0.148059 0.744098 0.500679
v 0.160150 0.796077 -0.403327
v 0.147312 0.822231 0.343198
v 0.263750 -0.991916 -0.370190
v 0.162456 -0.859999 -0.563184
v 0.166192 -0.798654 0.324116
v 0.179833 -0.670193 0.483257
v 0.169577 -0.631941 0.496744
v 0.141239 -0.616493 -0.503851
v 0.154179 -0.340346 0.516180
v 0.192123 -0.151983 0.511485
v 0.187216 -0.121053 0.505551
v 0.166881 -0.072443 0.487392
v 0.162702 0.128875 0.580948
v 0.163995 0.479668 -0.705880
v 0.175572 0.603917 0.619864
v 0.261717 -0.997946 0.195409
v 0.178348 -0.730249 0.437516
v 0.178441 -0.617483 -0.501830
v 0.169301 -0.558516 0.487588
v 0.204208 -0.511721 0.466153
v 0.159437 -0.424680 0.519766
v 0.193277 -0.342398 -0.532815
v 0.164655 -0.315085 0.525048
v 0.165905 -0.186467 0.540017
v 0.186681 -0.168389 -0.646878
v 0.188921 -0.086310 -0.679800
v 0.162974 0.247433 -0.758835
v 0.150144 0.360958 0.558464
v 0.157878 0.832231 0.315092
v 0.191023 0.860008 0.201112
v 0.175017 0.875358 0.079493
v 0.172785 -0.627448 -0.488525
v 0.195521 -0.478811 0.473283
v 0.178827 -0.439703 0.499564
v 0.191173 -0.316178 0.536884
v 0.196764 -0.099163 0.494533
v 0.193887 0.205015 0.557669
v 0.180282 0.562731 0.614080
v 0.184670 0.621002 0.598719
v 0.199647 0.685322 0.538807
v 0.197748 0.724146 0.492160
v 0.163056 0.819248 -0.338733
v 0.198092 -0.815353 0.278174
v 0.162227 -0.621705 -0.484430
v 0.213431 -0.628764 -0.527496
v 0.180313 -0.464572 0.481325
v 0.186907 -0.399218 0.503573
v 0.188508 -0.276403 0.545719
v 0.184728 -0.011222 0.496142
v 0.197784 0.019060 0.524575
v 0.216247 0.183450 -0.735060
v 0.214087 0.455530 0.551471
v 0.205584 0.647092 0.557470
v 0.217574 0.718875 -0.529010
v 0.191956 0.840441 -0.234039
v 0.184441 0.868665 -0.124327
v 0.199485 0.869814 -0.058119
v 0.190780 -0.980811 0.250776
v 0.200724 -0.857152 -0.552130
v 0.205000 -0.745406 0.360294
v 0.218593 -0.688256 0.443395
v 0.180351 -0.631183 -0.474117
v 0.208701 -0.083591 0.489878
v 0.227967 -0.001844 0.513419
v 0.223980 0.064142 0.564171
v 0.184573 0.593341 -0.661983
v 0.196813 0.691736 -0.578222
v 0.202385 0.703085 0.514635
v 0.219537 0.769699 0.400656
v 0.196663 0.815932 0.332381
v 0.187342 0.851145 0.275180
v 0.186420 0.870543 0.029788
v 0.199670 -0.869109 0.250400
v 0.203094 -0.621157 -0.501957
v 0.226728 -0.584636 -0.432283
v 0.209657 -0.432468 0.488674
v 0.225819 -0.383995 -0.475075
v 0.189267 -0.377372 0.505666
v 0.196399 -0.048006 0.494242
v 0.237064 0.230278 -0.726633
v 0.223983 0.295691 0.543412
v 0.201591 0.476280 -0.697867
v 0.228809 0.402763 0.522755
v 0.193213 0.483341 0.595005
v 0.200038 0.511329 0.610591
v 0.202157 0.536625 0.619104
v 0.223685 0.753700 0.428596
v 0.207755 0.808656 -0.331400
v 0.197495 0.832073 0.314320
v 0.192466 0.859856 0.227387
v 0.219861 -0.994860 0.223925
v 0.275465 -0.875632 -0.528816
v 0.238282 -0.756797 -0.544045
v 0.194244 -0.669418 -0.567976
v 0.241041 -0.670722 -0.540453
v 0.210478 -0.641071 -0.462181
v 0.206290 -0.483033 -0.442433
v 0.225099 -0.245968 -0.586679
v 0.198538 -0.253462 0.544391
v 0.205344 -0.073802 0.484874
v 0.208644 0.287794 -0.733770
v 0.197539 0.570786 0.611402
v 0.221503 0.697620 0.518957
v 0.227955 0.850394 0.263085
v 0.238919 -0.957646 0.211945
v 0.216763 -0.707240 0.425750
v 0.228998 -0.644411 -0.535917
v 0.220533 -0.638954 -0.451712
v 0.235569 -0.614022 0.441329
v 0.212339 -0.530419 -0.436911
v 0.212794 -0.013805 0.489216
v 0.218009 0.101514 -0.721842
v 0.217141 0.086324 0.569780
v 0.211763 0.128994 0.561670
v 0.236722 0.476090 0.577472
v 0.224214 0.774103 -0.399530
v 0.225623 0.807177 0.327474
v 0.211981 0.862109 -0.111812
v 0.219749 0.853935 0.183127
v 0.263694 -0.841506 -0.538504
v 0.222987 -0.662151 0.449060
v 0.215981 -0.575325 0.460081
v 0.214280 -0.350724 0.530904
v 0.236199 -0.123498 0.491459
v 0.245532 -0.083373 -0.659258
v 0.282843 0.067019 -0.694306
v 0.229138 0.433565 0.528399
v 0.259367 0.511366 0.590155
v 0.218177 0.646852 -0.624013
v 0.224850 0.854369 0.045978
v 0.233505 0.851350 0.109877
v 0.251561 -0.790452 0.230576
v 0.224395 -0.637778 -0.462278
v 0.235876 -0.453963 -0.423661
v 0.228783 -0.312290 0.535642
v 0.248001 -0.242094 0.523345
v 0.241965 -0.066417 0.467797
v 0.223804 -0.050112 0.481746
v 0.237215 -0.031243 0.471320
v 0.234190 -0.012380 0.499772
v 0.255893 0.043367 0.542833
v 0.229492 0.196491 0.538956
v 0.252829 0.242891 0.530577
v 0.244922 0.396439 0.516495
v 0.256722 0.437685 0.530352
v 0.215846 0.582214 -0.661707
v 0.225460 0.547539 0.609211
v 0.228620 0.582422 0.591424
v 0.235884 0.617841 0.575594
v 0.238518 0.735308 0.455024
v 0.238659 -0.982439 0.217208
v 0.251992 -0.937351 -0.496556
v 0.245963 -0.838995 0.213381
v 0.215882 -0.769950 0.301520
v 0.250594 -0.634344 -0.464614
v 0.247459 -0.555052 0.449126
v 0.227805 -0.549197 0.458873
v 0.235673 -0.472991 0.479871
v 0.255530 -0.420325 -0.419350
v 0.259797 -0.389016 -0.442734
v 0.238054 -0.391870 0.516528
v 0.247748 -0.185160 -0.608447
v 0.233114 0.660095 0.527994
v 0.245760 0.730943 -0.485659
v 0.225187 0.849828 -0.147394
v 0.246436 0.849550 -0.019448
v 0.241323 -0.912026 0.210383
v 0.279459 -0.741710 -0.526004
v 0.238331 -0.675819 0.427324
v 0.257814 -0.528727 -0.395075
v 0.263581 -0.183025 0.489056
v 0.246062 -0.025325 0.468521
v 0.263169 0.015566 0.507012
v 0.252683 0.137900 0.534991
v 0.249619 0.571503 0.595650
v 0.264126 0.623530 0.541935
v 0.244428 0.677182 0.506601
v 0.256272 0.721227 0.491562
v 0.293151 -0.815739 0.170137
v 0.250048 -0.650374 -0.429541
v 0.270760 -0.264309 -0.558316
v 0.291721 -0.217049 -0.575124
v 0.260304 -0.143517 0.481485
v 0.264214 -0.080559 0.464913
v 0.238131 0.547567 0.601486
v 0.245307 0.672468 -0.587818
v 0.234537 0.755560 -0.435798
v 0.253433 0.776088 0.360498
v 0.266914 0.798412 -0.284721
v 0.270564 0.835897 0.151635
v 0.252404 0.856967 0.210547
v 0.282650 -0.906569 -0.512352
v 0.247986 -0.748585 0.282353
v 0.251877 -0.488932 0.471504
v 0.254357 -0.413023 0.505189
v 0.274793 -0.345939 0.512129
v 0.284495 -0.315665 -0.503582
v 0.273412 -0.097617 0.462177
v 0.310702 0.019976 -0.670273
v 0.269442 0.064267 0.544867
v 0.252889 0.097474 0.550386
v 0.273950 0.319537 0.509237
v 0.256672 0.444773 -0.685090
v 0.252046 0.422331 0.516308
v 0.270922 0.543819 0.588707
v 0.263054 0.602350 0.568933
v 0.266338 0.710491 0.498502
v 0.239042 0.797390 -0.326403
v 0.245527 0.836645 0.265210
v 0.264186 0.842041 -0.075354
v 0.272471 -0.994335 0.204719
v 0.272734 -0.984137 0.202714
v 0.266715 -0.963948 0.188742
v 0.284966 -0.642419 -0.464737
v 0.269035 -0.650702 -0.408266
v 0.262758 -0.569099 0.433095
v 0.273485 -0.600733 -0.387147
v 0.284564 -0.463843 -0.373976
v 0.286097 -0.246629 0.503441
v 0.321051 -0.100274 -0.609651
v 0.272972 -0.119148 0.470025
v 0.261568 -0.046041 0.445578
v 0.261588 -0.022211 0.486826
v 0.280106 0.461889 0.562032
v 0.246992 0.629946 -0.626271
v 0.274093 0.649610 0.511218
v 0.276900 0.745673 0.423444
v 0.269870 0.819701 0.249904
v 0.297404 0.827995 -0.082023
v 0.244870 -0.715573 0.363315
v 0.293801 -0.655405 -0.491197
v 0.290192 -0.429370 0.479824
v 0.275160 -0.280866 0.515500
v 0.266409 -0.038294 0.453377
v 0.275828 0.189310 0.507621
v 0.286759 0.566692 0.579206
v 0.286850 0.684251 -0.540267
v 0.277927 0.680501 0.488202
v 0.284543 0.750872 -0.382592
v 0.279682 0.732291 0.466512
v 0.256702 0.803740 0.299329
v 0.406394 -0.997991 0.139715
v 0.288546 -0.959356 0.174992
v 0.308256 -0.954436 -0.452757
v 0.317354 -0.940419 -0.467573
v 0.303980 -0.830914 -0.524106
v 0.304225 -0.745053 0.188240
v 0.248093 -0.762819 0.261999
v 0.294039 -0.692595 0.297919
v 0.272976 -0.656092 -0.414582
v 0.306044 -0.426152 -0.365134
v 0.299160 -0.178021 0.466531
v 0.282970 -0.059571 0.441777
v 0.285524 -0.034955 0.464502
v 0.279685 0.144294 -0.706665
v 0.261341 0.525524 -0.663350
v 0.286271 0.493267 0.572240
v 0.258270 0.580821 -0.646728
v 0.301495 0.578675 0.572102
v 0.283286 0.707769 0.488037
v 0.287475 0.773632 0.327668
v 0.323554 0.809937 -0.110689
v 0.254592 0.859391 0.232920
v 0.291067 -0.975100 -0.418603
v 0.286732 -0.942274 0.166057
v 0.263784 -0.627599 0.408389
v 0.314165 -0.043332 -0.644368
v 0.285154 -0.006843 0.479268
v 0.294083 0.235832 0.500342
v 0.277923 0.472774 0.570254
v 0.316835 0.592666 0.556628
v 0.299740 0.626283 0.528662
v 0.286491 0.666847 0.488650
v 0.285837 0.810353 0.227954
v 0.289274 0.827834 0.166777
v 0.274734 0.843373 0.195226
v 0.357572 -0.997829 0.197769
v 0.307243 -0.864640 0.155364
v 0.291353 -0.712425 0.250021
v 0.310146 -0.660690 0.312918
v 0.305863 -0.677504 -0.500432
v 0.288204 -0.657355 0.354978
v 0.285566 -0.659571 -0.389138
v 0.305352 -0.651971 -0.408038
v 0.299425 -0.586447 0.381232
v 0.306872 -0.537741 -0.333005
v 0.296606 -0.395286 -0.400541
v 0.319213 0.088273 -0.681517
v 0.305035 0.308250 -0.680714
v 0.286801 0.403199 0.487443
v 0.312291 0.429111 0.484193
v 0.314850 0.734881 0.434069
v 0.334564 0.752739 0.314067
v 0.407125 -0.997838 -0.207834
v 0.321086 -0.997007 0.237977
v 0.300454 -0.994414 0.230876
v 0.304017 -0.985334 0.229251
v 0.311207 -0.916990 0.145450
v 0.290572 -0.664981 -0.392150
v 0.304368 -0.509841 0.429167
v 0.315737 -0.349991 0.484605
v 0.332962 -0.306904 -0.471874
v 0.303411 -0.254796 -0.543561
v 0.310155 -0.025027 0.454041
v 0.300988 0.045649 0.521692
v 0.312027 0.552107 0.553865
v 0.284997 0.604405 -0.620747
v 0.306953 0.652922 0.497644
v 0.308846 0.720332 0.462140
v 0.336679 0.733250 0.406983
v 0.316237 0.789223 -0.205402
v 0.319922 0.818117 0.094785
v 0.314972 0.812813 0.133295
v 0.314634 0.826615 -0.006216
v 0.309786 -0.941597 0.152966
v 0.324834 -0.726618 -0.501665
v 0.299949 -0.770797 0.175793
v 0.312240 -0.666534 -0.356246
v 0.306599 -0.600321 -0.338302
v 0.326595 -0.137820 0.431799
v 0.313023 -0.121463 0.436092
v 0.334932 0.192615 0.456215
v 0.316287 0.454873 0.523019
v 0.312714 0.670856 0.464958
v 0.329268 0.691603 0.443602
v 0.323205 0.783861 0.239399
v 0.353268 -0.993307 -0.296316
v 0.351912 -0.668637 -0.411191
v 0.333800 -0.380724 0.462001
v 0.336200 -0.385283 -0.368813
v 0.333121 -0.189494 -0.563865
v 0.308257 -0.074529 0.428246
v 0.310855 0.011544 0.491127
v 0.306928 0.377903 -0.671539
v 0.335514 0.481218 0.538096
v 0.336059 0.514176 0.542722
v 0.291980 0.651966 -0.580405
v 0.311613 0.770108 -0.281272
v 0.325254 -0.984706 0.230781
v 0.328552 -0.966051 0.187965
v 0.363362 -0.881642 -0.484745
v 0.333597 -0.682995 0.199969
v 0.317136 -0.672522 -0.363147
v 0.324270 -0.506089 -0.313460
v 0.343156 -0.441855 -0.312391
v 0.336685 -0.429881 0.441037
v 0.319803 -0.229574 0.473493
v 0.349230 -0.133002 -0.582856
v 0.331993 -0.060980 0.431223
v 0.318703 0.073198 0.505433
v 0.313155 0.675701 -0.530453
v 0.305723 0.713110 -0.470554
v 0.345398 0.639306 0.485228
v 0.309017 0.748299 -0.346244
v 0.338948 0.812967 -0.051063
v 0.352917 -0.947850 0.147047
v 0.339449 -0.923706 0.117368
v 0.368688 -0.908209 -0.467565
v 0.364262 -0.854183 -0.490739
v 0.350246 -0.781209 0.107558
v 0.332431 -0.755994 0.133550
v 0.341614 -0.665031 -0.359335
v 0.340293 -0.660085 -0.387496
v 0.331756 -0.596651 -0.292223
v 0.324944 -0.289810 0.480790
v 0.364862 -0.235924 -0.506461
v 0.354842 -0.170888 0.414251
v 0.334736 -0.095574 0.410138
v 0.346455 -0.005794 0.459666
v 0.319012 0.147727 0.475700
v 0.332119 0.144041 -0.677432
v 0.376538 0.195154 -0.649875
v 0.339311 0.314407 0.454100
v 0.334996 0.417230 0.445372
v 0.353763 0.447478 0.491282
v 0.312041 0.641195 -0.572076
v 0.354131 -0.900706 0.091608
v 0.349179 -0.718783 -0.478136
v 0.355088 -0.681697 -0.437812
v 0.326110 -0.634673 -0.315250
v 0.347338 -0.637162 0.241171
v 0.329649 -0.605854 0.325993
v 0.348759 -0.214209 0.440871
v 0.344713 -0.111889 0.400648
v 0.351766 -0.062545 -0.606843
v 0.342948 0.029633 0.479611
v 0.303339 0.533100 -0.638159
v 0.356446 0.505179 0.523679
v 0.332646 0.720361 0.436554
v 0.351444 0.784991 -0.145898
v 0.351825 -0.994471 0.216356
v 0.359618 -0.794322 -0.484581
v 0.340588 -0.679306 -0.330494
v 0.334868 -0.677182 -0.324892
v 0.344019 -0.502137 0.390913
v 0.358800 -0.321112 0.446228
v 0.351989 0.030285 -0.648070
v 0.324150 0.107958 0.482488
v 0.355777 0.095906 -0.659378
v 0.336870 0.590882 -0.581086
v 0.328296 0.582073 0.553802
v 0.360426 0.764902 0.199112
v 0.362972 0.784978 0.083119
v 0.346643 0.807680 0.015912
v 0.357960 -0.984791 0.200450
v 0.362649 -0.963685 0.160108
v 0.377135 -0.911987 0.094861
v 0.350305 -0.842323 0.107881
v 0.360469 -0.699910 -0.451977
v 0.350283 -0.687890 -0.302073
v 0.347491 -0.651396 -0.268020
v 0.397375 -0.561331 0.234683
v 0.361395 -0.550440 -0.243599
v 0.364240 -0.398054 -0.317467
v 0.369348 -0.295397 -0.443875
v 0.352360 -0.272817 0.452280
v 0.361193 -0.071230 0.412994
v 0.340248 0.427656 0.448418
v 0.372168 0.440538 0.462511
v 0.338466 0.566644 0.527776
v 0.331063 0.703647 -0.449060
v 0.342881 0.679832 0.427495
v 0.344643 0.721038 0.419025
v 0.394358 -0.975563 -0.341951
v 0.392882 -0.928848 -0.435279
v 0.363897 -0.904184 0.085839
v 0.382135 -0.842995 -0.476482
v 0.356851 -0.690944 -0.288453
v 0.373794 -0.681529 -0.297448
v 0.358055 -0.677241 -0.241902
v 0.385046 -0.678393 -0.326062
v 0.368762 -0.610366 -0.215242
v 0.350467 -0.594716 0.300643
v 0.374345 -0.484983 0.359124
v 0.394248 -0.140410 -0.542346
v 0.351935 0.054406 0.468540
v 0.366035 0.271022 0.429059
v 0.359939 0.425257 0.417412
v 0.372382 0.454248 0.482326
v 0.329052 0.558206 -0.606734
v 0.348819 0.539816 0.523352
v 0.348330 0.605159 0.508460
v 0.346255 0.657866 -0.508831
v 0.349188 0.654534 0.442029
v 0.337617 0.737369 -0.314862
v 0.361048 0.687490 0.392061
v 0.341686 0.751341 -0.263669
v 0.357266 0.732722 0.325877
v 0.391033 0.767635 -0.087626
v 0.385653 0.776999 -0.033784
v 0.396247 -0.950838 -0.405549
v 0.387966 -0.802834 -0.457701
v 0.375239 -0.730150 -0.448233
v 0.342243 -0.709204 0.143014
v 0.365884 -0.697095 -0.271303
v 0.390202 -0.684486 -0.359401
v 0.382164 -0.631186 0.130981
v 0.366808 -0.409492 0.414897
v 0.381827 -0.370056 -0.321112
v 0.383034 -0.026569 -0.594187
v 0.372508 0.004510 0.441609
v 0.365628 0.436378 0.423859
v 0.359870 0.564527 0.495187
v 0.371477 0.598780 0.480749
v 0.373649 0.663892 0.387939
v 0.389330 0.742166 -0.171603
v 0.414052 0.746391 0.039017
v 0.435790 -0.995416 -0.257596
v 0.381345 -0.994015 0.170688
v 0.375466 -0.882925 0.054822
v 0.374496 -0.826934 0.072015
v 0.374792 -0.707525 -0.238581
v 0.369345 -0.699610 -0.203722
v 0.369426 -0.672707 0.102795
v 0.391355 -0.455693 -0.230903
v 0.409596 -0.411123 -0.228881
v 0.381689 -0.208895 0.402948
v 0.389231 -0.202487 -0.504044
v 0.388855 -0.065936 0.392485
v 0.382219 0.139442 -0.642310
v 0.374198 0.149759 0.410652
v 0.371982 0.351653 0.415154
v 0.318529 0.445295 -0.652427
v 0.387491 0.426864 0.397551
v 0.377540 0.489093 0.483100
v 0.372101 0.543765 0.457157
v 0.364512 0.624993 0.472876
v 0.365214 0.683028 -0.412481
v 0.372034 0.701397 0.348144
v 0.391139 0.714361 0.278015
v 0.358570 -0.738934 0.096934
v 0.376325 -0.696637 0.070960
v 0.376995 -0.714665 -0.176257
v 0.381530 -0.713522 -0.152991
v 0.379108 -0.707733 -0.246582
v 0.409349 -0.696237 -0.272824
v 0.385866 -0.507894 0.320866
v 0.365361 -0.113813 0.380606
v 0.408658 -0.084355 -0.553280
v 0.385599 -0.097217 0.363323
v 0.372058 0.093240 0.421839
v 0.412320 0.292117 0.376257
v 0.398768 0.398668 0.382242
v 0.346571 0.470198 -0.624613
v 0.398473 0.443868 0.427587
v 0.385202 0.545856 0.440619
v 0.385691 0.582486 0.459630
v 0.393153 0.687201 -0.300073
v 0.399913 0.752775 0.134079
v 0.398513 -0.991913 0.149994
v 0.383236 -0.945098 0.114825
v 0.383926 -0.867925 0.033115
v 0.391819 -0.842406 0.002700
v 0.387669 -0.737967 -0.134850
v 0.385919 -0.724386 -0.216675
v 0.397194 -0.741161 -0.190354
v 0.410288 -0.721970 -0.206459
v 0.400431 -0.637236 -0.145930
v 0.385084 -0.637138 0.089805
v 0.407491 -0.581275 -0.158747
v 0.390320 -0.402537 0.379719
v 0.425927 -0.275195 -0.388414
v 0.387377 -0.266721 0.404870
v 0.380489 0.019313 0.431233
v 0.399097 0.080940 -0.615014
v 0.376543 0.201562 0.408199
v 0.428052 0.416820 0.360702
v 0.393527 0.483047 0.457722
v 0.348399 0.625114 -0.539904
v 0.398220 -0.894843 0.054319
v 0.423215 -0.875063 -0.438459
v 0.397167 -0.803934 -0.042524
v 0.390840 -0.796955 0.036511
v 0.396263 -0.778221 -0.064036
v 0.393240 -0.740150 -0.101420
v 0.403742 -0.716372 -0.390550
v 0.388586 -0.731233 -0.166255
v 0.408589 -0.692000 -0.090353
v 0.407083 -0.555036 0.209845
v 0.412189 -0.505386 -0.172020
v 0.398301 -0.073964 0.353503
v 0.397318 0.276442 -0.633243
v 0.383703 0.479628 -0.583711
v 0.395248 0.459146 0.453211
v 0.411036 0.567001 0.436367
v 0.412028 0.610633 -0.444708
v 0.390708 0.609805 0.434581
v 0.408963 -0.972373 0.093143
v 0.431576 -0.956600 -0.365769
v 0.400724 -0.787433 -0.003885
v 0.398392 -0.770180 -0.090361
v 0.430584 -0.783309 -0.381277
v 0.404613 -0.759701 -0.033226
v 0.402283 -0.753292 -0.143027
v 0.409163 -0.763980 -0.161030
v 0.406957 -0.673204 0.001219
v 0.404571 -0.612052 0.025551
v 0.415261 -0.575985 0.020109
v 0.405243 -0.509732 0.277960
v 0.424065 -0.366539 -0.248493
v 0.395279 -0.327397 0.393491
v 0.406965 -0.148144 0.352458
v 0.405798 -0.030753 0.372316
v 0.436604 0.025047 -0.559973
v 0.409070 0.149724 -0.625987
v 0.416238 0.437763 0.394035
v 0.417525 0.446369 0.406135
v 0.397110 0.498254 0.435573
v 0.409211 0.542072 0.427189
v 0.413035 0.649518 0.345668
v 0.421050 -0.983595 0.141330
v 0.428980 -0.811772 -0.404924
v 0.407994 -0.772781 -0.124670
v 0.426299 -0.743639 -0.170390
v 0.418200 -0.629434 -0.087973
v 0.419712 -0.583163 -0.127468
v 0.424940 -0.550095 0.027302
v 0.417568 -0.566743 0.104972
v 0.427808 -0.501547 0.218759
v 0.404294 -0.443647 0.329446
v 0.420458 -0.340219 -0.292817
v 0.433992 -0.208657 -0.450494
v 0.440196 -0.152906 -0.477190
v 0.421645 -0.124342 -0.523732
v 0.433971 -0.079371 0.311614
v 0.440857 0.109202 -0.588487
v 0.431850 0.198267 -0.623120
v 0.414335 0.344426 0.374612
v 0.425391 0.430259 0.371587
v 0.411016 0.470084 0.416634
v 0.412831 0.510336 0.419289
v 0.418518 0.580625 0.429301
v 0.416947 0.729015 0.151942
v 0.426225 -0.994505 0.153045
v 0.442782 -0.979448 -0.312080
v 0.422288 -0.971555 0.098553
v 0.418012 -0.956622 0.058254
v 0.426628 -0.926418 0.016789
v 0.417188 -0.865622 -0.007914
v 0.415748 -0.805547 -0.070579
v 0.420954 -0.782966 -0.139403
v 0.439894 -0.725409 -0.298523
v 0.418645 -0.703265 -0.320272
v 0.439090 -0.716288 -0.264945
v 0.421482 -0.579010 -0.023246
v 0.447656 -0.498458 0.142670
v 0.423819 -0.462129 0.269030
v 0.410347 -0.391625 0.343143
v 0.437771 -0.288318 0.302430
v 0.440474 -0.116230 0.306771
v 0.440916 0.238737 -0.612921
v 0.407053 0.352456 -0.605177
v 0.431234 0.467721 0.396746
v 0.412388 0.646964 -0.355807
v 0.445052 0.655809 0.254872
v 0.430491 -0.973199 0.153490
v 0.428368 -0.951151 0.051302
v 0.456162 -0.944565 -0.373183
v 0.428596 -0.881783 -0.029951
v 0.428103 -0.852136 -0.058194
v 0.428559 -0.843607 -0.079018
v 0.471846 -0.881246 -0.389177
v 0.429054 -0.821153 -0.101790
v 0.421869 -0.813107 -0.102243
v 0.435520 -0.730310 -0.198211
v 0.427428 -0.554872 -0.050649
v 0.430477 -0.533849 -0.103986
v 0.425216 -0.476016 -0.157927
v 0.452697 -0.413381 -0.139061
v 0.460018 -0.235747 -0.380314
v 0.405932 0.043810 0.369792
v 0.436597 0.130167 0.314951
v 0.449515 0.333760 0.345067
v 0.449575 0.376182 0.348925
v 0.431658 0.396708 0.356685
v 0.397771 0.598159 -0.489857
v 0.459078 0.621385 -0.312271
v 0.431964 0.712783 -0.129053
v 0.439910 0.722907 -0.041033
v 0.444879 -0.997437 0.173611
v 0.440843 -0.985055 0.174583
v 0.438103 -0.944463 0.119747
v 0.443028 -0.923598 0.083745
v 0.435972 -0.921151 0.021199
v 0.467806 -0.905325 -0.400251
v 0.436722 -0.896882 -0.016038
v 0.436200 -0.875782 -0.048188
v 0.436940 -0.852222 -0.068140
v 0.442401 -0.795196 -0.116482
v 0.454280 -0.495358 0.057268
v 0.440686 -0.506880 -0.019881
v 0.437753 -0.489722 -0.108039
v 0.432654 -0.400963 0.280002
v 0.427122 -0.189228 0.332460
v 0.440454 -0.086715 -0.519512
v 0.427105 0.108220 0.326136
v 0.445323 0.164752 -0.606576
v 0.439979 0.427683 0.394431
v 0.452479 0.429491 0.397871
v 0.445149 0.470710 0.387012
v 0.439872 0.512508 0.411963
v 0.440602 0.618279 0.347756
v 0.411764 0.709198 0.213085
v 0.453698 0.691463 0.131295
v 0.448019 -0.963813 0.163954
v 0.448423 -0.895993 0.038723
v 0.448534 -0.870760 -0.015096
v 0.450010 -0.825242 -0.073015
v 0.460851 -0.755937 -0.167883
v 0.449337 -0.729947 -0.221899
v 0.459665 -0.433034 -0.082880
v 0.489904 -0.290628 -0.209463
v 0.431111 -0.055221 0.320608
v 0.453268 0.001402 0.282901
v 0.462248 0.100519 -0.562258
v 0.457112 0.418958 0.371190
v 0.456005 0.491458 0.392478
v 0.456462 0.533806 0.420715
v 0.434578 0.584779 0.410425
v 0.472411 0.665145 -0.153112
v 0.463086 -0.973844 0.176243
v 0.464052 -0.921903 -0.395448
v 0.456469 -0.921126 0.100107
v 0.456471 -0.850057 -0.034873
v 0.458906 -0.793244 -0.114255
v 0.459906 -0.482730 0.099285
v 0.455408 -0.483695 0.003608
v 0.472037 -0.265902 -0.308145
v 0.450840 -0.169132 0.288775
v 0.487214 -0.138831 -0.416560
v 0.463683 -0.052687 -0.495915
v 0.472269 0.024051 -0.512359
v 0.470486 0.520385 -0.453075
v 0.445638 0.707685 0.092756
v 0.477714 0.687262 -0.022137
v 0.464060 0.702468 0.012537
v 0.509153 -0.998082 0.156781
v 0.471614 -0.993474 0.179402
v 0.517862 -0.981260 -0.305027
v 0.469427 -0.947840 0.147842
v 0.463545 -0.880568 0.035810
v 0.466389 -0.853859 -0.376879
v 0.465188 -0.812495 -0.335342
v 0.463827 -0.774997 -0.292235
v 0.461977 -0.467946 -0.014332
v 0.453811 -0.436576 0.185598
v 0.471953 -0.341870 -0.175063
v 0.454066 -0.318249 0.228702
v 0.463134 -0.204956 0.253015
v 0.465174 -0.104223 -0.463567
v 0.453812 0.196397 -0.601931
v 0.457171 0.405567 0.351980
v 0.455779 0.439829 0.395785
v 0.455018 0.557695 -0.445751
v 0.470125 0.571986 -0.397036
v 0.460247 0.658453 0.183787
v 0.474332 -0.841334 -0.033404
v 0.480247 -0.800614 -0.105306
v 0.471069 -0.482757 0.030643
v 0.471490 -0.484421 0.066347
v 0.470900 -0.458373 0.112710
v 0.471646 -0.442928 -0.038212
v 0.465909 -0.437334 0.132762
v 0.481263 -0.417194 -0.057897
v 0.474355 -0.388930 -0.105663
v 0.458914 -0.355102 0.200026
v 0.472342 -0.310636 0.204837
v 0.459914 0.220376 0.308198
v 0.490142 0.269729 -0.541122
v 0.472339 0.288855 0.312479
v 0.486475 0.355342 0.321418
v 0.455895 0.463130 0.374965
v 0.469699 0.465388 0.343788
v 0.461324 0.553358 0.411297
v 0.459580 0.619191 0.305569
v 0.486537 0.662294 0.131332
v 0.500884 0.659508 0.097427
v 0.517138 -0.947872 -0.351258
v 0.479027 -0.874118 0.029083
v 0.473932 -0.760552 -0.236552
v 0.497789 -0.802452 -0.120554
v 0.487668 -0.777427 -0.169006
v 0.489914 -0.467375 0.088396
v 0.477850 -0.469940 -0.005322
v 0.482393 -0.388271 -0.087575
v 0.475268 -0.350817 0.135708
v 0.470724 -0.241061 0.203606
v 0.487742 -0.197834 -0.365609
v 0.516558 0.021363 -0.425646
v 0.476842 0.166557 0.269005
v 0.485737 0.222917 -0.559140
v 0.457440 0.410215 -0.525736
v 0.483757 0.408076 0.343671
v 0.472418 0.429270 0.357033
v 0.481749 0.430493 0.320362
v 0.473172 0.448956 0.328921
v 0.476476 0.505519 0.388789
v 0.497818 0.606625 0.259637
v 0.634221 -0.997638 -0.251903
v 0.529225 -0.982520 0.154005
v 0.492044 -0.833387 -0.303447
v 0.478434 -0.405033 0.119233
v 0.481236 -0.333790 0.112170
v 0.497666 -0.308609 -0.146744
v 0.493474 -0.323574 0.146058
v 0.492978 -0.321806 0.128329
v 0.481170 -0.311212 0.097014
v 0.480543 -0.290761 0.057374
v 0.476533 -0.288818 0.083699
v 0.480726 -0.270828 0.057116
v 0.506660 -0.223736 -0.284090
v 0.487796 -0.152160 0.196153
v 0.469657 -0.055843 0.261876
v 0.491298 0.025386 -0.479070
v 0.477147 0.024852 0.234009
v 0.485993 0.094213 0.230102
v 0.504304 0.152069 -0.526917
v 0.497010 0.306118 0.299496
v 0.479810 0.528909 0.389641
v 0.506284 0.616738 0.209893
v 0.485792 0.666816 -0.093437
v 0.517228 -0.934039 -0.357945
v 0.502237 -0.910696 0.075400
v 0.514700 -0.894264 -0.346006
v 0.502978 -0.864517 -0.001086
v 0.508044 -0.485973 0.053741
v 0.508255 -0.490367 0.020067
v 0.503829 -0.452756 0.083442
v 0.492904 -0.416964 -0.056242
v 0.499440 -0.380505 -0.079987
v 0.499600 -0.333051 -0.121407
v 0.492759 -0.315403 0.075809
v 0.496255 -0.270355 0.105075
v 0.520052 -0.243529 -0.212157
v 0.491282 -0.053989 0.211615
v 0.495388 0.039703 0.200123
v 0.498646 0.237358 0.280099
v 0.490445 0.412146 0.338397
v 0.482293 0.455248 -0.468827
v 0.501612 0.396501 0.309001
v 0.500892 0.485859 0.337641
v 0.472383 0.601996 -0.319507
v 0.500939 0.629514 -0.152339
v 0.526965 0.618019 0.164478
v 0.492254 0.671142 0.044974
v 0.567260 -0.994336 0.139152
v 0.528459 -0.966324 -0.329863
v 0.513809 -0.847490 -0.046619
v 0.519611 -0.445508 -0.053372
v 0.495992 -0.334498 0.082412
v 0.517438 -0.312643 0.061072
v 0.493873 -0.275988 0.138530
v 0.504557 -0.223817 0.084126
v 0.493009 -0.232121 0.060210
v 0.497688 -0.212283 0.146706
v 0.498149 -0.202317 0.060382
v 0.515177 -0.152711 -0.345364
v 0.514301 -0.051521 -0.401178
v 0.521878 0.105179 -0.473874
v 0.515651 0.167249 -0.512494
v 0.503009 0.354366 0.303756
v 0.499935 0.370494 -0.485056
v 0.511227 0.457448 0.304610
v 0.497249 0.544974 -0.380704
v 0.478178 0.582062 0.329812
v 0.527481 -0.947494 0.111290
v 0.521680 -0.470264 -0.028918
v 0.522191 -0.339197 -0.105313
v 0.525677 -0.257077 -0.165970
v 0.522017 -0.268672 0.031562
v 0.521711 -0.254639 0.030248
v 0.506759 -0.218622 0.104643
v 0.506060 -0.206033 0.048709
v 0.509290 -0.188542 0.092255
v 0.513814 -0.169803 0.061661
v 0.518435 -0.110671 -0.367111
v 0.515002 -0.052440 0.138181
v 0.482095 -0.117107 0.232174
v 0.503316 -0.008441 0.171667
v 0.518583 0.259806 -0.499732
v 0.505655 0.508915 -0.404119
v 0.491610 0.555508 0.333753
v 0.524523 0.581099 0.238127
v 0.534131 0.603729 -0.057788
v 0.512776 0.637931 0.001665
v 0.540957 -0.932670 -0.336950
v 0.511302 -0.820817 -0.236379
v 0.542767 -0.403203 -0.088093
v 0.506549 -0.400197 0.087694
v 0.530116 -0.356610 -0.096912
v 0.519614 -0.364647 0.064575
v 0.527750 -0.331091 0.059472
v 0.514052 -0.166237 0.119861
v 0.519969 0.237639 0.253444
v 0.547836 0.607894 0.031218
v 0.579759 -0.993776 -0.278626
v 0.555278 -0.998154 0.136404
v 0.542224 -0.931791 0.069056
v 0.488963 -0.774550 -0.204587
v 0.517766 -0.818131 -0.130274
v 0.533602 -0.478173 0.019882
v 0.534060 -0.474352 -0.018224
v 0.552015 -0.248612 -0.144985
v 0.546631 -0.171532 -0.238895
v 0.545808 -0.168180 0.041051
v 0.525366 -0.138977 0.070769
v 0.515832 -0.134973 0.105402
v 0.509200 0.124269 0.213349
v 0.543299 0.217599 -0.457317
v 0.524978 0.503321 -0.364452
v 0.507503 0.517951 0.328067
v 0.518672 0.551303 -0.248677
v 0.526510 -0.874088 -0.299862
v 0.546084 -0.888923 -0.026787
v 0.530745 -0.461996 0.043259
v 0.518842 -0.385839 0.059908
v 0.543656 -0.286855 -0.128337
v 0.546202 -0.209907 -0.177433
v 0.546710 -0.191440 0.037470
v 0.533997 -0.046531 0.098323
v 0.520454 0.012004 0.148360
v 0.552774 0.098807 -0.391125
v 0.551644 0.065686 0.137372
v 0.541625 0.121709 -0.431049
v 0.547718 0.167483 -0.439729
v 0.546338 0.256419 -0.456825
v 0.522123 0.279542 0.258774
v 0.530129 0.376466 -0.421737
v 0.519825 0.412627 0.285668
v 0.533886 0.482995 0.284357
v 0.530369 0.586059 -0.128670
v 0.550407 0.595515 -0.015094
v 0.568965 -0.981532 0.135851
v 0.572870 -0.925954 0.020378
v 0.548912 -0.910058 0.015915
v 0.547185 -0.868482 -0.093178
v 0.551089 -0.435398 -0.062862
v 0.549222 -0.440221 0.016221
v 0.527859 -0.419212 0.046521
v 0.524662 -0.396081 0.022438
v 0.519373 -0.372923 0.037084
v 0.540142 -0.296590 0.035561
v 0.559062 -0.114956 0.052968
v 0.537261 -0.075692 -0.339691
v 0.549077 0.005814 0.114617
v 0.558799 0.063098 -0.354129
v 0.531267 0.136869 0.186540
v 0.545902 0.315137 -0.417674
v 0.535401 0.456155 -0.382256
v 0.545721 0.445945 -0.361618
v 0.570226 -0.959930 0.109704
v 0.560384 -0.936152 -0.317597
v 0.564059 -0.924592 -0.297220
v 0.552327 -0.883705 -0.243066
v 0.543476 -0.856193 -0.174579
v 0.557031 -0.450344 -0.024991
v 0.561130 -0.365220 -0.112059
v 0.552275 -0.315278 -0.117074
v 0.521191 -0.272284 0.004300
v 0.559921 -0.226471 0.012391
v 0.554590 -0.217224 -0.157964
v 0.560967 -0.059465 0.062392
v 0.535392 0.354216 0.249245
v 0.562296 0.484041 -0.221229
v 0.561683 0.593521 0.119031
v 0.568830 -0.886699 -0.143458
v 0.564348 -0.397099 -0.094756
v 0.545535 -0.381213 -0.004752
v 0.547580 -0.362740 0.012599
v 0.570443 -0.337280 0.000375
v 0.541378 -0.326797 0.017249
v 0.541422 -0.304028 -0.006531
v 0.545721 -0.289308 -0.018787
v 0.555458 -0.251764 0.002630
v 0.561748 -0.066586 -0.291783
v 0.573334 0.015864 -0.306862
v 0.572792 0.138894 -0.348414
v 0.555632 0.158255 -0.400697
v 0.556815 0.260217 -0.412853
v 0.567389 0.307717 -0.369025
v 0.694351 -0.998012 -0.052062
v 0.573152 -0.970038 -0.310077
v 0.578908 -0.905480 -0.198201
v 0.578450 -0.903115 -0.076304
v 0.557893 -0.414446 -0.005187
v 0.574577 -0.314258 -0.011388
v 0.575254 -0.264288 -0.136123
v 0.573214 -0.235898 -0.141159
v 0.567806 -0.205157 0.020721
v 0.565445 -0.131238 0.035584
v 0.569145 -0.082441 -0.254909
v 0.579682 0.235948 -0.345823
v 0.542672 0.279622 0.204144
v 0.566811 0.329622 0.146904
v 0.586282 0.330254 -0.322319
v 0.548368 0.476526 -0.299596
v 0.568737 0.509096 0.202324
v 0.554591 0.578359 0.177517
v 0.580545 -0.946628 0.079574
v 0.577852 -0.915042 -0.242855
v 0.570605 -0.416054 -0.043566
v 0.568772 -0.402206 -0.028209
v 0.574381 -0.400567 -0.083553
v 0.563099 -0.358882 -0.023393
v 0.578258 -0.326549 -0.127374
v 0.578390 -0.276639 -0.007028
v 0.583177 -0.153238 -0.152543
v 0.573799 -0.166321 0.002659
v 0.581937 -0.118239 -0.164862
v 0.577130 0.077357 0.096106
v 0.533842 0.184697 0.189862
v 0.562068 0.220545 0.142948
v 0.562470 0.434563 0.220457
v 0.573467 0.473154 0.194637
v 0.587981 0.478377 -0.148048
v 0.569724 0.518813 -0.125399
v 0.564862 0.534048 0.197176
v 0.581786 0.563232 0.048572
v 0.612574 -0.969375 -0.285743
v 0.589062 -0.343794 -0.121574
v 0.579586 -0.323348 -0.019477
v 0.590378 -0.122768 -0.147185
v 0.582270 -0.083522 0.040090
v 0.572207 -0.047697 0.054093
v 0.590856 0.072171 -0.273243
v 0.591040 0.113207 -0.301155
v 0.570674 0.270556 0.122711
v 0.583662 0.546868 -0.024876
v 0.604083 -0.949588 -0.280480
v 0.607488 -0.934297 -0.233998
v 0.606773 -0.941028 0.037870
v 0.608899 -0.929875 -0.025873
v 0.595252 -0.912713 -0.142521
v 0.594392 -0.360124 -0.076075
v 0.588942 -0.367575 -0.101395
v 0.577402 -0.327435 -0.042974
v 0.586253 -0.284735 -0.015036
v 0.589190 -0.219466 0.008069
v 0.591479 -0.196940 0.004414
v 0.582093 -0.133354 0.000947
v 0.581009 -0.107796 0.006988
v 0.589282 -0.081630 -0.171569
v 0.596015 -0.036397 -0.205148
v 0.586219 -0.023183 0.030288
v 0.585603 0.152093 0.089112
v 0.599381 0.243565 -0.292438
v 0.589926 0.387948 -0.265991
v 0.579051 0.389626 0.131604
v 0.582331 0.455651 0.156979
v 0.597588 0.458479 -0.149227
v 0.582483 0.505722 0.153272
v 0.594918 0.507103 -0.096041
v 0.576986 0.555731 0.141509
v 0.607419 -0.981882 -0.285717
v 0.612129 -0.980225 0.129576
v 0.588341 -0.916155 -0.048073
v 0.586095 -0.358206 -0.052456
v 0.601985 -0.306919 -0.066129
v 0.602441 -0.274744 -0.143624
v 0.603840 -0.160839 -0.148750
v 0.590605 -0.088194 -0.024290
v 0.593089 -0.083737 -0.130790
v 0.597929 -0.081848 0.008823
v 0.588531 0.026323 0.051244
v 0.601381 0.036774 -0.231192
v 0.606135 0.087347 0.051356
v 0.606212 0.128057 -0.229022
v 0.591169 0.180390 -0.298268
v 0.611075 0.313047 -0.244932
v 0.599412 0.433533 -0.163617
v 0.590798 0.498709 0.048959
v 0.586795 0.541377 0.097257
v 0.607076 0.522901 -0.029654
v 0.595755 0.533779 0.058140
v 0.611738 0.524551 -0.001119
v 0.612835 -0.318738 -0.114333
v 0.606832 -0.214381 -0.010427
v 0.604601 -0.154639 -0.024417
v 0.601159 -0.081557 -0.123776
v 0.612487 -0.076526 -0.037617
v 0.613233 -0.066390 -0.002468
v 0.612090 -0.053802 0.001241
v 0.609717 -0.041517 -0.123262
v 0.603791 0.000430 -0.002874
v 0.613464 0.167291 -0.194457
v 0.594706 0.250693 0.075150
v 0.622191 0.278612 -0.197711
v 0.589482 0.342419 0.094612
v 0.610101 0.412229 -0.110387
v 0.605454 0.417485 -0.059261
v 0.613580 0.446285 -0.117239
v 0.604300 0.467957 -0.027034
v 0.599250 0.491610 0.016077
v 0.593604 0.545514 0.057755
v 0.625170 -0.992904 0.138583
v 0.635358 -0.969934 -0.264936
v 0.622816 -0.948601 0.073089
v 0.630837 -0.945244 -0.223929
v 0.625121 -0.929206 -0.110257
v 0.613543 -0.291536 -0.136104
v 0.604054 -0.279646 -0.044009
v 0.602583 -0.243292 -0.031484
v 0.606679 -0.124937 -0.031374
v 0.615421 -0.101542 -0.138496
v 0.617158 -0.052772 -0.114238
v 0.603466 -0.026304 -0.001023
v 0.612094 -0.030547 -0.025175
v 0.617130 0.034078 -0.160914
v 0.613828 -0.005513 -0.046942
v 0.623705 0.121124 -0.168729
v 0.614246 0.163137 0.027608
v 0.625430 0.266806 -0.151831
v 0.625338 0.299191 -0.000365
v 0.619969 0.328983 -0.177145
v 0.610140 0.344109 -0.003864
v 0.589234 0.443163 0.084517
v 0.596322 0.373409 0.052724
v 0.615572 0.440995 -0.085062
v 0.626964 0.475900 -0.064550
v 0.625718 -0.932141 -0.160338
v 0.647755 -0.946574 -0.076893
v 0.617126 -0.216576 -0.083100
v 0.613534 -0.248846 -0.049827
v 0.626714 -0.246196 -0.144890
v 0.631072 -0.160613 -0.151937
v 0.615621 -0.194230 -0.080230
v 0.612079 -0.188684 -0.029524
v 0.603573 -0.157479 -0.061341
v 0.624969 -0.098054 -0.058101
v 0.639939 -0.064547 -0.031462
v 0.622983 -0.032371 -0.096839
v 0.617830 -0.014022 -0.087621
v 0.626841 -0.026039 -0.078415
v 0.621297 -0.024011 -0.054371
v 0.620479 0.029467 -0.092462
v 0.618709 0.076930 -0.001472
v 0.624489 0.120987 0.012098
v 0.621506 0.203883 -0.112964
v 0.618836 0.227310 0.012749
v 0.625031 0.236202 -0.042122
v 0.620584 0.296109 -0.048614
v 0.625460 0.306636 -0.120205
v 0.629252 0.498802 -0.065713
v 0.630110 -0.271392 -0.127828
v 0.623408 -0.289937 -0.106219
v 0.624052 -0.259702 -0.093227
v 0.609517 -0.206591 -0.046957
v 0.621067 -0.168222 -0.093374
v 0.624528 -0.112119 -0.088707
v 0.639595 -0.051986 -0.130207
v 0.629260 0.098869 -0.127664
v 0.629173 0.088715 -0.105197
v 0.627250 0.092298 -0.040210
v 0.634970 0.117221 -0.010920
v 0.626150 0.128131 -0.048193
v 0.622443 0.161628 -0.022197
v 0.623566 0.210423 -0.025026
v 0.630511 0.238543 -0.012089
v 0.622021 0.280989 0.011936
v 0.627631 0.484090 -0.090108
v 0.640539 -0.221198 -0.103294
v 0.639915 -0.188898 -0.148731
v 0.633377 -0.138711 -0.099090
v 0.634070 -0.101843 -0.091178
v 0.632413 -0.086748 -0.058547
v 0.646925 -0.043698 -0.040637
v 0.625141 0.504397 -0.027496
v 0.658549 -0.963680 -0.232563
v 0.660753 -0.965244 0.096727
v 0.663375 -0.954641 0.052445
v 0.652842 -0.192039 -0.136778
v 0.652710 -0.157234 -0.103442
v 0.653815 -0.069001 -0.146694
v 0.654686 -0.029003 -0.098592
v 0.655369 -0.032193 -0.068905
v 0.656355 -0.991561 -0.248742
v 0.692469 -0.964695 -0.190287
v 0.660769 -0.945509 -0.113882
v 0.647771 -0.221499 -0.118696
v 0.660178 -0.111164 -0.093244
v 0.663314 -0.083899 -0.070537
v 0.661412 -0.036957 -0.121791
v 0.693947 -0.962569 -0.137115
v 0.681360 -0.957266 -0.095814
v 0.653973 -0.946688 -0.022903
v 0.667650 -0.092107 -0.149001
v 0.668184 -0.060874 -0.062084
v 0.676481 -0.947240 -0.020098
v 0.670019 -0.140482 -0.120619
v 0.681115 -0.098995 -0.135683
v 0.677960 -0.053524 -0.134782
v 0.675428 -0.040050 -0.100482
v 0.695383 -0.984263 -0.217461
v 0.705172 -0.997612 -0.196243
v 0.702869 -0.956846 -0.065739
v 0.681650 -0.074462 -0.089713
v 0.674496 -0.049549 -0.077176
v 0.700865 -0.998037 0.126425
v 0.686830 -0.981124 0.130848
v 0.695093 -0.943829 0.041327
v 0.688864 -0.066279 -0.119125
v 0.703500 -0.992411 -0.206967
v 0.706423 -0.967068 0.095969
v 0.700207 -0.946872 -0.027831
v 0.704800 -0.994446 -0.099236
v 0.708193 -0.994802 -0.025693
v 0.705070 -0.994581 0.041222
v 0.705006 -0.983205 0.122491
v 0.704397 -0.970739 -0.132497
v 0.704088 -0.948995 0.045636
v 0.710687 -0.992352 0.107816
v 0.707685 -0.982797 -0.186843
v 0.708297 -0.958277 -0.041847
v 0.707699 -0.959386 0.062677
vn -0.8664 -0.4990 0.0187
vn -0.9626 0.2571 -0.0853
vn -0.6325 -0.7693 -0.0903
vn -0.8662 0.4958 0.0618
vn -0.2718 -0.9622 0.0144
vn -0.7858 -0.4986 0.3660
vn -0.8710 -0.2865 -0.3990
vn -0.8651 -0.0505 -0.4991
vn -0.6891 0.3159 -0.6523
vn -0.8666 0.4233 -0.2643
vn -0.9561 0.2077 0.2069
vn -0.8918 0.3478 0.2894
vn -0.6879 0.6881 -0.2309
vn -0.5972 0.6911 0.4070
vn -0.5371 0.8394 -0.0830
vn -0.7784 0.6228 -0.0795
vn -0.8558 0.4962 0.1465
vn -0.4838 0.8316 0.2726
vn -0.2046 -0.8939 0.3989
vn -0.3587 0.6817 0.6377
vn -0.6349 0.7074 -0.3106
vn -0.4058 0.8972 -0.1745
vn -0.2634 0.9618 0.0744
vn -0.2599 -0.9349 -0.2416
vn -0.0485 -0.9976 -0.0487
vn -0.5553 0.6440 -0.5262
vn -0.2603 0.9624 -0.0780
vn -0.4763 0.8179 -0.3227
vn -0.1619 0.9310 0.3272
vn -0.3496 -0.7734 -0.5288
vn -0.4719 -0.5225 -0.7101
vn -0.2966 -0.8481 -0.4390
vn -0.2428 0.3832 0.8912
vn -0.0890 0.8882 0.4507
vn -0.5504 0.4619 -0.6955
vn -0.1902 0.9797 0.0628
vn -0.8929 -0.3157 0.3211
vn -0.9383 -0.1446 0.3141
vn -0.9692 -0.2245 0.1009
vn -0.9988 0.0132 -0.0464
vn -0.9080 0.3792 0.1778
vn -0.9614 0.2731 -0.0330
vn -0.9314 0.3268 0.1602
vn -0.1841 -0.5732 0.7985
vn -0.2190 0.2162 0.9515
vn -0.2034 0.3622 0.9096
vn -0.1925 0.4835 0.8539
vn -0.1245 0.8945 0.4294
vn -0.3962 0.8999 -0.1822
vn -0.9414 -0.0231 -0.3365
vn -0.9239 0.0480 -0.3795
vn -0.9476 -0.1466 -0.2839
vn -0.9416 -0.2479 0.2280
vn -0.9254 0.0705 -0.3725
vn -0.8367 0.4087 -0.3645
vn -0.8359 0.3717 -0.4039
vn -0.8314 0.2458 -0.4983
vn -0.8958 -0.0612 0.4402
vn -0.8122 0.5255 -0.2532
vn -0.4804 -0.5027 -0.7187
vn -0.6436 0.1275 -0.7546
vn -0.8921 -0.3203 -0.3187
vn -0.6895 -0.4637 0.5564
vn -0.9002 0.0881 0.4265
vn -0.7806 0.5442 0.3075
vn -0.9002 -0.4133 0.1370
vn -0.9793 -0.1793 0.0941
vn -0.9796 -0.1993 0.0271
vn -0.9845 -0.0046 0.1752
vn -0.9862 -0.0582 0.1552
vn -0.9772 -0.1833 0.1073
vn -0.0185 -0.9985 0.0513
vn -0.3656 0.9303 -0.0300
vn -0.9631 -0.2559 -0.0837
vn -0.7132 -0.2943 0.6362
vn -0.9005 -0.1171 0.4188
vn -0.6943 -0.1179 0.7099
vn -0.7098 -0.2463 0.6600
vn -0.6512 0.0172 -0.7587
vn -0.4271 -0.0279 -0.9038
vn -0.5331 -0.2645 -0.8036
vn -0.7202 -0.3989 0.5675
vn -0.3812 0.2002 -0.9026
vn -0.4231 0.0742 -0.9030
vn -0.5451 -0.6307 0.5524
vn -0.5293 -0.5925 0.6072
vn -0.5478 -0.6377 0.5415
vn -0.3975 0.3977 -0.8269
vn -0.2366 0.6839 -0.6902
vn 0.0794 0.6044 -0.7927
vn 0.3642 0.3442 -0.8654
vn -0.1781 0.7850 -0.5934
vn -0.5480 0.8271 -0.1246
vn -0.4980 0.8601 -0.1107
vn -0.5911 0.7527 -0.2900
vn -0.7268 0.6187 0.2982
vn -0.3512 0.9205 0.1713
vn -0.1499 -0.7031 0.6951
vn -0.2467 0.7275 0.6402
vn -0.3719 -0.2808 0.8848
vn 0.1408 -0.3342 0.9319
vn -0.0341 -0.6260 0.7791
vn -0.0118 -0.7194 0.6945
vn -0.1224 0.1342 -0.9834
vn 0.0504 -0.7965 0.6026
vn -0.5612 -0.6747 0.4793
vn -0.6198 0.2030 0.7580
vn -0.7970 0.0019 0.6039
vn -0.7529 -0.0547 0.6559
vn -0.7793 0.0632 0.6234
vn -0.7859 -0.0470 0.6166
vn -0.7142 0.3544 0.6036
vn -0.8290 -0.5156 0.2166
vn -0.8299 -0.3927 0.3964
vn -0.8426 -0.4021 0.3584
vn -0.7766 0.3459 -0.5266
vn -0.9695 0.1156 0.2160
vn -0.9463 0.3049 0.1080
vn -0.9567 0.2858 0.0543
vn -0.9628 0.2640 0.0582
vn -0.3475 0.8111 0.4705
vn -0.5152 0.8561 -0.0406
vn -0.3535 0.9312 0.0889
vn -0.9360 -0.2450 0.2526
vn -0.3184 -0.1381 0.9378
vn -0.1794 -0.2168 0.9596
vn 0.5218 -0.5889 0.6172
vn 0.5307 -0.5526 0.6426
vn 0.4969 -0.6706 0.5508
vn -0.6449 0.5133 0.5662
vn -0.4417 0.8105 0.3847
vn -0.6060 0.6742 0.4222
vn -0.8962 -0.2484 -0.3676
vn -0.9081 0.0930 -0.4083
vn -0.9516 -0.1615 -0.2614
vn -0.9416 0.2085 -0.2642
vn -0.9562 0.0948 -0.2769
vn -0.9134 -0.0239 0.4065
vn -0.8779 0.0212 0.4785
vn -0.9059 0.0600 0.4192
vn -0.2150 -0.9141 -0.3437
vn -0.0166 -0.9981 -0.0589
vn -0.5422 -0.3307 -0.7725
vn -0.6220 0.3313 -0.7094
vn -0.6331 0.5027 -0.5886
vn -0.6329 0.3306 -0.7001
vn -0.5405 0.7194 -0.4362
vn -0.5273 0.7344 -0.4274
vn -0.3249 0.9018 0.2850
vn -0.5612 0.8125 -0.1578
vn -0.9230 -0.3712 -0.1017
vn -0.6799 -0.4040 -0.6120
vn -0.9127 -0.2122 0.3493
vn -0.7896 -0.0225 0.6133
vn -0.7776 -0.0125 0.6286
vn -0.6420 0.0850 0.7620
vn 0.0942 -0.2349 -0.9674
vn -0.6305 0.0922 0.7707
vn 0.2755 0.0151 -0.9612
vn -0.2259 -0.3261 0.9180
vn -0.1571 -0.6847 0.7117
vn 0.5470 -0.4644 0.6965
vn -0.1716 -0.9171 0.3599
vn -0.0924 -0.8689 0.4862
vn 0.1755 0.8062 -0.5650
vn 0.3200 0.6748 -0.6650
vn -0.2577 0.9389 0.2282
vn 0.1033 0.9220 -0.3732
vn -0.5634 0.8261 -0.0095
vn -0.1261 0.9706 -0.2048
vn -0.9192 -0.2943 -0.2615
vn -0.9840 -0.0062 -0.1782
vn -0.9648 0.1421 -0.2212
vn -0.8408 -0.2134 0.4974
vn -0.8906 -0.2385 0.3872
vn -0.9577 0.2381 -0.1617
vn -0.9503 0.2121 -0.2279
vn -0.9431 0.2851 -0.1712
vn -0.8879 0.4520 0.0854
vn -0.9292 0.3505 -0.1173
vn -0.8803 0.4153 0.2295
vn -0.5481 0.7924 -0.2676
vn -0.8947 -0.4346 -0.1027
vn -0.9057 -0.4088 -0.1127
vn -0.9058 -0.4032 -0.1300
vn -0.4203 0.1121 0.9005
vn -0.5861 0.1797 0.7901
vn -0.6342 -0.0645 0.7705
vn -0.6541 0.1552 0.7403
vn -0.3285 -0.7320 0.5969
vn 0.3855 0.0326 -0.9221
vn 0.3612 0.3631 -0.8589
vn -0.1687 -0.9176 0.3601
vn -0.3101 -0.8239 0.4743
vn -0.5268 -0.7059 0.4735
vn -0.5261 -0.7038 0.4773
vn -0.5625 -0.6776 0.4738
vn 0.1467 -0.9846 -0.0949
vn 0.1995 0.8278 -0.5243
vn -0.9931 -0.0720 -0.0921
vn -0.9865 -0.1544 0.0548
vn -0.9411 -0.3362 -0.0369
vn -0.9338 -0.3371 0.1202
vn -0.8855 -0.3521 0.3032
vn -0.9907 0.0763 -0.1129
vn -0.8418 0.1766 0.5101
vn -0.8036 0.4190 0.4226
vn -0.4942 -0.5021 -0.7097
vn -0.5255 -0.3514 -0.7748
vn -0.9082 -0.0940 0.4079
vn -0.7223 -0.5298 -0.4445
vn -0.2078 -0.2995 -0.9312
vn -0.1464 -0.3418 -0.9283
vn -0.1070 -0.3677 -0.9238
vn -0.8203 -0.0079 0.5719
vn -0.2282 -0.3753 -0.8984
vn 0.4070 -0.1915 -0.8932
vn -0.9565 -0.2917 -0.0080
vn -0.8916 -0.2056 0.4034
vn -0.9890 0.0158 0.1471
vn -0.9581 -0.2683 0.0998
vn -0.8778 -0.4779 -0.0334
vn -0.8308 -0.5552 -0.0400
vn -0.8312 -0.5543 -0.0427
vn -0.2021 -0.9770 0.0682
vn -0.3548 -0.9338 0.0468
vn -0.4104 -0.9111 0.0373
vn -0.7071 -0.4424 0.5517
vn -0.6098 -0.0850 0.7880
vn -0.9784 -0.2006 0.0492
vn -0.9613 -0.2411 -0.1334
vn -0.9986 0.0083 -0.0517
vn -0.9837 0.1783 0.0231
vn -0.9927 0.1107 0.0481
vn -0.9996 0.0167 -0.0234
vn -0.9974 -0.0474 -0.0536
vn -0.9911 0.0480 -0.1238
vn -0.9926 0.0089 -0.1214
vn -0.9957 -0.0379 0.0839
vn -0.9976 -0.0441 0.0540
vn -0.9997 0.0103 -0.0225
vn -0.9945 0.0615 -0.0844
vn -0.9741 0.1529 -0.1663
vn -0.9431 0.2674 -0.1975
vn -0.8980 0.4083 -0.1642
vn -0.9377 0.3247 0.1236
vn -0.0002 -1.0000 -0.0007
vn -0.2859 -0.7920 -0.5395
vn -0.2974 -0.7835 -0.5455
vn -0.2500 -0.8017 -0.5429
vn -0.3178 0.8088 0.4949
vn -0.5842 0.8103 0.0460
vn -0.5039 0.8494 0.1570
vn -0.4008 0.8977 0.1830
vn -0.7192 -0.5319 -0.4470
vn -0.9441 -0.2365 0.2296
vn -0.7931 0.1553 0.5890
vn -0.8663 0.0018 0.4996
vn -0.6291 0.1792 0.7564
vn -0.6180 0.2021 0.7598
vn -0.9810 -0.1927 0.0221
vn -0.9457 -0.1435 0.2918
vn -0.7430 0.1138 0.6596
vn -0.9764 0.1104 0.1857
vn 0.5015 -0.1012 -0.8592
vn -0.9892 0.0156 0.1460
vn -0.9958 -0.0541 -0.0737
vn -0.7892 0.2994 0.5362
vn -0.9114 -0.1547 0.3814
vn -0.9483 -0.1576 0.2755
vn -0.9111 -0.1545 0.3822
vn -0.9550 -0.2650 0.1335
vn 0.0962 0.2640 -0.9597
vn -0.7407 -0.1239 0.6603
vn 0.2597 0.4960 -0.8286
vn 0.2531 0.4988 -0.8290
vn -0.2416 0.2876 -0.9268
vn -0.4395 0.6031 0.6656
vn -0.4470 0.6313 0.6337
vn -0.7226 0.5622 -0.4024
vn -0.2753 0.8957 0.3491
vn -0.9732 -0.1762 -0.1478
vn -0.9989 -0.0458 -0.0098
vn -0.9731 -0.1701 -0.1554
vn -0.3736 0.8374 -0.3989
vn -0.9330 0.3568 0.0464
vn -0.9956 0.0490 0.0804
vn -0.9906 -0.1363 -0.0104
vn -0.9805 -0.0503 -0.1902
vn -0.9926 -0.0274 -0.1182
vn -0.9982 -0.0440 0.0397
vn -0.9819 -0.0848 0.1695
vn -0.9723 -0.1286 0.1950
vn -0.9799 -0.0903 -0.1776
vn -0.9200 -0.3299 0.2114
vn -0.9604 -0.0145 0.2782
vn -0.9797 -0.1258 -0.1562
vn -0.9820 0.0340 0.1859
vn -0.9761 -0.0355 -0.2146
vn -0.9721 0.0633 -0.2260
vn -0.9841 0.0489 -0.1705
vn -0.9719 -0.1174 0.2039
vn -0.9810 -0.1205 0.1520
vn -0.9447 -0.2338 0.2298
vn -0.9767 0.0834 -0.1977
vn -0.9825 0.1405 -0.1225
vn -0.8759 -0.2813 0.3920
vn -0.9260 0.3205 -0.1993
vn -0.7179 0.5888 0.3715
vn -0.6364 0.7328 -0.2407
vn -0.6784 0.7275 -0.1024
vn -0.9280 -0.3697 -0.0454
vn -0.8478 -0.5018 -0.1715
vn -0.3546 -0.5614 -0.7478
vn -0.9071 -0.0168 0.4206
vn -0.9060 0.0026 0.4234
vn -0.9220 -0.0270 0.3862
vn -0.0477 -0.4047 -0.9132
vn -0.9574 -0.1351 0.2553
vn -0.6081 -0.1556 0.7785
vn -0.9096 0.0972 0.4038
vn -0.1684 -0.2008 -0.9650
vn 0.1567 0.0082 -0.9876
vn 0.2110 0.0777 -0.9744
vn -0.6444 0.3702 0.6691
vn -0.4022 -0.2017 0.8931
vn -0.6963 0.1539 -0.7011
vn -0.8923 -0.0794 -0.4445
vn -0.9429 -0.1826 -0.2785
vn -0.9471 -0.2601 -0.1879
vn -0.6779 0.7137 0.1761
vn -0.7368 0.5131 0.4403
vn -0.9481 -0.1303 0.2902
vn -0.9665 -0.1393 0.2155
vn -0.9623 -0.1022 0.2519
vn -0.9518 0.0386 -0.3041
vn -0.9794 -0.0956 0.1777
vn -0.9682 -0.0867 0.2346
vn -0.9532 0.0558 -0.2971
vn -0.9645 0.2225 -0.1420
vn -0.9614 0.2435 -0.1284
vn -0.9551 0.2511 -0.1573
vn -0.8281 -0.1468 0.5410
vn -0.7780 -0.0132 0.6281
vn -0.7380 0.1686 0.6534
vn -0.7284 0.3899 0.5634
vn -0.9588 0.2457 -0.1429
vn -0.9299 0.3633 0.0581
vn -0.9520 0.2663 0.1512
vn -0.9917 0.0187 -0.1273
vn -0.9538 0.2731 0.1250
vn -0.9056 0.3715 0.2048
vn -0.8339 0.5482 -0.0633
vn -0.5864 0.8077 -0.0606
vn -0.5873 0.8049 0.0854
vn -0.1355 -0.9238 0.3582
vn -0.4535 0.2182 0.8641
vn -0.6417 0.6686 -0.3759
vn -0.5037 0.8175 0.2791
vn -0.8238 -0.5268 -0.2092
vn -0.9503 -0.3024 0.0736
vn -0.9353 -0.0963 0.3405
vn -0.8840 -0.0149 0.4672
vn 0.0520 -0.9982 -0.0309
vn -0.7392 -0.5466 0.3934
vn -0.8501 -0.3787 0.3659
vn -0.7454 -0.2596 0.6140
vn 0.2575 -0.2218 -0.9405
vn 0.1935 -0.1477 -0.9699
vn 0.2325 -0.1927 -0.9533
vn -0.2705 -0.2273 -0.9355
vn -0.7495 0.3230 0.5779
vn -0.6202 0.4479 0.6440
vn -0.4649 -0.0372 -0.8846
vn -0.4649 0.1715 -0.8686
vn -0.7073 0.0818 -0.7022
vn -0.5280 -0.8406 0.1206
vn -0.5255 -0.8419 0.1228
vn -0.6048 -0.7948 0.0500
vn -0.5273 -0.8495 0.0194
vn -0.7317 -0.3827 0.5641
vn -0.6695 0.3242 -0.6683
vn -0.8558 -0.1314 0.5004
vn -0.9628 -0.1175 -0.2433
vn -0.7511 0.4967 0.4350
vn -0.7176 0.4418 0.5383
vn -0.7132 0.4352 0.5495
vn -0.9353 -0.2127 0.2830
vn -0.9436 -0.2420 0.2261
vn -0.9342 -0.2083 0.2897
vn -0.9538 -0.0838 0.2884
vn -0.9547 -0.0868 -0.2845
vn -0.9667 -0.1088 0.2315
vn -0.9483 0.0468 -0.3140
vn -0.9202 -0.2418 0.3077
vn -0.9567 0.2339 -0.1734
vn -0.9562 0.1369 -0.2587
vn -0.6022 0.6167 0.5069
vn -0.6531 0.6488 -0.3905
vn -0.6333 0.6825 -0.3650
vn -0.6956 0.5601 -0.4498
vn -0.3492 0.4553 0.8190
vn -0.4676 0.8114 0.3507
vn -0.7200 0.6506 -0.2414
vn -0.6777 0.7155 0.1696
vn -0.6853 0.7245 0.0736
vn -0.8851 -0.4470 -0.1296
vn -0.8452 -0.4745 -0.2459
vn -0.3964 -0.5957 -0.6986
vn -0.3804 -0.5573 -0.7380
vn -0.4116 -0.6333 -0.6553
vn -0.9570 -0.1032 0.2710
vn 0.3272 -0.3069 -0.8937
vn 0.4590 -0.2067 -0.8641
vn 0.5922 -0.0597 -0.8036
vn -0.2701 -0.1706 0.9476
vn -0.2898 -0.1822 0.9396
vn -0.3416 -0.2376 0.9093
vn -0.5513 -0.1235 0.8251
vn -0.7190 0.2209 0.6590
vn -0.6155 -0.0030 -0.7881
vn -0.8577 -0.1275 -0.4981
vn -0.8319 -0.2274 -0.5062
vn -0.8919 -0.3444 0.2931
vn -0.8814 -0.4626 0.0957
vn -0.5877 -0.8007 -0.1160
vn -0.9499 -0.1966 -0.2430
vn -0.6687 0.3739 0.6427
vn -0.9525 -0.2029 -0.2269
vn -0.9497 -0.1093 0.2936
vn -0.9185 -0.1044 0.3815
vn -0.9237 -0.2620 0.2795
vn -0.8496 -0.2367 0.4713
vn -0.9219 0.3634 -0.1343
vn -0.6291 0.4941 0.6000
vn -0.8976 0.3823 -0.2197
vn -0.9405 0.1861 -0.2844
vn -0.7346 0.6111 0.2947
vn -0.7344 0.6114 0.2947
vn -0.7346 0.6113 0.2946
vn -0.9788 -0.1181 0.1676
vn -0.5342 -0.5627 0.6309
vn -0.0988 -0.4591 0.8829
vn -0.0029 -0.9949 0.1004
vn -0.6681 0.2409 -0.7040
vn -0.8890 -0.0374 0.4564
vn 0.0223 -0.5498 -0.8350
vn 0.0104 -0.5040 -0.8636
vn 0.0378 -0.5580 -0.8290
vn 0.4567 -0.2890 -0.8414
vn 0.3288 -0.3134 -0.8909
vn -0.8578 -0.1191 0.5000
vn 0.1916 -0.3463 -0.9184
vn 0.2958 -0.2663 -0.9174
vn 0.0153 -0.0255 0.9996
vn 0.0709 -0.1905 0.9791
vn -0.5664 -0.4135 -0.7129
vn -0.9483 -0.1789 -0.2621
vn -0.8815 -0.1976 0.4288
vn -0.9257 -0.1672 -0.3393
vn -0.9217 0.0227 -0.3873
vn -0.9300 -0.0904 0.3562
vn -0.8234 -0.1187 0.5549
vn -0.9070 -0.2782 0.3160
vn -0.9025 0.2649 -0.3395
vn -0.8994 0.3489 -0.2635
vn -0.9148 0.3510 -0.1996
vn -0.7494 -0.0004 0.6621
vn -0.9262 0.3275 -0.1868
vn -0.6373 0.3568 0.6830
vn -0.8516 0.5125 -0.1102
vn -0.7082 0.5278 -0.4689
vn -0.3760 0.9242 -0.0675
vn -0.2933 0.9289 -0.2263
vn -0.1945 0.9427 -0.2710
vn -0.4627 0.5318 0.7093
vn -0.5214 -0.3446 -0.7807
vn -0.7907 0.6120 -0.0158
vn -0.7321 -0.6028 -0.3172
vn -0.7705 -0.6084 -0.1904
vn -0.9331 -0.3562 0.0483
vn -0.9488 -0.3041 0.0856
vn -0.8807 -0.2144 0.4223
vn -0.4244 -0.6661 -0.6133
vn -0.8433 0.0342 0.5364
vn -0.3961 0.2534 0.8825
vn -0.2098 0.0039 0.9777
vn -0.3840 -0.1477 0.9115
vn -0.4481 -0.3998 0.7996
vn -0.5294 0.0756 0.8450
vn -0.8116 -0.4017 -0.4242
vn -0.9271 -0.2720 -0.2579
vn -0.4412 -0.8766 0.1922
vn -0.7069 -0.3559 0.6113
vn -0.9214 -0.2304 -0.3130
vn -0.8436 -0.1421 0.5178
vn -0.8866 -0.0692 -0.4573
vn -0.9112 0.0409 -0.4100
vn -0.9132 0.0823 -0.3992
vn -0.6487 0.1328 0.7494
vn -0.8864 0.4406 -0.1420
vn -0.7780 0.5978 -0.1933
vn -0.5840 0.6633 0.4680
vn -0.9174 0.2694 -0.2931
vn -0.8235 0.4665 0.3229
vn -0.8875 0.0807 0.4536
vn -0.0876 0.9703 -0.2256
vn -0.1292 0.9394 -0.3177
vn -0.7102 0.0512 0.7021
vn 0.0344 0.9942 0.1019
vn -0.1576 -0.8574 -0.4900
vn -0.0496 -0.9659 -0.2540
vn -0.6698 0.2741 -0.6901
vn -0.7048 0.4896 -0.5133
vn -0.7568 0.5400 -0.3682
vn -0.6170 0.7190 0.3199
vn -0.0576 -0.6734 -0.7370
vn -0.1027 -0.7621 -0.6393
vn -0.3667 -0.6752 -0.6401
vn -0.6903 0.2649 0.6733
vn 0.2267 -0.3447 -0.9109
vn -0.1331 -0.4537 -0.8812
vn -0.2415 -0.5211 -0.8186
vn -0.7895 0.0635 0.6105
vn -0.8441 -0.2429 0.4780
vn -0.8825 -0.3486 0.3158
vn -0.8710 -0.4094 0.2716
vn -0.8311 -0.4485 0.3288
vn -0.8918 -0.2790 -0.3561
vn -0.8756 -0.2065 0.4366
vn -0.8012 -0.2971 0.5195
vn -0.7940 -0.2567 0.5511
vn -0.8701 -0.1886 0.4553
vn -0.8357 -0.2060 0.5092
vn -0.8409 -0.3014 0.4494
vn -0.8788 -0.2438 0.4103
vn -0.8102 0.5266 -0.2574
vn -0.6067 0.7251 -0.3260
vn -0.5747 0.8179 -0.0277
vn -0.7978 -0.0048 0.6029
vn 0.2643 -0.1288 0.9558
vn 0.5507 0.3604 0.7529
vn -0.3634 0.8863 -0.2871
vn -0.0132 -0.9996 -0.0265
vn -0.3950 0.7881 0.4720
vn -0.8023 0.5442 -0.2454
vn -0.8180 0.5606 -0.1289
vn -0.7515 -0.6537 0.0894
vn -0.7332 -0.6644 0.1447
vn -0.5216 -0.7746 -0.3578
vn -0.8190 -0.2033 0.5365
vn 0.5263 -0.1502 -0.8369
vn -0.6963 0.5323 0.4814
vn -0.4828 0.6748 0.5581
vn -0.0406 0.6797 0.7324
vn -0.3264 0.6070 0.7246
vn 0.2638 0.1927 0.9451
vn 0.1310 0.4568 0.8799
vn -0.3291 -0.4734 -0.8171
vn -0.5167 -0.6031 -0.6077
vn -0.2808 -0.4649 -0.8397
vn -0.2941 -0.4351 -0.8510
vn -0.8863 -0.2412 -0.3955
vn -0.8393 0.0043 -0.5437
vn -0.8811 -0.0562 0.4697
vn -0.8781 0.0183 0.4781
vn -0.8545 -0.0734 0.5142
vn -0.8569 0.0441 -0.5135
vn -0.8325 0.1384 -0.5365
vn -0.8847 -0.1936 0.4240
vn -0.8134 0.3082 -0.4934
vn -0.8001 0.5195 -0.2998
vn -0.7558 0.6472 -0.0994
vn 0.0145 0.4116 0.9113
vn -0.2069 0.9721 -0.1105
vn -0.3658 0.9122 -0.1844
vn -0.4674 0.8792 -0.0921
vn -0.2134 -0.7754 -0.5944
vn -0.4918 -0.3871 -0.7799
vn -0.8114 -0.3935 0.4321
vn 0.0027 -0.7491 -0.6625
vn -0.0472 -0.7670 -0.6400
vn -0.1465 -0.8844 -0.4432
vn -0.1601 -0.9343 -0.3185
vn -0.2231 -0.8391 -0.4961
vn -0.8163 0.0155 0.5774
vn 0.5870 -0.1460 -0.7963
vn -0.8149 0.1314 0.5646
vn 0.0913 -0.0840 0.9923
vn 0.0640 -0.2778 0.9585
vn 0.0175 -0.5512 0.8342
vn -0.0033 -0.6550 0.7556
vn -0.5392 -0.8131 0.2196
vn -0.5307 -0.8119 -0.2434
vn -0.8627 -0.3812 -0.3324
vn -0.9072 -0.2190 0.3592
vn -0.8634 -0.2818 -0.4185
vn -0.8407 -0.1428 -0.5223
vn -0.7664 -0.2443 0.5941
vn -0.8382 0.0496 -0.5431
vn -0.8855 -0.1769 0.4297
vn -0.8950 -0.2116 0.3927
vn -0.7957 0.0128 0.6056
vn -0.7395 0.0426 0.6718
vn -0.6055 0.0139 0.7957
vn -0.7681 0.4858 -0.4171
vn -0.6984 0.7134 -0.0565
vn -0.5450 0.5846 0.6010
vn -0.5336 0.6954 0.4815
vn -0.3801 0.8281 0.4121
vn -0.4203 0.7784 0.4662
vn -0.4027 0.7895 0.4633
vn -0.1971 0.9761 -0.0917
vn 0.1148 0.0136 0.9933
vn 0.5116 0.7611 0.3988
vn 0.4780 -0.2723 0.8351
vn 0.4726 -0.2023 0.8578
vn 0.1331 -0.2688 0.9540
vn -0.2956 0.7617 0.5766
vn -0.7815 0.6093 0.1346
vn -0.4585 -0.5252 -0.7169
vn -0.8343 -0.0500 0.5491
vn -0.8924 -0.1918 0.4085
vn -0.8444 -0.2167 0.4899
vn -0.8250 -0.2184 0.5212
vn -0.8408 -0.2688 -0.4699
vn -0.7219 -0.2262 0.6539
vn -0.7161 -0.2043 0.6674
vn -0.7110 -0.2222 0.6672
vn -0.7162 -0.2163 0.6635
vn -0.7149 0.3237 -0.6198
vn -0.6799 0.4719 -0.5613
vn -0.6503 0.0694 0.7565
vn -0.6088 0.7129 -0.3481
vn -0.6243 0.7807 -0.0284
vn -0.5045 0.8596 0.0810
vn -0.2222 -0.3372 0.9148
vn 0.2484 -0.2437 0.9375
vn -0.3392 0.8994 -0.2758
vn -0.3594 -0.6785 0.6406
vn -0.0114 -0.9979 0.0638
vn -0.4438 -0.8837 0.1486
vn -0.2585 -0.9655 0.0320
vn -0.3613 -0.8710 0.3330
vn -0.6623 -0.5787 0.4758
vn -0.7572 -0.4298 0.4918
vn -0.6825 -0.3709 0.6298
vn 0.4025 -0.5498 -0.7320
vn 0.4320 -0.4383 -0.7882
vn -0.7681 0.3789 0.5161
vn -0.5751 -0.5884 -0.5683
vn -0.8264 0.4810 0.2929
vn -0.9668 0.2042 0.1538
vn -0.8174 -0.2128 0.5354
vn -0.9177 -0.3803 0.1151
vn -0.9399 0.0225 0.3406
vn -0.8148 -0.5154 -0.2657
vn -0.9469 -0.2085 0.2447
vn -0.6360 0.6236 -0.4545
vn -0.6232 0.7225 -0.2993
vn -0.5321 0.8062 -0.2588
vn -0.4917 0.8585 -0.1452
vn -0.3051 0.8532 -0.4229
vn -0.0885 0.9891 0.1174
vn -0.4909 -0.3596 -0.7936
vn -0.6300 0.2103 -0.7475
vn -0.7717 0.3371 -0.5394
vn -0.6030 0.7249 0.3330
vn -0.3953 0.8073 0.4381
vn -0.7422 0.6614 0.1076
vn -0.6342 -0.1085 0.7655
vn -0.8270 -0.3418 -0.4464
vn -0.9414 -0.1232 0.3141
vn -0.9439 -0.0921 0.3171
vn -0.7665 -0.3214 -0.5561
vn -0.8294 -0.2168 0.5149
vn -0.7481 -0.0962 -0.6565
vn -0.7029 -0.2162 0.6777
vn -0.8278 0.0994 -0.5521
vn -0.8091 -0.2132 0.5476
vn -0.7665 -0.4179 0.4877
vn -0.6099 -0.4650 0.6417
vn -0.6781 0.0847 0.7301
vn -0.5557 0.3235 0.7659
vn 0.3901 0.8330 0.3923
vn -0.6487 0.7610 -0.0102
vn -0.5919 0.7922 -0.1487
vn -0.4963 0.8452 -0.1983
vn -0.6980 0.6842 -0.2115
vn -0.6402 0.7297 -0.2403
vn 0.5599 0.6698 0.4878
vn -0.4315 0.3417 0.8349
vn -0.8475 0.4386 -0.2990
vn -0.7968 0.6031 -0.0372
vn 0.3480 -0.7099 -0.6123
vn 0.2903 -0.7647 -0.5753
vn -0.0856 -0.6451 -0.7593
vn -0.7274 0.2330 0.6454
vn -0.8197 0.2627 0.5090
vn -0.8536 0.1545 0.4975
vn -0.7177 0.5148 0.4689
vn -0.6200 0.5144 0.5925
vn -0.7826 -0.0569 0.6200
vn -0.7904 -0.4794 -0.3814
vn -0.6572 -0.3022 0.6905
vn -0.7894 -0.3280 -0.5189
vn -0.7827 -0.3453 -0.5179
vn -0.9117 -0.0809 0.4028
vn -0.6737 -0.2097 -0.7086
vn -0.7204 -0.1318 -0.6809
vn -0.7750 -0.2182 0.5931
vn -0.6300 -0.3551 0.6906
vn -0.4754 -0.6932 0.5417
vn -0.6994 0.2415 -0.6727
vn -0.5673 0.0831 0.8193
vn -0.5988 0.7120 0.3669
vn -0.4878 0.7756 0.4006
vn -0.5155 -0.1329 0.8465
vn -0.1006 0.1237 0.9872
vn -0.0659 0.2847 0.9564
vn 0.2666 -0.0239 0.9635
vn 0.2822 0.7089 0.6464
vn -0.2623 -0.6868 -0.6779
vn -0.4260 -0.4109 -0.8060
vn -0.8002 0.4155 -0.4325
vn -0.8312 0.5145 -0.2107
vn -0.3942 0.8214 0.4121
vn -0.6190 0.7114 0.3326
vn -0.6583 0.7167 0.2302
vn 0.2544 -0.9254 -0.2808
vn 0.2203 -0.9289 -0.2976
vn -0.8444 -0.0276 0.5351
vn -0.2911 -0.6438 -0.7076
vn -0.7994 -0.5463 -0.2500
vn -0.7736 -0.5436 -0.3258
vn -0.8932 -0.4198 0.1610
vn -0.9338 -0.3560 0.0361
vn -0.9728 -0.2289 0.0345
vn -0.9706 -0.1058 0.2162
vn -0.9441 -0.0686 0.3225
vn -0.9512 -0.1108 0.2880
vn -0.4353 -0.2979 0.8496
vn -0.9219 -0.1903 0.3375
vn -0.8952 -0.1703 0.4119
vn -0.6161 0.4643 -0.6363
vn -0.4968 0.4888 0.7171
vn -0.3924 0.8747 -0.2844
vn -0.6235 0.5211 0.5828
vn -0.5712 0.8174 -0.0750
vn -0.4844 0.7783 0.3995
vn -0.2964 0.3448 0.8907
vn -0.0984 0.4585 0.8832
vn -0.6549 0.7543 -0.0467
vn -0.5672 0.8171 -0.1036
vn -0.7928 0.6064 0.0617
vn -0.4458 0.5796 0.6822
vn -0.6640 0.4901 -0.5648
vn -0.8828 0.3573 -0.3049
vn 0.7205 0.5505 -0.4217
vn -0.7265 -0.5224 0.4464
vn -0.9857 0.1015 -0.1345
vn -0.1922 -0.7944 0.5762
vn -0.9384 0.3272 -0.1112
vn -0.9148 0.3742 -0.1519
vn -0.9535 0.2925 -0.0730
vn -0.4111 -0.0320 0.9110
vn -0.3574 -0.5084 -0.7834
vn -0.4401 -0.4823 -0.7575
vn -0.0697 0.8467 0.5274
vn -0.7868 0.6070 -0.1114
vn -0.4474 -0.6483 0.6161
vn 0.0334 -0.7597 -0.6494
vn 0.0296 -0.6575 -0.7529
vn -0.3543 -0.7563 -0.5500
vn -0.0207 -0.6751 -0.7375
vn -0.8803 0.1936 0.4331
vn -0.8233 -0.4670 -0.3225
vn -0.5438 0.5527 0.6315
vn -0.6234 0.4936 0.6064
vn -0.5338 0.5623 0.6316
vn -0.6840 0.4420 0.5803
vn -0.5176 0.5949 0.6149
vn -0.7404 -0.0135 0.6720
vn -0.8187 -0.5061 0.2712
vn -0.9432 -0.2857 -0.1695
vn -0.9520 -0.0062 0.3059
vn -0.9414 0.0018 0.3374
vn -0.9530 -0.0954 0.2874
vn -0.7827 -0.0493 -0.6205
vn -0.7714 -0.1593 0.6161
vn -0.7638 0.2190 -0.6071
vn -0.4093 0.0810 0.9088
vn -0.5660 0.1124 0.8167
vn -0.6616 -0.0210 0.7496
vn -0.5927 0.3847 -0.7077
vn -0.5912 0.5505 -0.5895
vn -0.6304 0.1527 0.7611
vn -0.4897 0.8189 -0.2991
vn -0.6539 0.6190 0.4350
vn -0.8596 0.4942 0.1299
vn -0.7320 -0.2801 0.6211
vn -0.4593 0.8780 -0.1347
vn -0.0631 -0.9635 -0.2601
vn -0.7111 0.2479 -0.6579
vn 0.1841 0.8475 0.4979
vn -0.0811 0.8602 0.5035
vn 0.2537 -0.9623 -0.0984
vn -0.1033 -0.9325 0.3461
vn -0.7464 -0.1763 0.6417
vn -0.4808 -0.6711 -0.5643
vn -0.5355 -0.5821 -0.6119
vn -0.9066 0.0498 0.4190
vn -0.0807 -0.6539 -0.7523
vn -0.7370 -0.5008 -0.4539
vn -0.8890 0.2164 0.4035
vn -0.9664 -0.2313 0.1121
vn -0.8871 -0.4494 0.1052
vn -0.9595 -0.2815 0.0042
vn -0.9607 -0.2709 -0.0614
vn -0.9545 -0.0750 0.2886
vn -0.9990 0.0357 0.0255
vn -0.9457 -0.1996 0.2566
vn -0.6665 0.6568 0.3527
vn -0.9743 0.2209 -0.0452
vn -0.9866 0.1590 -0.0365
vn -0.9979 -0.0559 -0.0325
vn -0.8013 -0.0388 0.5970
vn -0.9820 -0.1827 0.0468
vn -0.9461 -0.2525 0.2029
vn -0.8929 -0.3057 0.3306
vn -0.7408 -0.5046 -0.4434
vn -0.7559 -0.3920 -0.5244
vn -0.9481 -0.0876 0.3056
vn -0.6835 -0.3101 -0.6608
vn -0.2358 -0.6244 0.7446
vn -0.4932 0.8529 -0.1714
vn -0.6195 0.4970 0.6076
vn -0.3285 0.5351 0.7783
vn -0.4838 0.4237 0.7658
vn -0.7073 0.6948 -0.1302
vn -0.6116 0.7820 -0.1199
vn -0.3244 -0.2412 0.9147
vn -0.7254 0.6384 -0.2573
vn 0.8413 -0.3639 0.3997
vn -0.3682 0.3850 0.8463
vn -0.7468 0.2158 -0.6291
vn -0.7117 0.1322 -0.6899
vn -0.5787 0.7807 0.2358
vn -0.2000 0.8585 0.4722
vn -0.6100 0.7779 0.1507
vn -0.5525 0.7912 0.2623
vn -0.5708 0.7802 0.2560
vn -0.5018 -0.8232 -0.2655
vn -0.7764 -0.5114 -0.3683
vn -0.8877 -0.1894 0.4196
vn -0.9563 -0.0912 0.2780
vn -0.8665 -0.4154 -0.2767
vn -0.8779 0.1771 0.4449
vn -0.8567 -0.0717 0.5108
vn -0.9402 -0.0408 0.3382
vn -0.9887 -0.1145 -0.0963
vn -0.9267 -0.0445 0.3731
vn -0.8995 -0.0005 0.4369
vn -0.4994 -0.3397 -0.7970
vn -0.6713 -0.1703 -0.7213
vn -0.7735 0.0443 -0.6323
vn -0.6743 -0.1505 0.7230
vn -0.6470 -0.1877 0.7390
vn -0.5857 -0.2258 0.7785
vn -0.3369 -0.0331 0.9410
vn -0.6370 0.3376 -0.6930
vn -0.6290 -0.6329 0.4515
vn -0.8098 0.0785 0.5815
vn -0.8754 0.0341 0.4822
vn -0.8012 0.0810 0.5929
vn -0.6934 0.1701 0.7002
vn -0.5730 0.2556 0.7787
vn -0.4858 0.7612 -0.4297
vn -0.5837 0.7182 0.3789
vn -0.6984 0.6095 0.3751
vn -0.7740 0.5464 0.3200
vn 0.3755 -0.5404 0.7530
vn -0.9431 0.2047 -0.2620
vn 0.8761 -0.0283 0.4812
vn 0.7910 0.5215 0.3198
vn 0.8206 0.4513 0.3506
vn -0.6444 0.7469 -0.1641
vn -0.8135 0.5718 -0.1060
vn -0.7655 0.6170 -0.1825
vn 0.8487 -0.1781 0.4981
vn 0.9561 -0.1001 0.2754
vn 0.7241 0.5473 -0.4197
vn 0.8520 -0.4802 0.2084
vn -0.3620 0.7892 -0.4960
vn -0.2081 0.7625 0.6126
vn 0.0553 0.8422 0.5363
vn 0.1796 0.8481 0.4984
vn -0.5590 -0.0469 -0.8279
vn -0.5655 -0.0435 -0.8236
vn -0.5603 -0.0941 -0.8229
vn 0.3828 0.8073 0.4492
vn -0.7880 0.3410 -0.5127
vn -0.8359 0.3933 -0.3828
vn -0.7419 -0.6435 0.1886
vn -0.7518 -0.6478 0.1232
vn -0.8275 -0.5416 0.1477
vn -0.9276 -0.2898 0.2356
vn -0.9067 -0.2615 0.3311
vn -0.9405 -0.1850 0.2851
vn -0.8750 -0.2713 0.4009
vn -0.8016 -0.4766 -0.3610
vn -0.7397 -0.5128 -0.4357
vn -0.9148 -0.0423 0.4018
vn -0.9511 -0.0936 0.2945
vn -0.8761 0.0150 0.4818
vn -0.7285 -0.1567 -0.6669
vn -0.8514 -0.1012 0.5147
vn -0.7297 -0.1322 0.6709
vn -0.7269 -0.0962 -0.6800
vn -0.7230 0.2257 -0.6529
vn -0.6867 -0.1253 0.7160
vn -0.6432 -0.2138 0.7352
vn -0.7170 0.1234 0.6860
vn -0.5681 0.4882 -0.6625
vn -0.5781 0.0846 0.8116
vn -0.5085 0.6596 -0.5535
vn -0.4403 0.8410 -0.3142
vn -0.7791 0.4424 0.4442
vn -0.5799 0.6993 0.4180
vn -0.7620 0.5894 0.2681
vn -0.2798 0.2503 0.9269
vn 0.0841 0.4778 0.8744
vn 0.0172 0.6174 0.7864
vn 0.0959 0.6548 0.7497
vn 0.4182 0.7025 0.5759
vn 0.0314 0.8419 0.5387
vn -0.8959 -0.4442 -0.0101
vn -0.6293 -0.7731 0.0792
vn -0.8369 -0.5408 -0.0850
vn -0.8162 -0.5164 -0.2590
vn -0.9457 -0.1814 0.2697
vn -0.9429 -0.2688 -0.1967
vn -0.8932 -0.3169 -0.3190
vn -0.9406 -0.0892 0.3276
vn -0.6947 -0.5018 -0.5154
vn -0.7153 -0.3797 -0.5867
vn -0.7552 -0.3108 -0.5772
vn -0.8784 0.0199 0.4775
vn -0.6759 -0.1770 -0.7154
vn -0.0462 0.0053 0.9989
vn -0.5558 -0.1284 0.8214
vn -0.4728 -0.2029 0.8575
vn -0.4703 -0.2306 0.8518
vn -0.8266 0.5110 0.2360
vn -0.5186 0.8446 -0.1331
vn -0.7556 0.6152 -0.2251
vn -0.3020 -0.9376 0.1726
vn 0.0136 -0.9973 0.0720
vn -0.0555 -0.2526 0.9660
vn -0.1763 -0.8702 -0.4601
vn 0.2711 0.4003 0.8754
vn 0.2335 0.6703 0.7044
vn 0.2663 0.4528 0.8509
vn -0.5813 -0.2484 -0.7749
vn -0.6970 0.0244 -0.7167
vn 0.5834 0.6523 0.4839
vn -0.5047 0.8425 0.1885
vn -0.6979 0.7162 0.0041
vn -0.8935 -0.4447 0.0625
vn -0.9140 -0.4036 -0.0419
vn -0.9560 -0.2811 -0.0839
vn -0.9464 -0.1119 0.3031
vn -0.8421 0.0133 0.5392
vn -0.6267 -0.0594 -0.7770
vn -0.2337 -0.3287 0.9151
vn -0.1278 -0.4748 0.8708
vn -0.3071 -0.6809 0.6649
vn -0.4045 -0.5385 0.7392
vn -0.3292 -0.6550 0.6801
vn -0.4699 -0.4126 0.7803
vn -0.5596 0.3529 0.7499
vn -0.4942 0.3156 0.8100
vn -0.5127 0.5770 -0.6357
vn -0.6053 0.3703 0.7046
vn -0.5418 0.8090 -0.2279
vn -0.2260 0.7058 0.6714
vn -0.3022 0.9531 -0.0182
vn 0.4675 -0.4813 0.7415
vn -0.0519 0.3906 0.9191
vn 0.3778 0.9062 -0.1897
vn -0.9237 0.3452 -0.1665
vn 0.2803 0.0723 0.9572
vn -0.3174 -0.7161 -0.6217
vn 0.7412 0.6025 0.2959
vn 0.7098 0.6265 0.3221
vn 0.8108 0.4747 0.3425
vn -0.2199 0.8736 0.4342
vn -0.2289 0.8615 0.4532
vn -0.1962 0.8786 0.4353
vn -0.1922 0.8518 0.4873
vn -0.9063 -0.3834 0.1777
vn -0.9436 -0.3213 -0.0799
vn -0.9112 -0.3061 0.2759
vn -0.9678 -0.1787 -0.1775
vn -0.9018 -0.1995 -0.3833
vn -0.9399 -0.0812 0.3317
vn -0.6870 -0.5600 -0.4632
vn -0.9128 -0.0225 0.4079
vn -0.7444 -0.2011 -0.6367
vn -0.6691 -0.3080 -0.6763
vn -0.6610 -0.2064 -0.7215
vn -0.8344 -0.1137 0.5393
vn -0.7837 -0.0974 0.6134
vn -0.5607 0.0520 -0.8264
vn -0.5711 0.2856 -0.7696
vn -0.3534 -0.1479 0.9237
vn -0.4683 -0.1449 0.8716
vn -0.3341 -0.6624 0.6706
vn -0.6473 -0.0273 0.7617
vn -0.5346 0.7787 -0.3283
vn -0.7744 0.3258 0.5424
vn -0.8590 0.3746 0.3491
vn -0.4916 0.8330 -0.2540
vn -0.5309 0.7577 -0.3795
vn -0.5269 0.7675 -0.3652
vn -0.6323 0.7536 0.1795
vn -0.5807 0.7758 -0.2468
vn -0.6456 0.7342 -0.2100
vn -0.5581 0.6648 -0.4965
vn -0.1614 0.9171 -0.3644
vn 0.3552 -0.9161 0.1862
vn 0.7687 -0.1606 0.6192
vn 0.7896 0.1795 0.5868
vn 0.7913 0.1965 0.5790
vn 0.6944 0.4574 0.5555
vn 0.5074 0.6842 0.5239
vn 0.6061 0.7087 0.3611
vn -0.5844 -0.2612 -0.7683
vn 0.8152 0.5246 0.2453
vn 0.7587 0.5641 0.3257
vn 0.8193 0.4307 0.3785
vn 0.8296 0.3917 0.3980
vn 0.7071 0.5371 0.4599
vn -0.8345 0.3092 -0.4561
vn 0.2737 0.7385 0.6162
vn -0.8386 0.4451 -0.3141
vn 0.2474 0.7379 0.6279
vn -0.7803 0.6100 -0.1381
vn -0.5887 0.7948 0.1474
vn -0.3258 0.9023 0.2825
vn -0.9866 -0.1624 -0.0172
vn -0.9849 -0.1598 -0.0667
vn -0.9485 -0.1882 -0.2549
vn -0.8982 -0.2510 0.3608
vn -0.6640 -0.4822 -0.5715
vn -0.8566 0.0216 0.5155
vn -0.6027 -0.1614 -0.7815
vn -0.7541 -0.0524 0.6547
vn -0.5231 -0.1431 0.8402
vn -0.5623 -0.1413 0.8147
vn -0.4783 0.4352 -0.7628
vn -0.4430 0.6981 -0.5624
vn -0.4816 0.8701 -0.1046
vn -0.0239 0.6431 0.7654
vn 0.3933 -0.4629 0.7944
vn 0.5120 -0.5251 0.6798
vn 0.3501 -0.8247 0.4443
vn 0.6294 -0.6691 0.3951
vn -0.3039 -0.5493 -0.7784
vn 0.8766 0.4529 0.1626
vn 0.8799 0.4445 0.1678
vn 0.8597 0.4823 0.1681
vn 0.4801 0.7223 0.4978
vn 0.4811 0.7206 0.4993
vn -0.4831 0.6366 0.6011
vn -0.8953 0.2832 0.3437
vn -0.8053 0.4242 0.4142
vn -0.7718 0.2207 -0.5963
vn -0.4738 0.6089 0.6363
vn -0.5019 0.6041 0.6190
vn -0.7593 0.5622 0.3278
vn -0.7498 0.6137 0.2473
vn -0.1729 0.8356 0.5214
vn -0.9157 0.4000 0.0371
vn 0.7220 0.4736 0.5044
vn -0.9375 -0.3463 0.0352
vn -0.9657 -0.2187 0.1396
vn -0.8254 -0.3380 -0.4522
vn -0.9192 -0.1492 0.3645
vn -0.8613 0.0600 0.5045
vn -0.8539 -0.1607 0.4950
vn -0.6394 -0.1893 -0.7452
vn -0.4856 -0.1187 -0.8661
vn -0.3800 0.1351 0.9150
vn -0.7774 0.0579 0.6263
vn -0.4818 0.7509 -0.4516
vn -0.7360 0.2947 0.6095
vn -0.4689 0.8672 -0.1674
vn -0.7680 0.6253 0.1386
vn 0.5830 0.5189 0.6252
vn -0.6259 0.7307 0.2725
vn 0.6464 -0.3754 0.6643
vn 0.9464 0.3034 0.1105
vn 0.4735 0.8350 0.2801
vn 0.7967 0.5803 0.1689
vn 0.7643 0.6179 0.1845
vn 0.6420 0.2703 0.7175
vn 0.8285 0.5228 0.2004
vn -0.0592 0.7478 0.6613
vn -0.1394 0.8145 0.5632
vn -0.6630 0.5367 0.5219
vn -0.6786 0.0212 -0.7342
vn -0.8447 0.3749 0.3819
vn -0.9428 0.2293 0.2419
vn -0.8428 0.4364 0.3151
vn -0.9068 0.3198 0.2747
vn 0.6431 0.4887 0.5896
vn 0.2722 0.7372 0.6184
vn 0.5850 0.5098 0.6308
vn 0.6358 0.4612 0.6190
vn 0.2308 0.7683 0.5970
vn -0.9579 -0.1907 -0.2147
vn -0.9539 -0.1051 0.2811
vn -0.9866 -0.1120 0.1186
vn -0.8777 -0.4753 0.0613
vn -0.9162 -0.1971 -0.3489
vn -0.8892 -0.0111 0.4574
vn -0.6291 -0.4574 -0.6285
vn -0.7818 0.1428 0.6070
vn -0.5869 -0.3983 -0.7050
vn -0.8654 -0.0169 0.5008
vn -0.5907 -0.2055 -0.7803
vn -0.7995 -0.0905 0.5939
vn -0.7122 0.0297 0.7014
vn -0.4775 -0.1098 0.8717
vn -0.3738 -0.2849 0.8827
vn -0.2805 0.0138 0.9597
vn -0.1733 -0.1156 0.9781
vn -0.3116 0.0114 0.9501
vn 0.0447 -0.5427 0.8387
vn 0.0439 -0.5530 0.8320
vn 0.0428 -0.5562 0.8299
vn 0.0447 -0.5397 0.8407
vn -0.2230 0.0352 0.9742
vn -0.5859 0.4522 0.6724
vn -0.6283 0.4305 0.6480
vn -0.6407 0.4233 0.6405
vn -0.8083 0.4977 0.3146
vn -0.3247 0.9012 0.2870
vn -0.4420 0.8703 0.2172
vn 0.4752 0.8738 -0.1030
vn 0.9056 0.4230 0.0318
vn -0.0147 -0.8715 0.4902
vn -0.0208 -0.8546 0.5188
vn 0.0431 0.7455 0.6651
vn -0.5847 0.5333 0.6113
vn 0.0140 0.8445 0.5354
vn 0.4071 0.8646 0.2946
vn -0.3441 0.7159 0.6075
vn -0.6158 0.6684 0.4172
vn -0.6063 0.6003 0.5216
vn 0.4224 0.8521 0.3091
vn -0.8685 0.4885 0.0846
vn -0.8742 0.4820 -0.0581
vn 0.5709 0.4943 0.6556
vn -0.8032 0.3530 -0.4798
vn -0.5757 0.8155 -0.0587
vn -0.3104 0.9243 0.2218
vn -0.9897 -0.1392 0.0349
vn -0.9806 -0.1572 -0.1175
vn -0.9340 -0.2962 0.1997
vn -0.8419 -0.4907 0.2244
vn -0.8747 -0.1934 -0.4444
vn -0.8754 -0.2101 0.4353
vn -0.6100 -0.4390 -0.6597
vn -0.9214 0.0052 0.3885
vn -0.5659 -0.2949 -0.7699
vn -0.8020 -0.0592 0.5944
vn -0.3926 0.1326 -0.9101
vn -0.5280 -0.0411 0.8483
vn -0.5905 0.0896 0.8021
vn -0.4361 0.2922 -0.8512
vn -0.3158 -0.2596 0.9126
vn -0.2482 0.0238 0.9684
vn -0.5602 -0.1401 0.8164
vn -0.4220 0.6411 -0.6411
vn -0.8085 0.0149 0.5884
vn -0.7975 0.3577 0.4859
vn -0.4835 0.8569 -0.1786
vn -0.2633 0.8726 0.4114
vn -0.1882 0.9807 -0.0532
vn -0.2741 0.9594 -0.0657
vn -0.1382 0.9868 -0.0842
vn 0.5791 -0.6280 0.5199
vn -0.0768 -0.9891 0.1259
vn -0.1078 -0.9550 -0.2765
vn -0.1403 0.8438 0.5181
vn -0.0374 0.9622 0.2697
vn -0.7949 0.3803 0.4728
vn -0.9109 0.2021 0.3597
vn -0.9555 0.1040 0.2760
vn -0.8177 0.4862 0.3081
vn -0.8339 0.5419 -0.1041
vn -0.9830 0.1837 0.0023
vn 0.6129 0.5090 0.6043
vn 0.6187 0.4858 0.6175
vn 0.6218 0.4919 0.6094
vn -0.8937 0.4392 -0.0914
vn -0.8870 0.4477 -0.1126
vn -0.8935 0.4405 -0.0871
vn -0.9892 -0.1273 -0.0730
vn -0.9772 -0.1617 -0.1374
vn -0.9982 0.0326 -0.0512
vn -0.9859 -0.1405 0.0906
vn 0.2479 0.7786 0.5765
vn -0.0426 0.9089 0.4149
vn -0.9332 -0.2082 -0.2930
vn -0.9606 -0.0902 0.2629
vn -0.9255 -0.0996 0.3653
vn -0.8145 -0.5568 0.1631
vn -0.8851 -0.1693 -0.4335
vn -0.8345 -0.3976 0.3815
vn -0.8194 -0.2322 -0.5240
vn -0.8832 -0.1002 0.4582
vn -0.6653 -0.5298 -0.5259
vn -0.6263 -0.5605 -0.5418
vn -0.7296 0.1566 0.6658
vn -0.7284 -0.1137 0.6757
vn -0.8285 -0.2786 0.4857
vn -0.8660 0.1072 0.4884
vn -0.4250 -0.0554 -0.9035
vn -0.3252 -0.2574 0.9099
vn -0.2811 -0.2232 0.9334
vn -0.3781 -0.0898 0.9214
vn -0.4178 0.5557 -0.7188
vn -0.5251 0.8126 -0.2528
vn -0.5047 0.4733 -0.7220
vn 0.3026 0.7667 0.5662
vn 0.5090 0.0168 0.8606
vn 0.5101 0.0040 0.8601
vn -0.6700 0.6345 0.3855
vn -0.4419 -0.5666 -0.6955
vn -0.4052 -0.5822 -0.7049
vn -0.4714 -0.4046 -0.7836
vn -0.7852 0.4300 0.4456
vn -0.4974 0.6175 0.6093
vn -0.9753 -0.1951 -0.1031
vn -0.9789 -0.1882 0.0802
vn -0.8641 0.4999 -0.0587
vn -0.9715 0.1157 -0.2067
vn 0.5843 0.5710 0.5767
vn 0.5896 0.5793 0.5629
vn -0.9081 -0.0415 0.4166
vn -0.7363 0.5742 -0.3579
vn -0.9431 -0.1376 -0.3026
vn -0.7569 0.5960 -0.2682
vn -0.8428 -0.1462 -0.5181
vn -0.8184 -0.3065 0.4861
vn -0.7864 -0.3238 -0.5261
vn -0.8157 0.1185 0.5662
vn -0.7267 -0.3685 0.5798
vn -0.5384 -0.3660 -0.7591
vn -0.9231 0.0705 0.3780
vn -0.8290 0.0390 0.5579
vn -0.4732 -0.1702 -0.8644
vn -0.3471 -0.0766 0.9347
vn 0.1891 -0.5209 0.8324
vn -0.7407 -0.3001 0.6011
vn -0.8495 0.0378 0.5263
vn -0.5797 0.4465 0.6817
vn -0.7712 0.2584 0.5818
vn -0.7765 0.2435 0.5812
vn -0.4606 0.8747 -0.1507
vn -0.7213 0.6731 0.1632
vn -0.6167 0.7860 0.0439
vn -0.4877 0.5316 -0.6925
vn 0.3006 0.8462 0.4399
vn -0.4859 0.5386 -0.6883
vn -0.7088 0.5466 0.4459
vn -0.6703 0.4840 0.5625
vn -0.4662 0.6651 0.5833
vn -0.6241 0.5082 0.5935
vn -0.4634 0.6435 0.6092
vn -0.9352 -0.0177 0.3536
vn -0.9442 -0.1599 0.2879
vn -0.8502 0.5149 0.1096
vn -0.0380 0.9017 0.4307
vn -0.8352 0.5490 -0.0330
vn -0.9231 -0.1005 -0.3712
vn -0.9218 -0.2684 0.2797
vn -0.8057 -0.2405 0.5413
vn -0.5607 -0.4143 -0.7170
vn -0.7408 -0.0306 0.6710
vn -0.3605 0.4309 -0.8272
vn -0.5205 0.0377 0.8530
vn 0.1713 -0.2944 0.9402
vn 0.0741 -0.2962 0.9523
vn -0.4324 -0.4102 0.8030
vn -0.7279 0.2726 0.6292
vn -0.6524 -0.1546 0.7419
vn -0.6286 -0.1300 0.7667
vn -0.7357 -0.2289 0.6375
vn -0.7107 0.3347 0.6188
vn -0.3591 0.9191 -0.1620
vn -0.7117 0.6205 0.3295
vn -0.7109 0.5128 0.4812
vn -0.5896 0.8064 0.0455
vn -0.5649 0.8246 -0.0298
vn 0.4862 -0.5426 0.6850
vn -0.6359 -0.2746 -0.7213
vn 0.4854 -0.5451 0.6835
vn -0.2363 -0.8646 -0.4435
vn -0.5010 -0.2558 -0.8268
vn -0.1989 0.7202 0.6646
vn -0.6667 0.3706 0.6467
vn -0.1866 0.7140 0.6748
vn -0.8809 -0.1292 0.4554
vn -0.6877 0.2513 -0.6811
vn 0.0618 0.9342 0.3514
vn -0.8473 0.5303 -0.0290
vn -0.8602 0.5044 -0.0749
vn -0.8516 0.5224 -0.0440
vn 0.6045 0.5742 0.5522
vn -0.9743 0.0005 -0.2252
vn 0.6104 0.5837 0.5354
vn -0.8909 -0.1476 0.4296
vn 0.0298 0.9304 0.3653
vn 0.0150 0.9260 0.3771
vn -0.9548 -0.0319 -0.2955
vn -0.6558 0.7042 -0.2722
vn -0.3878 0.9189 -0.0726
vn -0.1465 0.9749 0.1675
vn -0.8667 -0.4813 0.1307
vn -0.7965 -0.5082 0.3276
vn -0.8228 -0.1463 0.5492
vn -0.8119 -0.0249 0.5833
vn -0.7195 0.2709 0.6395
vn -0.5876 -0.4610 -0.6650
vn -0.6806 0.0640 0.7298
vn -0.8442 0.0328 0.5350
vn -0.6920 -0.2739 0.6679
vn -0.7165 0.0945 0.6912
vn -0.5867 0.4342 0.6836
vn -0.5385 0.7403 -0.4024
vn -0.7012 0.3700 0.6094
vn -0.5691 0.8155 -0.1051
vn -0.0998 -0.9906 0.0933
vn -0.4114 -0.8853 0.2168
vn -0.8357 0.3013 0.4592
vn -0.5911 0.6301 0.5035
vn -0.3364 -0.7010 -0.6288
vn -0.6251 0.3903 0.6759
vn -0.9286 -0.1550 0.3370
vn -0.8584 -0.0774 0.5071
vn -0.9456 -0.1492 -0.2891
vn -0.8680 0.4894 -0.0837
vn 0.5996 0.5901 0.5406
vn -0.9619 0.1439 -0.2325
vn -0.7741 -0.5839 0.2447
vn -0.5997 -0.5283 -0.6010
vn -0.4510 -0.4843 0.7497
vn -0.4794 -0.2730 -0.8341
vn -0.6694 0.0316 0.7422
vn -0.3569 -0.4214 0.8337
vn -0.5685 -0.4461 0.6912
vn -0.3728 0.5097 -0.7754
vn -0.6609 -0.3160 0.6807
vn -0.6790 -0.3557 0.6422
vn -0.6608 -0.3498 0.6641
vn -0.4812 -0.0189 0.8764
vn -0.4175 0.6215 -0.6629
vn -0.4594 0.8175 -0.3473
vn -0.5866 0.4121 0.6972
vn -0.3878 0.8999 -0.1994
vn -0.4456 0.8881 -0.1127
vn -0.5297 0.8435 0.0888
vn -0.4855 0.5848 -0.6499
vn -0.4258 0.7576 -0.4947
vn -0.8121 0.4480 -0.3739
vn 0.6875 0.0150 0.7260
vn -0.7109 0.5407 0.4497
vn -0.7084 0.4214 0.5661
vn -0.6428 0.4128 0.6453
vn -0.4038 0.7787 0.4802
vn -0.4293 0.6871 0.5862
vn -0.2252 0.7801 0.5837
vn -0.1437 0.8100 0.5686
vn -0.7719 0.0401 0.6345
vn -0.5948 0.1469 -0.7903
vn -0.7614 -0.0753 0.6439
vn -0.8214 -0.0992 0.5617
vn -0.6842 0.4347 -0.5856
vn 0.6025 0.5890 0.5386
vn -0.8643 0.4583 -0.2072
vn -0.8466 0.4911 -0.2054
vn -0.8679 0.4568 -0.1950
vn -0.8722 0.4824 -0.0805
vn -0.8540 -0.4562 0.2501
vn -0.8876 -0.0349 -0.4593
vn -0.7898 -0.4720 0.3916
vn -0.7745 -0.3976 0.4920
vn -0.7432 -0.3348 0.5793
vn -0.6654 -0.4267 -0.6125
vn -0.6872 0.2557 0.6800
vn -0.7372 0.1123 0.6663
vn -0.5890 -0.2903 0.7542
vn -0.5323 -0.3068 -0.7890
vn -0.7786 -0.1487 0.6096
vn -0.7471 -0.0262 0.6642
vn -0.3305 -0.0021 -0.9438
vn -0.6660 0.0362 0.7451
vn -0.7672 0.2255 0.6005
vn -0.7459 0.1467 0.6497
vn -0.4912 0.7049 -0.5118
vn -0.4351 0.4733 0.7659
vn -0.7736 0.6320 0.0460
vn -0.7436 0.6610 -0.1006
vn -0.4847 0.8743 0.0243
vn 0.1615 -0.8932 0.4197
vn -0.3924 0.7968 0.4594
vn -0.7985 0.5534 -0.2368
vn -0.8465 -0.3206 0.4251
vn 0.6077 0.6008 0.5194
vn -0.9402 -0.0804 -0.3310
vn -0.5775 0.7064 -0.4093
vn 0.4800 0.7477 0.4588
vn 0.0091 0.9922 0.1241
vn -0.7455 -0.1738 -0.6434
vn -0.7070 -0.2701 -0.6535
vn -0.7278 -0.0647 0.6828
vn -0.6363 0.2977 0.7117
vn -0.4259 -0.4342 0.7938
vn -0.7778 0.1060 0.6195
vn -0.2522 0.0343 -0.9671
vn -0.2855 0.3361 -0.8975
vn -0.6634 0.1118 0.7398
vn -0.5471 -0.4217 0.7231
vn -0.6643 -0.4290 0.6121
vn -0.6410 -0.0056 0.7675
vn -0.4233 -0.0428 0.9050
vn -0.4208 0.8768 -0.2326
vn -0.6106 0.5620 0.5579
vn -0.3622 0.6323 0.6849
vn -0.3828 0.5913 0.7098
vn -0.5803 0.8041 -0.1289
vn -0.3455 0.7625 0.5470
vn -0.3747 0.8512 0.3676
vn 0.6699 -0.0807 0.7380
vn -0.0520 -0.9908 -0.1247
vn -0.5797 -0.0106 -0.8148
vn 0.5372 0.7588 0.3683
vn 0.3401 0.7271 0.5963
vn -0.7558 0.5991 -0.2642
vn -0.9107 0.1451 -0.3868
vn -0.9084 0.2542 -0.3320
vn -0.9406 0.2533 -0.2263
vn -0.2817 0.9594 0.0115
vn -0.2581 0.9621 0.0885
vn -0.3106 0.9460 -0.0923
vn -0.7651 -0.5967 0.2421
vn -0.8404 -0.0500 -0.5396
vn -0.7805 -0.0763 -0.6205
vn -0.7221 -0.2108 0.6589
vn -0.5761 -0.3852 -0.7209
vn -0.5564 -0.3534 0.7520
vn -0.5896 -0.3628 0.7216
vn -0.7513 0.0393 0.6588
vn -0.7746 0.2041 0.5986
vn -0.2454 0.2179 -0.9446
vn -0.4151 0.5785 -0.7021
vn -0.4093 0.1462 0.9006
vn -0.6723 0.1678 0.7210
vn -0.7470 0.2704 0.6074
vn -0.3575 0.9159 -0.1825
vn -0.3162 0.7520 0.5784
vn -0.6414 0.7522 -0.1511
vn -0.5247 0.8293 -0.1922
vn -0.4252 0.8841 0.1941
vn 0.4376 -0.3636 0.8224
vn -0.0508 -0.6707 0.7400
vn -0.1882 -0.9496 0.2508
vn -0.2880 0.6900 0.6641
vn -0.0143 0.8103 0.5858
vn -0.0387 0.8353 0.5484
vn 0.6086 0.6520 0.4523
vn -0.8129 -0.4949 0.3070
vn -0.8686 0.2060 -0.4507
vn -0.4191 0.8631 -0.2819
vn -0.6475 -0.3093 0.6964
vn -0.5873 -0.5400 -0.6029
vn -0.5599 -0.5491 -0.6205
vn -0.6996 0.2015 0.6855
vn -0.6413 -0.0095 0.7672
vn -0.7251 -0.2772 0.6304
vn -0.7269 -0.4286 0.5367
vn -0.4862 -0.0003 0.8738
vn -0.3479 0.1288 0.9287
vn -0.6204 0.5048 0.6003
vn -0.3431 0.9288 -0.1404
vn -0.3654 0.9133 -0.1799
vn -0.7215 0.4174 0.5524
vn -0.3533 0.9164 0.1879
vn -0.9995 0.0030 0.0303
vn -0.5128 0.7158 -0.4740
vn -0.5433 0.7710 -0.3322
vn 0.0072 -0.9989 0.0456
vn -0.7196 0.1321 0.6817
vn -0.5754 0.4711 -0.6685
vn -0.5579 0.8268 0.0715
vn -0.0429 0.9685 0.2455
vn 0.4447 0.7703 0.4570
vn 0.5244 0.6857 0.5048
vn -0.4235 0.8279 -0.3678
vn -0.3321 0.9261 -0.1789
vn -0.7619 -0.5583 0.3284
vn -0.8505 0.0629 -0.5222
vn -0.6480 0.2110 0.7318
vn -0.5266 -0.3512 -0.7742
vn -0.4773 -0.1235 0.8700
vn -0.2504 -0.5129 0.8211
vn -0.3085 -0.5996 0.7385
vn -0.6577 0.0120 0.7532
vn -0.6410 0.0277 0.7670
vn -0.2202 0.1067 -0.9696
vn -0.6482 0.1791 0.7401
vn -0.7809 -0.3020 0.5467
vn -0.5366 -0.2786 0.7965
vn -0.4912 -0.1645 0.8554
vn -0.4422 0.6541 -0.6137
vn -0.2773 0.9421 -0.1886
vn -0.1367 -0.9727 0.1875
vn -0.4666 0.5840 0.6643
vn -0.4274 0.6761 0.6002
vn -0.3628 0.6021 0.7112
vn -0.6838 -0.1111 0.7212
vn -0.5833 0.2700 -0.7661
vn -0.1379 0.9812 0.1351
vn 0.2143 0.9184 0.3324
vn -0.7800 -0.3533 0.5166
vn -0.6987 -0.3543 0.6215
vn -0.5967 -0.1172 0.7938
vn -0.5961 0.1674 0.7853
vn -0.4210 -0.2277 -0.8780
vn -0.3550 -0.1657 -0.9201
vn -0.6348 0.1773 0.7521
vn -0.2684 -0.0456 -0.9622
vn -0.2596 0.5194 -0.8141
vn -0.4182 0.7744 -0.4749
vn -0.5904 0.4045 0.6984
vn -0.3347 0.9222 -0.1935
vn -0.2151 0.8611 0.4607
vn -0.0431 0.7849 0.6181
vn -0.5478 0.8070 -0.2207
vn 0.3197 -0.4083 0.8551
vn -0.2840 0.7902 -0.5430
vn 0.0047 -0.9970 0.0771
vn -0.0929 0.8797 0.4663
vn -0.0042 0.8755 0.4831
vn 0.0234 0.7302 0.6829
vn -0.0766 0.8482 0.5241
vn -0.0050 0.8705 0.4922
vn -0.7496 -0.1479 0.6452
vn -0.7198 0.6376 -0.2747
vn -0.7824 0.4224 -0.4576
vn 0.1332 0.9741 0.1825
vn -0.6640 -0.3636 0.6534
vn -0.5813 -0.2296 0.7806
vn -0.5804 0.0208 0.8140
vn -0.5225 -0.3680 -0.7691
vn -0.3241 -0.5594 0.7629
vn -0.6551 0.0503 0.7539
vn -0.3052 -0.1097 -0.9460
vn -0.6089 -0.3991 0.6855
vn -0.5671 -0.1121 0.8160
vn -0.6198 -0.1123 0.7767
vn -0.6690 0.0324 0.7426
vn -0.6685 0.1105 0.7355
vn -0.4532 0.6702 0.5878
vn 0.3203 -0.3619 0.8755
vn -0.1593 -0.8843 -0.4390
vn -0.6318 0.0962 0.7692
vn -0.4386 0.0121 -0.8986
vn -0.4684 0.1497 -0.8708
vn -0.6984 -0.6538 0.2913
vn -0.3073 0.9450 -0.1116
vn -0.6728 -0.2250 -0.7048
vn -0.5302 0.3148 0.7873
vn -0.4620 -0.4440 0.7678
vn -0.2340 0.4424 -0.8658
vn -0.6094 0.0882 0.7879
vn -0.3197 -0.6258 0.7115
vn -0.5901 -0.2169 0.7776
vn -0.6176 -0.2871 0.7322
vn -0.5866 0.0716 0.8067
vn -0.4307 0.5755 0.6952
vn -0.1278 0.9851 0.1149
vn -0.0439 -0.1178 0.9921
vn -0.0684 0.3188 0.9454
vn -0.0709 0.3155 0.9463
vn -0.2960 -0.6170 -0.7292
vn -0.7625 -0.3743 0.5278
vn -0.4630 0.8855 -0.0381
vn -0.4877 0.7492 -0.4482
vn -0.1448 0.9890 -0.0302
vn -0.0922 0.9886 -0.1191
vn -0.1101 0.9705 0.2146
vn 0.1058 0.9300 0.3521
vn -0.7519 -0.4538 0.4783
vn -0.7596 0.1047 -0.6419
vn -0.7185 -0.3219 0.6165
vn -0.6167 -0.3915 -0.6829
vn -0.5069 -0.5006 -0.7018
vn -0.4974 -0.4413 -0.7469
vn -0.5050 0.0001 0.8631
vn 0.4619 -0.2285 0.8570
vn 0.3401 0.4100 0.8463
vn -0.5160 -0.4488 0.7296
vn -0.7102 -0.3317 0.6209
vn -0.6112 -0.4321 0.6631
vn -0.6786 -0.2512 0.6902
vn -0.7993 -0.1818 0.5728
vn -0.7802 -0.2634 0.5674
vn -0.4186 0.0871 0.9040
vn -0.3282 0.5787 -0.7466
vn -0.3418 0.8697 -0.3560
vn -0.2517 0.8673 -0.4295
vn -0.2916 0.9527 -0.0855
vn -0.3192 0.7695 0.5532
vn -0.2775 0.9190 -0.2800
vn 0.0864 0.9116 0.4020
vn 0.0805 0.9483 -0.3071
vn -0.3092 0.9447 0.1090
vn -0.2710 0.9526 0.1380
vn 0.5974 0.0329 0.8013
vn 0.5564 -0.0695 0.8280
vn 0.7012 0.1531 0.6963
vn 0.6705 -0.0304 0.7413
vn 0.0286 0.9674 -0.2516
vn 0.1161 0.8049 0.5819
vn -0.2081 -0.7785 -0.5921
vn -0.3119 -0.4405 -0.8419
vn -0.7619 -0.5138 0.3944
vn 0.0726 0.9415 0.3292
vn -0.5065 0.8540 -0.1191
vn -0.5452 -0.3549 0.7595
vn -0.4915 0.2916 0.8206
vn -0.4951 0.2658 0.8272
vn -0.2397 -0.6379 0.7319
vn -0.1574 0.1586 -0.9747
vn -0.7333 -0.4946 0.4665
vn -0.7623 -0.3655 0.5341
vn -0.6047 -0.3289 0.7254
vn -0.5274 0.2830 0.8011
vn -0.4068 0.4312 0.8054
vn -0.3152 0.7033 -0.6372
vn -0.2108 0.9610 -0.1791
vn 0.4437 0.7638 0.4688
vn 0.7195 0.4967 0.4854
vn 0.6915 0.0060 0.7224
vn -0.3490 -0.1796 -0.9198
vn -0.5286 0.2140 -0.8214
vn 0.0706 0.8977 0.4349
vn -0.3047 0.9521 0.0266
vn -0.1480 0.9558 0.2539
vn -0.7198 0.2343 -0.6534
vn -0.6176 -0.2904 0.7309
vn -0.4245 -0.3234 0.8457
vn -0.4189 -0.1966 0.8865
vn -0.5006 -0.5685 -0.6529
vn -0.4021 -0.0759 0.9124
vn -0.3458 -0.1458 0.9269
vn -0.2242 -0.7151 0.6621
vn -0.3078 -0.6169 0.7243
vn -0.1473 0.2598 -0.9544
vn -0.4726 0.0168 0.8811
vn -0.2536 0.8001 -0.5437
vn -0.1854 0.9668 -0.1760
vn -0.1561 0.9488 -0.2745
vn 0.4113 0.8267 0.3839
vn 0.0040 0.9979 0.0644
vn -0.1005 0.9344 0.3418
vn -0.2816 0.9564 -0.0775
vn 0.2751 -0.9078 0.3164
vn 0.4471 0.6824 0.5783
vn 0.6170 0.2537 0.7450
vn 0.5027 0.3055 0.8087
vn 0.6190 0.2078 0.7574
vn -0.6718 -0.1907 0.7157
vn -0.5423 0.7171 -0.4379
vn -0.6886 0.0289 -0.7245
vn -0.6472 -0.0855 -0.7575
vn -0.4346 0.1283 0.8914
vn -0.4867 0.3586 0.7966
vn -0.4362 -0.3173 -0.8421
vn -0.1971 -0.6988 0.6877
vn -0.2832 -0.6597 0.6962
vn -0.5672 0.1113 0.8160
vn -0.5678 0.1345 0.8121
vn -0.5726 0.1405 0.8077
vn -0.5225 0.2603 0.8119
vn -0.1277 0.3822 -0.9152
vn -0.6449 -0.1196 0.7548
vn -0.5133 -0.0316 0.8576
vn -0.5888 0.1690 0.7904
vn -0.4479 0.2566 0.8565
vn -0.3372 0.7284 0.5965
vn 0.3113 0.9473 0.0758
vn -0.0001 -1.0000 -0.0000
vn 0.0085 0.6382 0.7698
vn -0.2023 0.5907 0.7811
vn -0.5860 0.2018 0.7848
vn -0.6221 0.0085 0.7829
vn -0.6910 -0.5547 0.4635
vn -0.6203 -0.6840 0.3838
vn -0.2546 0.9575 0.1353
vn -0.4477 0.8710 -0.2022
vn -0.5849 -0.2693 -0.7651
vn 0.0431 -0.4845 0.8737
vn -0.3391 -0.2456 -0.9081
vn -0.2173 0.0092 -0.9761
vn -0.6948 -0.4172 0.5858
vn -0.4125 -0.3455 0.8429
vn -0.5872 -0.3282 0.7399
vn -0.2171 0.6386 -0.7383
vn -0.1302 0.8860 -0.4450
vn -0.2521 0.9504 -0.1821
vn -0.0110 0.8414 0.5404
vn -0.0357 -0.9897 -0.1388
vn -0.7100 -0.3820 0.5916
vn -0.3458 0.0925 -0.9338
vn -0.4715 0.8628 -0.1826
vn -0.4562 0.8576 -0.2373
vn -0.4266 0.8604 -0.2787
vn -0.6515 -0.1083 0.7508
vn -0.3299 -0.3451 0.8787
vn -0.5321 -0.4999 -0.6833
vn -0.3931 0.3046 0.8676
vn -0.2504 -0.6466 0.7206
vn -0.5104 -0.5130 0.6902
vn -0.4034 -0.4725 0.7836
vn -0.1940 -0.7762 0.5999
vn -0.4129 -0.3583 0.8374
vn -0.1718 0.5693 -0.8040
vn -0.2076 0.9078 -0.3643
vn -0.2514 0.9541 -0.1628
vn -0.1517 0.9816 -0.1159
vn -0.2214 0.9541 -0.2017
vn -0.0289 0.9659 -0.2574
vn -0.6456 0.0835 0.7591
vn -0.2803 0.0708 -0.9573
vn -0.6021 -0.7075 0.3701
vn -0.6105 -0.5491 0.5707
vn -0.5116 0.5197 -0.6842
vn -0.6502 0.1783 -0.7386
vn -0.4408 -0.2164 0.8711
vn -0.0875 -0.3291 0.9402
vn -0.4349 -0.3965 -0.8085
vn -0.3595 0.2797 0.8902
vn -0.4663 0.3746 0.8014
vn -0.4274 -0.2153 0.8781
vn -0.5126 0.0508 0.8571
vn -0.4726 0.0458 0.8801
vn -0.4576 0.1545 0.8756
vn -0.1458 0.7683 -0.6233
vn -0.1094 0.8717 -0.4777
vn -0.1476 0.8780 0.4554
vn -0.2883 0.8406 0.4585
vn -0.0053 0.9976 -0.0684
vn -0.2620 0.8766 0.4036
vn -0.1482 0.9776 -0.1492
vn -0.1254 0.9851 -0.1181
vn -0.0995 0.9496 0.2972
vn -0.1228 -0.8649 -0.4867
vn -0.1736 -0.7008 -0.6920
vn -0.5066 0.0225 -0.8619
vn -0.6633 0.4780 -0.5759
vn -0.6557 0.4900 -0.5745
vn -0.6348 0.5001 -0.5890
vn -0.5818 0.6232 -0.5226
vn -0.0607 0.9380 0.3412
vn 0.0508 -0.3456 0.9370
vn 0.1888 -0.9162 0.3534
vn 0.2920 -0.8750 0.3861
vn 0.1984 -0.8961 0.3969
vn -0.4631 0.2051 0.8622
vn -0.1630 0.1221 -0.9790
vn -0.4531 0.1485 0.8790
vn -0.4428 -0.1992 0.8742
vn -0.4989 -0.1698 0.8498
vn -0.1294 0.4932 -0.8602
vn -0.4982 -0.2275 0.8366
vn -0.6309 -0.0146 0.7757
vn -0.4413 0.4384 0.7830
vn -0.2628 0.5979 0.7573
vn -0.3875 0.7410 0.5483
vn -0.1093 0.9322 0.3451
vn -0.0954 0.6645 0.7411
vn -0.1709 0.5821 0.7949
vn -0.6386 -0.2298 0.7344
vn -0.2413 -0.1996 -0.9497
vn -0.5655 0.1646 -0.8082
vn 0.0679 0.9385 0.3387
vn 0.1389 0.9882 0.0639
vn 0.0865 0.9451 0.3150
vn -0.7190 -0.0817 0.6902
vn -0.2419 -0.4016 0.8833
vn -0.1187 -0.7392 0.6630
vn -0.3916 0.1409 0.9093
vn -0.6636 0.1673 0.7292
vn -0.1193 0.8785 -0.4626
vn -0.0940 0.9472 -0.3067
vn -0.0511 0.9829 -0.1766
vn -0.1369 0.9678 0.2115
vn -0.5499 -0.5087 0.6625
vn -0.0689 -0.9469 -0.3140
vn -0.6502 0.0882 0.7546
vn -0.6239 -0.0340 0.7807
vn -0.2027 -0.5006 -0.8416
vn -0.0083 0.8737 0.4864
vn -0.0563 -0.2856 0.9567
vn -0.2910 -0.0732 0.9539
vn -0.4269 -0.5388 -0.7263
vn -0.2951 0.0736 0.9526
vn -0.3259 -0.3875 -0.8623
vn -0.4192 0.3416 0.8412
vn -0.3870 0.1560 0.9088
vn -0.3977 0.4487 0.8003
vn -0.6363 -0.0845 0.7668
vn -0.0598 -0.8724 0.4851
vn -0.5004 -0.2530 0.8280
vn -0.0940 0.6662 -0.7398
vn -0.3032 0.5938 0.7453
vn -0.2328 0.6939 0.6814
vn -0.1961 0.9019 0.3848
vn -0.1837 0.9579 -0.2205
vn -0.1128 0.9877 -0.1086
vn -0.2048 0.9745 -0.0920
vn -0.2947 -0.0347 -0.9550
vn -0.5164 -0.7515 0.4106
vn -0.4945 0.0114 -0.8691
vn -0.6541 -0.3781 0.6551
vn -0.5743 0.5131 -0.6379
vn -0.3477 0.9143 -0.2080
vn -0.2504 0.9485 0.1942
vn -0.5853 0.0490 -0.8093
vn -0.5392 -0.0971 -0.8366
vn 0.0104 -0.3426 0.9394
vn 0.2387 -0.3753 0.8956
vn -0.4422 -0.5472 -0.7107
vn -0.3878 -0.5965 -0.7027
vn -0.3635 -0.4609 -0.8096
vn -0.2404 0.4133 0.8783
vn -0.1530 0.3067 0.9394
vn -0.4743 0.0132 0.8803
vn -0.2677 0.1626 0.9497
vn -0.4788 -0.1155 0.8703
vn -0.4112 0.0606 0.9095
vn -0.5105 0.0401 0.8590
vn -0.1934 -0.8016 0.5657
vn 0.0898 -0.8560 0.5091
vn -0.2730 -0.1568 -0.9491
vn -0.2838 -0.4827 0.8285
vn -0.3653 0.0800 0.9274
vn -0.3613 0.2797 0.8895
vn -0.4818 -0.4186 0.7698
vn -0.6458 0.3496 0.6788
vn -0.6140 0.4901 0.6187
vn -0.5371 0.6485 0.5394
vn -0.1122 0.8891 -0.4438
vn -0.0526 0.9901 -0.1302
vn -0.1254 0.9849 -0.1193
vn -0.3732 0.9256 0.0636
vn -0.6479 -0.4322 0.6273
vn -0.5779 -0.6311 0.5174
vn -0.4713 -0.7873 0.3976
vn -0.6596 -0.2805 0.6973
vn -0.5801 0.4398 -0.6856
vn -0.0130 0.8311 0.5560
vn -0.6520 -0.0926 0.7526
vn -0.6004 0.0188 0.7995
vn 0.2061 -0.3066 0.9293
vn 0.0545 -0.2792 0.9587
vn -0.3658 0.3005 0.8809
vn -0.2479 -0.0713 0.9661
vn -0.2171 -0.8216 0.5272
vn -0.2269 -0.0640 -0.9718
vn -0.0913 0.1459 -0.9851
vn -0.4407 -0.6913 0.5726
vn -0.5040 0.8305 -0.2373
vn -0.5529 0.7636 -0.3335
vn -0.5037 0.7634 -0.4043
vn -0.5310 0.7456 -0.4025
vn -0.4008 0.9083 -0.1200
vn -0.4770 0.0391 0.8780
vn -0.3559 -0.1064 0.9285
vn -0.0524 -0.1945 0.9795
vn -0.2682 -0.2529 0.9296
vn -0.4822 -0.3228 -0.8145
vn 0.0495 -0.2788 0.9591
vn 0.0837 -0.2256 0.9706
vn 0.0498 -0.2443 0.9684
vn -0.2737 -0.3338 -0.9020
vn 0.0067 -0.5299 0.8480
vn -0.3329 0.1836 0.9249
vn -0.4926 -0.0244 0.8699
vn -0.1091 0.8801 -0.4621
vn -0.1911 0.8146 0.5476
vn 0.0388 0.9087 0.4156
vn -0.1094 0.9448 0.3087
vn -0.5731 -0.0684 0.8166
vn -0.3192 -0.1272 -0.9391
vn -0.3652 0.9279 -0.0756
vn -0.2688 0.9337 0.2364
vn -0.4480 0.0055 0.8940
vn -0.2403 -0.4019 0.8836
vn 0.0729 -0.2874 0.9550
vn 0.3978 -0.3691 0.8400
vn -0.2128 -0.0268 0.9767
vn -0.2887 0.2386 0.9272
vn -0.0067 -0.7872 0.6166
vn -0.3412 0.0731 0.9372
vn -0.3010 0.1727 0.9379
vn -0.4131 -0.4648 0.7831
vn -0.5422 0.1302 0.8301
vn -0.5793 0.3604 0.7311
vn -0.0646 0.7529 -0.6550
vn -0.1032 0.7928 -0.6007
vn 0.0943 0.9790 -0.1807
vn -0.1089 -0.8527 -0.5109
vn -0.1817 0.0154 -0.9832
vn -0.2182 0.0018 -0.9759
vn -0.4793 0.1287 -0.8682
vn -0.5628 0.4141 -0.7154
vn -0.6045 0.1070 0.7894
vn -0.5577 0.2334 -0.7965
vn -0.5461 -0.0060 0.8377
vn 0.2653 -0.1962 0.9440
vn -0.3114 -0.5287 -0.7896
vn -0.3717 0.2585 0.8916
vn 0.0276 0.0294 0.9992
vn -0.0103 -0.8784 0.4778
vn -0.0567 -0.9287 0.3664
vn -0.0195 -0.8928 0.4500
vn -0.2555 -0.0090 0.9668
vn -0.0896 0.3070 -0.9475
vn -0.1167 0.2276 -0.9667
vn -0.3754 -0.3944 0.8387
vn -0.4785 -0.4275 0.7669
vn -0.5206 -0.2183 0.8255
vn -0.0701 0.9549 -0.2885
vn -0.2076 0.9483 -0.2402
vn 0.0511 0.8989 0.4351
vn -0.0229 0.9988 0.0427
vn -0.1585 0.9641 -0.2130
vn -0.1931 -0.3175 -0.9284
vn -0.5455 -0.6550 0.5229
vn -0.6218 -0.4223 0.6596
vn -0.5523 0.8036 -0.2216
vn -0.5343 0.8045 -0.2594
vn -0.3161 -0.1418 0.9381
vn -0.2857 -0.2556 0.9236
vn -0.1947 0.1116 0.9745
vn -0.2192 0.1413 0.9654
vn -0.2361 0.1839 0.9542
vn -0.2493 0.4186 0.8733
vn -0.2095 -0.2734 -0.9388
vn 0.1309 -0.0584 0.9897
vn -0.2171 -0.2680 0.9386
vn -0.2953 0.0251 0.9551
vn -0.2646 -0.1242 0.9563
vn -0.3690 -0.1248 0.9210
vn -0.1239 0.9669 -0.2232
vn -0.0172 0.9913 -0.1307
vn -0.0757 0.9739 -0.2142
vn -0.2130 0.9463 0.2431
vn 0.1236 0.9597 0.2523
vn 0.1913 0.9541 0.2304
vn 0.1612 0.9849 0.0637
vn -0.3210 -0.7981 0.5099
vn -0.5720 0.1463 0.8071
vn -0.5959 -0.1039 0.7963
vn -0.5373 -0.5052 0.6753
vn -0.6356 -0.0272 0.7715
vn -0.4903 0.5446 -0.6805
vn -0.4780 0.4196 -0.7717
vn -0.5242 0.1099 0.8444
vn -0.5016 0.0156 -0.8650
vn 0.0695 -0.2532 0.9649
vn 0.2137 -0.2813 0.9355
vn 0.1977 -0.2877 0.9371
vn 0.0545 -0.3400 0.9389
vn -0.1379 -0.9210 0.3643
vn -0.1965 -0.1230 -0.9727
vn -0.2724 0.1557 0.9495
vn -0.2486 0.1934 0.9491
vn -0.3572 -0.4405 0.8237
vn -0.0623 0.5010 -0.8632
vn -0.0730 0.5757 -0.8144
vn -0.4813 0.0437 0.8754
vn -0.4299 0.7118 0.5555
vn -0.0527 0.9819 -0.1820
vn -0.1092 0.8866 0.4494
vn -0.1130 0.9905 -0.0778
vn -0.0588 0.9612 0.2696
vn -0.5997 -0.2739 0.7519
vn -0.5314 0.8300 -0.1695
vn -0.5575 0.1307 0.8198
vn -0.3848 -0.4054 0.8292
vn -0.4586 -0.0592 0.8867
vn -0.2647 -0.5902 -0.7627
vn 0.0109 -0.1794 0.9837
vn -0.0316 0.3449 0.9381
vn -0.0915 0.5623 0.8219
vn -0.0906 0.5633 0.8213
vn -0.1755 0.1684 0.9700
vn -0.5443 0.7235 0.4246
vn -0.5168 0.7643 0.3855
vn -0.1727 0.6836 0.7092
vn -0.0678 0.9901 -0.1229
vn -0.1432 -0.5793 -0.8024
vn -0.5946 -0.3822 0.7073
vn -0.2557 -0.2203 -0.9413
vn -0.3887 -0.1234 -0.9131
vn -0.6313 -0.3197 0.7065
vn -0.3852 0.1574 -0.9093
vn -0.3366 0.8801 -0.3349
vn -0.4264 0.7965 -0.4286
vn -0.1005 0.9123 0.3969
vn -0.3229 0.9330 -0.1587
vn 0.1784 -0.1451 0.9732
vn -0.3330 0.3444 0.8778
vn -0.0778 -0.9025 0.4237
vn -0.0154 -0.5371 0.8434
vn -0.1362 -0.6899 0.7110
vn -0.2457 0.0982 0.9644
vn -0.2313 0.1187 0.9656
vn -0.4876 -0.4096 0.7710
vn -0.6533 -0.0130 0.7570
vn -0.5788 0.1070 0.8084
vn 0.1352 0.1086 0.9849
vn 0.1629 0.0981 0.9818
vn 0.0510 -0.0449 0.9977
vn -0.4646 0.2721 0.8427
vn -0.3003 0.7219 0.6235
vn -0.0163 0.7627 0.6465
vn -0.1886 0.9049 0.3816
vn -0.4147 -0.7618 0.4978
vn -0.4192 -0.8176 0.3948
vn -0.4338 0.0839 0.8971
vn -0.4943 -0.0962 0.8640
vn -0.1302 -0.7505 0.6479
vn -0.4821 0.1936 0.8545
vn -0.1166 0.9103 -0.3971
vn -0.0906 0.7581 0.6458
vn -0.0841 0.9543 -0.2869
vn -0.1324 0.9847 -0.1134
vn 0.2229 0.9741 0.0386
vn -0.2589 -0.8869 0.3826
vn -0.5505 -0.1955 0.8116
vn -0.1177 -0.7324 -0.6706
vn -0.4773 -0.6304 0.6122
vn 0.0820 0.8967 0.4350
vn -0.0672 0.9329 0.3537
vn -0.4396 0.6921 -0.5725
vn -0.5496 0.1126 0.8278
vn -0.4600 -0.1463 0.8758
vn -0.3588 -0.2204 -0.9070
vn -0.2960 -0.5014 -0.8130
vn 0.1341 -0.1473 0.9800
vn -0.2805 0.0962 0.9550
vn -0.0139 0.4705 0.8823
vn 0.2064 -0.1726 0.9631
vn -0.1696 -0.1917 -0.9667
vn 0.0656 -0.3225 0.9443
vn 0.0661 -0.3228 0.9442
vn -0.0745 0.3981 -0.9143
vn -0.3022 0.2245 0.9264
vn -0.5028 0.7438 0.4404
vn -0.0828 0.8979 -0.4324
vn -0.0039 0.7999 0.6001
vn -0.0804 0.9692 -0.2330
vn -0.1014 0.9917 -0.0789
vn 0.3454 0.9232 0.1687
vn 0.4451 0.8600 0.2496
vn -0.0078 -0.9977 -0.0675
vn -0.0154 0.9632 0.2685
vn -0.0400 0.9573 0.2865
vn -0.0354 0.9584 0.2831
vn -0.4944 0.1330 -0.8590
vn -0.3915 0.0499 -0.9188
vn -0.4787 -0.4501 0.7539
vn -0.5413 -0.0560 0.8390
vn -0.1820 -0.4490 -0.8748
vn -0.3553 0.5459 0.7588
vn -0.2230 0.6144 0.7568
vn -0.1786 0.0013 -0.9839
vn -0.2696 -0.5209 0.8099
vn -0.4356 0.0486 0.8988
vn -0.2241 0.0538 0.9731
vn -0.1238 0.2308 0.9651
vn -0.2723 0.4959 0.8246
vn 0.0289 0.8151 0.5786
vn -0.3511 0.9169 0.1898
vn 0.0837 0.9497 -0.3018
vn 0.2195 0.9743 0.0511
vn -0.5832 0.0444 0.8111
vn -0.0986 -0.0115 -0.9951
vn -0.4569 -0.6570 0.5996
vn -0.3757 0.5723 -0.7289
vn -0.3955 0.7450 -0.5371
vn -0.2165 0.9693 -0.1163
vn -0.3492 -0.0927 0.9324
vn -0.7202 -0.2053 0.6627
vn -0.5854 0.1013 0.8044
vn 0.0563 -0.2054 0.9771
vn -0.0018 -0.0198 0.9998
vn -0.0113 -0.0263 0.9996
vn 0.3558 -0.2196 0.9084
vn -0.0614 -0.3700 0.9270
vn -0.0831 -0.8921 0.4441
vn -0.0254 -0.0725 0.9970
vn -0.3420 -0.5508 0.7614
vn -0.3360 -0.3302 0.8821
vn -0.1872 -0.2189 0.9576
vn -0.4796 -0.2457 0.8424
vn -0.3394 -0.1423 0.9298
vn -0.4649 -0.1680 0.8693
vn 0.0425 0.2448 0.9686
vn -0.0450 0.7107 -0.7021
vn -0.0651 0.9870 -0.1470
vn 0.0117 0.9798 -0.1999
vn -0.0262 0.9843 0.1744
vn 0.1674 0.9744 -0.1501
vn 0.1493 0.9559 -0.2530
vn -0.1456 -0.1379 -0.9797
vn -0.0872 0.0445 -0.9952
vn -0.2582 -0.3280 -0.9087
vn -0.4802 -0.2089 0.8519
vn -0.3692 0.2378 -0.8984
vn -0.5323 -0.0768 0.8431
vn -0.7928 -0.3578 0.4934
vn -0.9876 0.0940 0.1256
vn -0.9778 -0.1899 0.0890
vn -0.9217 -0.3836 0.0583
vn -0.8275 -0.5113 0.2317
vn -0.7980 0.0743 0.5981
vn -0.8836 -0.0426 0.4663
vn -0.7674 -0.2692 0.5819
vn -0.9324 0.3294 0.1487
vn -0.7855 0.4155 0.4586
vn -0.7817 0.4398 0.4421
vn -0.4414 0.0719 0.8944
vn -0.9098 0.3045 0.2820
vn -0.1357 -0.3830 -0.9137
vn -0.0435 0.5355 0.8434
vn -0.1977 -0.8902 0.4105
vn -0.0217 -0.3660 0.9304
vn -0.1348 0.1459 0.9801
vn -0.1136 0.0978 0.9887
vn -0.3000 -0.2887 0.9092
vn -0.0795 0.0628 0.9949
vn -0.2502 0.8350 0.4900
vn -0.2421 0.7822 0.5740
vn -0.0927 0.7643 0.6381
vn 0.0343 0.9980 0.0537
vn -0.2492 -0.8838 0.3961
vn -0.1250 -0.2640 -0.9564
vn 0.0478 0.9251 0.3768
vn -0.2577 0.8320 -0.4912
vn 0.0480 0.8970 0.4394
vn -0.0576 0.9524 0.2993
vn -0.4419 -0.5106 0.7376
vn -0.1465 -0.5652 -0.8118
vn -0.1165 -0.5444 -0.8307
vn -0.5012 0.1491 0.8524
vn -0.5272 0.1549 0.8355
vn -0.5684 0.2754 0.7753
vn -0.5653 0.3294 0.7563
vn -0.5752 0.3289 0.7490
vn -0.1624 -0.1323 -0.9778
vn -0.0957 0.1201 0.9881
vn -0.0801 0.1985 0.9768
vn -0.3536 0.3572 0.8645
vn -0.2067 0.3804 0.9014
vn -0.1052 0.6009 0.7924
vn -0.0655 0.8208 -0.5674
vn 0.1953 0.9797 0.0444
vn -0.1825 -0.1728 -0.9679
vn -0.6067 0.1462 0.7814
vn -0.2412 -0.2198 -0.9453
vn -0.5025 -0.3381 0.7957
vn -0.3492 -0.1070 0.9309
vn -0.3250 -0.3951 0.8592
vn -0.3757 -0.8478 0.3743
vn -0.2560 -0.8256 0.5028
vn -0.1102 -0.9603 0.2564
vn -0.6473 -0.2532 0.7190
vn -0.3951 0.4885 0.7779
vn -0.3168 0.6739 0.6674
vn -0.5260 0.6003 0.6025
vn -0.3459 -0.8179 0.4599
vn -0.2547 -0.4089 0.8764
vn -0.2270 0.1280 0.9655
vn -0.1724 0.1428 0.9746
vn -0.2002 0.0259 0.9794
vn -0.0514 0.6120 -0.7892
vn 0.0321 0.9544 -0.2966
vn -0.0631 0.9866 -0.1502
vn -0.7660 -0.0339 0.6419
vn -0.7422 0.5084 0.4368
vn -0.7735 0.3821 0.5057
vn 0.0629 0.9828 -0.1737
vn 0.1009 0.9948 -0.0118
vn -0.2171 0.9745 0.0573
vn -0.0358 0.9981 0.0496
vn 0.0683 0.9977 -0.0026
vn 0.2765 0.9484 -0.1554
vn -0.6020 -0.4957 0.6260
vn 0.6400 -0.5442 0.5424
vn -0.8911 -0.3429 0.2973
vn -0.3439 -0.6988 0.6272
vn 0.0075 -0.9774 -0.2115
vn -0.5335 -0.1372 0.8346
vn -0.1028 -0.3690 -0.9237
vn -0.5027 -0.1390 0.8532
vn -0.5044 -0.3515 0.7887
vn -0.3142 -0.8026 0.5071
vn -0.3658 -0.5241 0.7691
vn -0.5486 0.2440 0.7997
vn -0.0385 -0.6667 0.7444
vn -0.1998 -0.9644 0.1733
vn -0.6914 0.4943 0.5269
vn -0.6333 0.3563 0.6869
vn -0.6998 0.5162 0.4938
vn -0.5503 0.5598 0.6195
vn -0.0789 -0.2457 -0.9661
vn -0.2804 -0.4711 0.8363
vn -0.2901 -0.6886 0.6646
vn -0.2979 -0.4524 0.8406
vn -0.2028 0.7479 0.6320
vn -0.3428 0.7840 0.5176
vn -0.3368 0.7909 0.5110
vn -0.3331 0.7950 0.5069
vn -0.1471 0.8137 0.5624
vn -0.0040 0.9647 -0.2634
vn -0.0249 0.9859 -0.1657
vn -0.5956 0.2082 0.7758
vn 0.1403 0.9874 0.0732
vn -0.2391 0.9710 -0.0015
vn -0.0136 0.9975 -0.0688
vn -0.3959 0.9141 -0.0875
vn -0.0470 0.9985 -0.0284
vn -0.4793 0.8724 0.0960
vn -0.0017 0.9947 0.1028
vn -0.4749 0.7905 -0.3866
vn -0.2461 0.4300 0.8686
vn -0.6172 0.6378 -0.4608
vn -0.4594 -0.5989 0.6559
vn -0.1910 -0.3625 -0.9122
vn -0.4183 0.0607 0.9063
vn -0.2704 0.5065 -0.8188
vn -0.1469 0.9853 -0.0874
vn -0.2155 0.9693 -0.1186
vn -0.4989 0.0022 0.8667
vn -0.5372 0.1633 0.8275
vn -0.5487 -0.5880 0.5943
vn -0.5933 0.2182 0.7748
vn -0.6704 0.4461 0.5929
vn -0.5990 0.2189 0.7703
vn -0.7749 0.3849 0.5015
vn -0.3874 0.3429 0.8558
vn -0.4449 -0.0338 0.8949
vn 0.0377 -0.5088 0.8601
vn -0.1722 -0.0908 -0.9809
vn -0.5042 -0.2422 0.8289
vn -0.0730 0.7784 0.6235
vn -0.0499 0.9822 -0.1811
vn 0.3504 0.7833 -0.5134
vn 0.9555 0.0421 0.2920
vn -0.0000 -1.0000 -0.0026
vn -0.3535 -0.7249 0.5913
vn -0.3511 0.7996 -0.4872
vn -0.2170 0.7398 -0.6368
vn -0.2219 0.9712 0.0868
vn -0.1126 0.9549 0.2748
vn -0.1852 0.9787 -0.0884
vn -0.1997 0.0304 -0.9794
vn -0.7229 0.3460 0.5980
vn -0.0685 -0.3174 -0.9458
vn -0.3185 -0.7295 0.6053
vn -0.1225 0.0741 -0.9897
vn -0.1259 0.1772 -0.9761
vn -0.0585 0.0566 0.9967
vn -0.2004 0.7949 0.5726
vn -0.3262 0.8027 0.4992
vn 0.0071 0.9333 -0.3589
vn -0.0238 0.8494 0.5272
vn 0.6088 0.3591 0.7074
vn 0.5281 0.8488 0.0241
vn 0.6491 -0.1871 0.7373
vn -0.4765 0.0563 0.8774
vn -0.4169 -0.5697 0.7083
vn -0.2718 0.2532 -0.9285
vn -0.3851 0.1023 0.9172
vn -0.3077 0.8759 -0.3715
vn -0.1080 -0.3206 -0.9411
vn -0.4541 0.0853 0.8868
vn 0.4520 -0.7352 0.5052
vn 0.0705 -0.9750 -0.2108
vn 0.4029 -0.8551 0.3262
vn -0.7572 0.2805 0.5899
vn -0.5993 -0.2089 0.7728
vn -0.5890 -0.5338 0.6067
vn -0.5400 -0.4995 0.6774
vn -0.4956 -0.3550 0.7927
vn -0.6536 -0.4446 0.6125
vn -0.2452 -0.5348 0.8086
vn 0.0137 0.0896 0.9959
vn -0.0388 0.1564 0.9869
vn -0.4516 0.1916 0.8714
vn -0.3490 0.3074 0.8853
vn -0.5351 0.3262 0.7793
vn -0.1816 0.1431 0.9729
vn -0.0390 0.8505 0.5245
vn 0.2704 0.6477 0.7123
vn 0.2809 0.9193 0.2756
vn 0.5050 0.7536 0.4209
vn -0.1289 -0.8766 0.4636
vn -0.2862 -0.6362 0.7165
vn -0.1152 -0.3995 -0.9095
vn -0.0632 0.8944 0.4428
vn -0.5453 0.1129 0.8306
vn -0.2897 -0.9551 -0.0619
vn -0.5337 -0.4950 0.6857
vn -0.8721 0.2867 0.3965
vn 0.0282 -0.4682 0.8831
vn -0.0188 -0.2744 0.9614
vn -0.0718 0.2554 -0.9642
vn -0.4664 -0.5241 0.7126
vn -0.1187 0.4504 0.8849
vn -0.0431 0.5520 0.8327
vn 0.1241 0.8281 0.5467
vn 0.0274 0.9944 -0.1025
vn 0.2587 0.9129 0.3158
vn 0.0421 0.9991 0.0011
vn 0.0439 0.9951 -0.0881
vn 0.0386 0.9991 0.0148
vn 0.2730 0.9613 -0.0385
vn 0.0241 -0.9990 0.0376
vn -0.0201 -0.9237 -0.3825
vn -0.1501 -0.8461 0.5115
vn -0.1662 0.9857 -0.0294
vn -0.1630 0.2127 -0.9634
vn -0.4140 0.1516 0.8976
vn -0.4902 -0.0785 0.8681
vn -0.0157 -0.4202 0.9073
vn -0.4374 -0.8314 0.3427
vn -0.5117 -0.0372 0.8583
vn -0.6121 0.3546 0.7068
vn -0.9273 0.1320 0.3504
vn 0.0046 0.0696 0.9976
vn -0.0059 0.1071 0.9942
vn -0.3762 -0.5688 0.7314
vn -0.4575 -0.0210 0.8890
vn -0.5836 -0.3528 0.7314
vn -0.1618 0.2551 0.9533
vn -0.0391 0.7465 -0.6642
vn 0.0532 0.7674 0.6390
vn 0.0401 0.8839 -0.4659
vn 0.0248 0.9301 -0.3664
vn 0.0084 0.9813 0.1921
vn -0.0296 -0.8354 -0.5488
vn -0.1205 0.5648 -0.8164
vn -0.2537 0.8870 -0.3857
vn -0.3779 -0.0844 0.9220
vn -0.3771 -0.2104 0.9020
vn -0.2651 -0.5754 0.7737
vn -0.6354 0.0833 0.7676
vn -0.0503 -0.4505 -0.8914
vn -0.0176 -0.3849 -0.9228
vn -0.8262 0.1852 0.5321
vn -0.6763 -0.4305 0.5978
vn -0.0765 0.4058 -0.9108
vn -0.5346 -0.5644 0.6290
vn -0.3291 0.4658 0.8214
vn -0.0168 0.7007 -0.7132
vn 0.0828 0.8059 0.5862
vn 0.0256 0.9995 0.0164
vn -0.3547 -0.1578 0.9216
vn -0.0850 -0.0410 -0.9955
vn -0.4537 0.4437 0.7729
vn -0.2473 0.2499 0.9362
vn -0.4321 -0.4379 0.7884
vn -0.3955 -0.8315 0.3900
vn -0.6092 0.2906 0.7379
vn -0.0932 -0.2044 -0.9744
vn 0.0269 -0.0670 0.9974
vn -0.0718 0.3150 -0.9464
vn -0.3408 0.2320 0.9111
vn -0.2117 0.4327 0.8763
vn -0.0205 0.9975 -0.0680
vn -0.2476 -0.7459 0.6184
vn -0.0373 -0.6492 -0.7597
vn -0.3644 -0.4019 0.8401
vn -0.2597 -0.6079 0.7503
vn -0.2290 -0.2735 0.9342
vn -0.0340 0.0254 -0.9991
vn -0.0647 0.9530 -0.2960
vn -0.2322 -0.2350 0.9439
vn -0.6686 0.1420 0.7300
vn -0.4150 -0.8106 -0.4132
vn -0.4764 -0.8544 -0.2076
vn -0.4715 -0.7673 -0.4347
vn -0.6055 -0.3660 0.7067
vn -0.6775 0.1546 0.7191
vn -0.5290 -0.3600 0.7684
vn -0.2718 -0.3449 0.8984
vn -0.2527 -0.5712 0.7810
vn -0.2069 -0.6353 0.7441
vn -0.3310 -0.7302 0.5976
vn 0.1764 -0.6009 0.7796
vn 0.2313 -0.4611 0.8567
vn 0.2697 -0.3776 0.8858
vn 0.2809 -0.3559 0.8913
vn 0.2681 -0.3261 0.9065
vn 0.0755 0.6494 0.7567
vn 0.0091 0.9545 -0.2979
vn 0.1050 0.8937 0.4361
vn 0.1415 0.9388 0.3141
vn -0.0080 0.9705 0.2411
vn -0.1248 -0.7434 0.6571
vn -0.2270 0.0409 0.9730
vn -0.0106 -0.5258 -0.8505
vn 0.0136 -0.5860 -0.8102
vn -0.7272 -0.1976 0.6574
vn -0.7405 -0.1083 0.6633
vn -0.8582 0.1632 0.4866
vn -0.5624 -0.7162 0.4133
vn -0.9466 -0.3171 -0.0572
vn -0.3910 -0.7293 0.5614
vn -0.3044 0.3304 0.8934
vn -0.7907 0.0091 0.6122
vn 0.0176 0.1971 0.9802
vn -0.1631 -0.2491 0.9547
vn -0.0379 -0.4302 0.9019
vn 0.0290 -0.3360 0.9414
vn 0.1576 -0.3969 0.9042
vn -0.0625 -0.3533 0.9334
vn 0.1860 -0.1681 0.9681
vn 0.0111 0.8097 -0.5867
vn -0.0244 0.9855 -0.1678
vn -0.0586 0.9980 -0.0254
vn 0.0750 0.9970 0.0184
vn -0.0595 0.9972 0.0460
vn -0.0947 0.1703 0.9808
vn -0.3024 -0.2167 0.9282
vn 0.0024 -0.0359 -0.9994
vn -0.0203 0.0786 -0.9967
vn -0.1284 -0.7473 0.6520
vn -0.0151 -0.4329 -0.9013
vn -0.1028 -0.4970 0.8617
vn -0.3086 -0.5033 0.8071
vn 0.0155 -0.4141 -0.9101
vn -0.0228 0.4557 -0.8898
vn -0.1600 -0.0871 0.9833
vn -0.0567 -0.0687 0.9960
vn -0.7874 -0.5188 0.3329
vn -0.8876 -0.4403 0.1354
vn -0.9412 -0.3330 -0.0579
vn 0.0133 -0.5124 -0.8587
vn 0.0224 -0.2868 -0.9577
vn -0.0513 0.5116 -0.8577
vn 0.0393 0.0441 0.9983
vn -0.1000 0.2452 0.9643
vn -0.2881 0.5476 0.7856
vn 0.0898 0.5411 0.8362
vn -0.0843 0.9870 -0.1369
vn 0.0538 0.9084 0.4146
vn 0.0623 -0.9957 0.0691
vn -0.0637 -0.4852 0.8721
vn -0.2506 0.1155 0.9612
vn 0.0008 -0.3552 -0.9348
vn -0.1059 0.9642 0.2429
vn -0.0257 -0.6631 0.7481
vn -0.2524 0.2512 0.9344
vn -0.3102 0.0830 0.9470
vn -0.0260 -0.4015 0.9155
vn -0.0059 -0.4375 0.8992
vn 0.0468 -0.5568 0.8293
vn -0.0854 -0.3734 0.9237
vn 0.0874 -0.5329 0.8417
vn 0.2242 -0.1462 0.9635
vn 0.0547 -0.0646 0.9964
vn 0.0517 0.9980 -0.0360
vn 0.2020 -0.7878 0.5819
vn -0.0479 -0.4492 0.8922
vn -0.0535 -0.6230 0.7804
vn -0.1652 -0.5316 0.8307
vn -0.1043 0.0773 0.9915
vn 0.0117 0.2175 0.9760
vn 0.0531 -0.0243 -0.9983
vn -0.6082 -0.1626 0.7770
vn -0.6800 -0.5655 0.4667
vn -0.6862 -0.5709 0.4508
vn -0.1409 -0.5721 0.8080
vn 0.0923 -0.5551 0.8266
vn -0.2488 -0.2902 0.9240
vn -0.2595 0.3419 0.9032
vn 0.0325 0.0723 0.9968
vn -0.0900 -0.2051 -0.9746
vn -0.0433 0.0590 0.9973
vn -0.0027 0.0781 0.9969
vn 0.0368 0.1551 0.9872
vn -0.3280 -0.3262 0.8866
vn -0.3410 -0.0576 0.9383
vn -0.3408 -0.0885 0.9359
vn -0.1024 0.6237 0.7749
vn 0.1365 0.7949 0.5911
vn 0.0836 0.9096 -0.4070
vn 0.1097 0.8621 0.4947
vn 0.0134 -0.7895 0.6137
vn -0.0153 -0.8963 0.4432
vn 0.0559 -0.1868 -0.9808
vn -0.0126 -0.8886 0.4585
vn 0.0066 -0.0042 1.0000
vn 0.0763 -0.2488 -0.9655
vn -0.0020 0.2215 -0.9752
vn -0.0045 0.1371 -0.9906
vn -0.0300 -0.0423 0.9987
vn 0.0365 0.1152 0.9927
vn 0.0928 -0.2959 -0.9507
vn -0.0764 -0.1169 0.9902
vn -0.2602 -0.1577 0.9526
vn 0.0087 0.0874 0.9961
vn 0.0931 -0.0365 0.9950
vn 0.0582 0.2007 0.9779
vn -0.1614 0.0325 0.9864
vn 0.0042 -0.2707 -0.9626
vn -0.0082 0.1255 0.9921
vn -0.0734 -0.2155 0.9737
vn -0.0439 -0.5182 0.8541
vn -0.0984 -0.5590 0.8233
vn -0.1336 -0.4697 0.8726
vn -0.1012 -0.4517 0.8864
vn -0.3316 0.1791 0.9263
vn -0.0419 0.6155 -0.7870
vn -0.2263 0.5891 0.7757
vn -0.2154 0.6488 0.7298
vn -0.1915 0.6018 0.7754
vn 0.1398 0.7813 0.6083
vn -0.0120 0.9966 -0.0821
vn 0.2186 0.9389 0.2658
vn 0.2619 0.9136 0.3112
vn 0.1195 0.0074 0.9928
vn 0.0945 -0.2749 0.9568
vn -0.0012 0.9997 0.0224
vn 0.1331 -0.1161 0.9843
vn 0.0746 -0.6255 0.7767
vn 0.1272 -0.5344 -0.8356
vn -0.4431 -0.3544 0.8235
vn -0.0931 -0.5883 0.8033
vn 0.1150 -0.7394 0.6634
vn -0.1761 -0.7825 0.5972
vn 0.1513 -0.8313 0.5348
vn 0.0668 -0.7834 0.6179
vn 0.0531 0.3876 0.9203
vn 0.1794 0.3692 0.9119
vn 0.1390 0.3216 0.9366
vn -0.0272 -0.1695 0.9852
vn -0.0805 -0.0606 -0.9949
vn -0.0183 -0.2299 0.9730
vn -0.0060 -0.2295 0.9733
vn 0.0080 0.0235 0.9997
vn -0.1207 0.1966 0.9730
vn -0.0249 0.0424 0.9988
vn 0.0504 0.8252 -0.5626
vn 0.0653 0.8683 -0.4918
vn 0.1056 0.7998 0.5909
vn 0.1262 0.8374 0.5318
vn 0.2156 0.9711 0.1024
vn 0.2205 0.9672 0.1262
vn 0.0546 -0.7330 -0.6780
vn 0.1642 -0.3207 0.9328
vn 0.0964 0.7578 -0.6454
vn 0.0769 0.8744 -0.4790
vn 0.1301 0.3478 -0.9285
vn 0.3324 -0.0443 0.9421
vn -0.0410 -0.1047 0.9937
vn 0.0165 0.1586 -0.9872
vn -0.1081 -0.3026 0.9470
vn -0.0361 -0.3882 0.9209
vn 0.1105 -0.0601 0.9921
vn 0.0345 0.7712 -0.6357
vn 0.1745 0.9122 0.3707
vn 0.0362 0.9937 -0.1064
vn 0.2133 0.1047 0.9714
vn 0.1572 0.1587 -0.9747
vn 0.0647 -0.3767 -0.9241
vn -0.0091 0.3677 -0.9299
vn -0.1029 -0.4186 0.9023
vn 0.2651 -0.1918 0.9450
vn 0.1467 -0.1831 0.9721
vn 0.1595 0.0111 0.9871
vn 0.0303 0.7498 0.6610
vn 0.1308 0.8243 0.5509
vn 0.0544 0.9693 -0.2399
vn 0.0141 0.9972 0.0730
vn 0.0101 0.9995 0.0307
vn 0.1593 0.9871 0.0129
vn 0.4404 -0.1792 0.8797
vn 0.0606 -0.9102 -0.4098
vn 0.0872 -0.5712 -0.8162
vn 0.3677 -0.3880 0.8452
vn 0.2064 -0.5711 0.7945
vn 0.1022 -0.6775 0.7284
vn -0.0325 0.9523 0.3034
vn 0.2936 0.1018 0.9505
vn 0.3951 -0.8047 0.4432
vn 0.2507 -0.6346 0.7311
vn 0.0960 -0.4792 -0.8724
vn 0.4174 0.0249 0.9084
vn 0.4039 0.3537 0.8437
vn 0.2467 0.1046 0.9634
vn 0.0431 0.1562 0.9868
vn -0.0153 0.5300 0.8478
vn 0.0935 0.9339 -0.3450
vn 0.3943 0.0417 0.9180
vn 0.0793 -0.8153 -0.5736
vn 0.3822 -0.2036 0.9014
vn 0.2858 -0.0033 0.9583
vn 0.1625 0.0815 -0.9833
vn 0.1971 0.3424 0.9187
vn 0.3782 -0.0963 0.9207
vn 0.3663 -0.0958 0.9256
vn 0.1999 -0.0876 0.9759
vn 0.5724 -0.3386 0.7468
vn 0.5585 -0.6525 0.5123
vn 0.5429 -0.7431 0.3912
vn 0.5745 0.3185 0.7540
vn 0.6612 0.0050 0.7502
vn 0.0039 -0.1468 0.9892
vn 0.0409 -0.1568 -0.9868
vn 0.0456 -0.5447 0.8374
vn 0.1818 0.2292 0.9562
vn 0.1292 0.8013 0.5841
vn 0.2084 0.8669 0.4528
vn 0.0934 0.0711 -0.9931
vn 0.1949 -0.8114 0.5510
vn 0.0782 -0.3407 -0.9369
vn 0.2036 -0.0841 -0.9754
vn 0.3583 -0.0849 0.9297
vn 0.3088 0.1232 0.9431
vn 0.2281 -0.6274 0.7446
vn 0.1980 -0.0019 0.9802
vn 0.5030 -0.0239 0.8639
vn 0.8674 -0.4180 0.2700
vn 0.8706 -0.4190 0.2579
vn 0.8589 -0.4152 0.2998
vn 0.1294 -0.5496 -0.8253
vn 0.6411 0.3633 0.6760
vn 0.5154 -0.3534 0.7807
vn 0.3892 -0.3420 0.8553
vn 0.0466 -0.2885 -0.9563
vn -0.0102 -0.5311 0.8472
vn -0.0767 -0.0147 0.9969
vn -0.2149 -0.0479 0.9755
vn -0.1639 0.0645 0.9844
vn -0.1325 0.1306 0.9825
vn -0.0688 0.2585 0.9635
vn 0.1649 0.7190 0.6751
vn 0.0994 0.7836 0.6133
vn 0.1364 -0.3327 -0.9331
vn 0.3671 -0.5570 0.7449
vn 0.1944 -0.2922 -0.9364
vn 0.3517 0.4730 0.8078
vn 0.3822 -0.0542 0.9225
vn 0.4683 0.1080 0.8770
vn 0.7400 -0.0364 0.6716
vn 0.8794 -0.4217 0.2211
vn 0.5474 -0.4754 0.6887
vn 0.3823 -0.4822 0.7882
vn 0.4327 -0.5443 0.7187
vn 0.4095 -0.3338 0.8490
vn 0.1058 0.0342 -0.9938
vn 0.0372 0.0823 0.9959
vn 0.0002 0.4409 -0.8975
vn 0.3667 -0.2304 0.9014
vn 0.1592 0.2376 0.9582
vn 0.2249 0.9385 0.2620
vn 0.0333 -0.9902 -0.1355
vn 0.5313 -0.4241 0.7333
vn 0.5471 -0.0802 0.8332
vn 0.1243 0.0335 -0.9917
vn 0.3185 -0.7100 0.6280
vn 0.2066 -0.7266 0.6553
vn 0.2294 -0.8350 0.5002
vn 0.2162 0.2822 -0.9347
vn 0.2360 -0.0851 -0.9680
vn 0.5134 0.2445 0.8226
vn 0.6137 -0.7446 -0.2627
vn 0.9915 -0.1278 0.0247
vn 0.7685 -0.5943 -0.2372
vn 0.3438 -0.9385 -0.0329
vn 0.4939 -0.8308 -0.2565
vn 0.6272 0.2350 0.7426
vn 0.7367 0.3081 0.6020
vn 0.7238 -0.1448 0.6746
vn 0.0600 0.1701 0.9836
vn 0.0583 0.2396 -0.9691
vn 0.1587 0.1331 0.9783
vn 0.0511 0.3052 -0.9509
vn 0.1301 -0.2926 0.9473
vn 0.0373 0.4755 0.8789
vn 0.1819 0.4645 0.8667
vn 0.1361 0.6086 0.7817
vn 0.1721 0.8547 0.4897
vn 0.1344 0.9515 -0.2768
vn 0.5062 -0.5410 0.6716
vn 0.4169 -0.4995 0.7594
vn 0.2579 -0.5231 0.8123
vn 0.4407 0.1147 0.8903
vn 0.2898 -0.2592 -0.9213
vn 0.4976 0.1355 0.8567
vn 0.4622 -0.2385 0.8541
vn 0.4731 0.0652 0.8786
vn 0.5839 -0.0226 0.8115
vn 0.5009 0.2633 0.8245
vn 0.6249 0.3358 0.7048
vn 0.3564 -0.9226 0.1477
vn 0.8268 -0.1440 0.5437
vn 0.8175 0.0633 0.5725
vn 0.3541 -0.6556 0.6670
vn 0.2160 -0.7562 0.6177
vn 0.1780 -0.8620 -0.4746
vn 0.6513 -0.2317 0.7226
vn 0.5623 -0.1955 0.8035
vn 0.3274 -0.5638 0.7582
vn -0.0141 -0.0352 0.9993
vn 0.3075 0.1598 0.9380
vn 0.1047 0.8908 -0.4422
vn 0.1042 0.9772 -0.1848
vn 0.1971 0.9608 0.1950
vn 0.0240 0.9987 0.0451
vn 0.0658 0.9975 0.0254
vn 0.0154 -0.9995 -0.0288
vn 0.1365 -0.9812 0.1363
vn 0.5419 -0.2528 0.8015
vn 0.4496 -0.2062 0.8691
vn 0.4727 0.0934 0.8763
vn 0.5289 -0.0472 0.8474
vn 0.3082 -0.5689 0.7625
vn 0.0691 -0.9591 -0.2745
vn 0.6809 0.4538 0.5748
vn 0.7019 0.3811 0.6018
vn 0.8719 0.1822 0.4545
vn 0.6361 -0.5358 0.5552
vn 0.1075 0.2033 0.9732
vn -0.0813 -0.4214 0.9032
vn -0.1628 -0.0608 0.9848
vn 0.1594 0.9822 0.0995
vn -0.0180 0.9871 0.1591
vn 0.3967 -0.7562 0.5204
vn 0.3229 0.3974 -0.8590
vn 0.0881 0.9799 0.1788
vn 0.3257 0.6803 -0.6566
vn 0.2129 0.9453 -0.2470
vn 0.4346 0.4707 0.7678
vn 0.5341 -0.1014 0.8393
vn 0.3828 -0.5960 0.7058
vn 0.3284 -0.6164 0.7157
vn 0.6245 -0.0712 0.7778
vn 0.2902 -0.9524 0.0939
vn 0.8564 0.3199 0.4054
vn 0.9239 0.1333 0.3586
vn 0.7439 -0.4075 0.5297
vn 0.4263 -0.7629 0.4861
vn 0.2760 -0.7827 0.5578
vn 0.1931 -0.1576 -0.9684
vn 0.1743 0.7337 0.6567
vn 0.2645 0.8956 0.3577
vn 0.5611 -0.1909 0.8054
vn 0.0826 -0.9408 -0.3288
vn 0.5748 -0.0399 0.8173
vn 0.3459 -0.8097 0.4740
vn 0.3939 0.1211 -0.9111
vn 0.5895 0.3261 0.7390
vn 0.4989 0.1499 0.8536
vn -0.1886 -0.9580 0.2162
vn 0.5190 -0.6453 0.5606
vn 0.2452 -0.9685 0.0443
vn 0.1499 -0.3182 -0.9361
vn 0.1171 -0.2885 -0.9503
vn 0.8347 0.2967 0.4639
vn 0.0977 -0.7127 0.6946
vn -0.0378 0.3948 0.9180
vn 0.0401 0.7646 -0.6433
vn 0.0795 0.7185 0.6910
vn -0.0197 -0.9993 -0.0308
vn 0.1393 -0.9653 0.2210
vn 0.1804 -0.1260 -0.9755
vn 0.5800 -0.3899 0.7152
vn 0.5275 -0.6273 0.5729
vn 0.5756 -0.3303 0.7481
vn 0.3077 0.7487 -0.5872
vn 0.5633 0.0420 0.8252
vn 0.3862 -0.0696 -0.9198
vn 0.2800 -0.4113 -0.8674
vn 0.2047 -0.5599 -0.8029
vn 0.3966 -0.2327 0.8880
vn 0.1785 -0.8150 0.5512
vn -0.2413 -0.6886 0.6839
vn 0.0129 -0.8036 0.5951
vn -0.2416 -0.6986 0.6735
vn 0.7209 0.3878 0.5744
vn 0.6393 0.3222 0.6982
vn 0.6470 0.5187 0.5588
vn 0.7428 0.2286 0.6293
vn 0.0375 -0.6215 0.7825
vn 0.2131 0.0774 0.9740
vn 0.2124 0.1377 -0.9674
vn 0.1151 0.1635 0.9798
vn 0.1335 0.2713 -0.9532
vn -0.0222 -0.6677 0.7441
vn -0.0598 -0.3990 0.9150
vn -0.2547 0.3744 0.8916
vn 0.1437 0.7853 0.6022
vn 0.1937 0.8650 0.4629
vn 0.1410 0.9809 -0.1339
vn 0.4596 0.2682 -0.8467
vn 0.6011 0.1647 0.7820
vn 0.5438 -0.0442 0.8380
vn -0.3021 -0.8980 0.3200
vn -0.3915 -0.8846 0.2533
vn 0.1667 -0.9507 0.2615
vn 0.6761 0.5870 0.4454
vn 0.6339 0.4057 0.6585
vn 0.6569 -0.3092 0.6877
vn 0.1639 -0.7952 0.5838
vn 0.1514 -0.4767 0.8659
vn 0.0042 -0.4552 0.8904
vn 0.0471 -0.3921 0.9187
vn 0.1849 -0.2789 -0.9423
vn 0.1598 0.1089 0.9811
vn 0.0933 0.8247 -0.5578
vn 0.2347 0.8394 0.4902
vn 0.1588 0.9871 -0.0191
vn 0.1609 0.9848 -0.0654
vn 0.1421 -0.8398 -0.5239
vn 0.3453 -0.0614 -0.9365
vn 0.4292 -0.5345 0.7280
vn 0.1879 -0.3924 -0.9004
vn 0.3445 -0.3023 0.8888
vn 0.2131 -0.1818 0.9600
vn 0.2392 -0.6425 0.7280
vn 0.1887 -0.5521 0.8121
vn 0.2258 -0.0685 0.9718
vn 0.3199 -0.0611 -0.9455
vn 0.2310 0.0610 0.9710
vn 0.1933 0.2247 -0.9550
vn 0.1987 0.1422 0.9697
vn 0.1700 -0.3711 0.9129
vn 0.0971 -0.2639 0.9597
vn 0.0381 -0.2508 0.9673
vn 0.0167 0.5582 -0.8296
vn 0.1851 0.8137 0.5510
vn 0.3521 0.3062 0.8845
vn 0.1288 0.8649 -0.4852
vn 0.1338 0.9156 -0.3792
vn 0.6118 -0.1871 0.7686
vn 0.1656 -0.3637 -0.9167
vn 0.2019 -0.0998 -0.9743
vn 0.5941 -0.0208 0.8042
vn -0.0360 0.8401 0.5412
vn 0.2843 0.8985 -0.3346
vn 0.3975 0.7987 -0.4517
vn -0.0427 0.8246 0.5641
vn 0.3750 -0.2990 -0.8775
vn 0.5899 -0.1919 0.7843
vn 0.4776 -0.5967 0.6449
vn 0.2470 -0.4829 -0.8401
vn 0.8415 -0.1348 0.5232
vn 0.8258 0.3315 0.4563
vn 0.6561 0.3350 0.6762
vn 0.4192 0.3061 0.8547
vn 0.1732 0.3576 0.9177
vn 0.2098 -0.8547 0.4749
vn 0.1545 -0.7539 0.6386
vn 0.0951 0.3561 -0.9296
vn -0.0153 -0.3010 0.9535
vn 0.2514 -0.6047 0.7557
vn 0.0513 0.4909 0.8697
vn 0.0245 0.8340 0.5511
vn 0.0717 0.3210 0.9444
vn 0.5701 -0.1504 0.8077
vn 0.1550 -0.6909 -0.7061
vn 0.2027 0.0085 -0.9792
vn 0.4841 -0.7099 0.5116
vn 0.2349 -0.1941 -0.9524
vn 0.4333 0.2794 -0.8569
vn 0.2940 -0.5930 -0.7496
vn 0.2689 -0.5641 -0.7807
vn 0.3834 -0.1296 0.9144
vn 0.3453 -0.8180 0.4601
vn 0.8905 -0.2413 0.3858
vn 0.7890 0.3714 0.4895
vn 0.3296 0.5372 0.7764
vn 0.3711 0.6997 0.6105
vn 0.1675 -0.5992 0.7829
vn 0.2278 -0.2581 -0.9389
vn 0.3412 -0.2043 -0.9175
vn 0.0791 -0.8051 0.5878
vn 0.2410 -0.4376 0.8663
vn 0.3102 -0.5236 0.7935
vn 0.0807 0.6894 0.7199
vn 0.1945 0.4072 0.8924
vn 0.0175 0.6754 -0.7373
vn 0.2176 0.7039 0.6761
vn 0.1563 0.9869 0.0405
vn 0.1898 -0.9452 0.2657
vn 0.5292 -0.3715 0.7628
vn 0.3887 -0.8391 0.3805
vn 0.5528 -0.5287 0.6442
vn 0.3766 -0.7949 0.4757
vn 0.4169 -0.8158 0.4009
vn 0.1498 0.6276 0.7640
vn 0.0249 0.4538 0.8908
vn 0.0337 0.4459 0.8945
vn -0.0735 -0.5270 0.8467
vn 0.3569 0.0902 -0.9298
vn 0.3498 -0.5770 0.7380
vn 0.3645 -0.5168 0.7746
vn 0.4415 -0.5030 0.7430
vn 0.2176 0.0011 0.9760
vn 0.2014 0.9506 -0.2361
vn 0.0120 -0.9932 0.1158
vn 0.5781 -0.0469 0.8146
vn 0.5895 -0.5501 0.5915
vn 0.2874 0.9433 -0.1660
vn 0.4456 0.8602 -0.2482
vn 0.2413 0.9633 0.1178
vn 0.5206 0.5442 -0.6579
vn 0.5133 0.1462 0.8457
vn 0.2328 -0.0930 0.9681
vn -0.3035 -0.2194 0.9272
vn 0.1832 -0.8665 0.4644
vn -0.1073 -0.4493 0.8869
vn -0.1333 -0.4819 0.8660
vn -0.0796 -0.4090 0.9091
vn 0.1974 -0.7431 0.6394
vn 0.3066 0.1852 -0.9337
vn 0.1750 -0.0073 0.9845
vn 0.1396 -0.5081 0.8499
vn 0.0466 -0.5221 0.8516
vn 0.1714 0.8637 -0.4739
vn 0.2687 0.8566 0.4406
vn 0.1473 0.9590 0.2421
vn 0.1604 0.9786 0.1288
vn 0.4948 -0.7297 0.4719
vn 0.6357 -0.1911 0.7479
vn 0.5269 0.3421 -0.7780
vn 0.3913 0.8936 -0.2200
vn 0.3910 0.8938 -0.2196
vn 0.3767 0.9163 -0.1361
vn 0.4946 0.7458 -0.4464
vn -0.0209 0.8179 0.5750
vn 0.3319 0.9433 0.0094
vn 0.5062 0.1364 -0.8515
vn 0.4987 -0.0330 -0.8661
vn 0.4391 -0.2007 0.8757
vn 0.5115 -0.2075 -0.8339
vn -0.0330 -0.2976 0.9541
vn 0.6479 -0.2987 0.7008
vn 0.1568 -0.2952 0.9425
vn 0.6277 -0.2893 0.7227
vn 0.6339 -0.0628 0.7709
vn 0.6347 -0.0832 0.7682
vn 0.9602 -0.2322 0.1551
vn 0.9464 -0.3036 0.1106
vn 0.9381 0.2375 0.2520
vn 0.1102 -0.8082 0.5785
vn 0.2958 0.1451 0.9442
vn 0.3203 0.5993 0.7337
vn 0.2459 0.9570 -0.1539
vn 0.6337 -0.0083 0.7736
vn 0.4813 -0.4129 -0.7733
vn 0.3896 -0.5422 -0.7445
vn 0.6098 0.1473 0.7787
vn -0.1386 -0.1443 0.9798
vn 0.0620 0.0238 0.9978
vn 0.0025 -0.0336 0.9994
vn 0.0998 -0.8776 0.4689
vn 0.1433 -0.8636 0.4834
vn -0.0643 -0.5852 0.8083
vn 0.1730 -0.4402 0.8811
vn -0.1612 -0.2835 0.9453
vn -0.2184 -0.1206 0.9684
vn -0.0213 0.2180 0.9757
vn -0.0317 0.2104 0.9771
vn -0.1048 0.1689 0.9800
vn 0.3402 0.4800 0.8086
vn 0.0966 0.7874 0.6088
vn 0.2034 0.5407 0.8163
vn 0.3010 0.6976 0.6502
vn 0.2666 0.8428 0.4675
vn 0.2600 0.8860 0.3840
vn 0.1842 -0.9504 0.2506
vn 0.0953 -0.9783 -0.1840
vn 0.1965 -0.4820 -0.8539
vn 0.2239 -0.1642 -0.9607
vn -0.0092 0.8203 0.5718
vn 0.5707 0.0284 0.8207
vn 0.5671 0.0518 0.8220
vn 0.4900 -0.2945 0.8205
vn 0.3465 0.3050 0.8871
vn 0.2066 0.3231 0.9235
vn 0.0320 0.3877 0.9212
vn -0.2757 -0.0784 0.9580
vn 0.0869 -0.5793 0.8105
vn 0.2634 -0.2219 -0.9388
vn 0.3000 0.1474 0.9425
vn 0.2461 0.1851 0.9514
vn 0.1783 0.2832 -0.9423
vn 0.2367 0.8430 0.4830
vn 0.2322 0.8816 -0.4110
vn 0.2134 0.9283 -0.3046
vn -0.0145 0.9364 0.3506
vn -0.1839 0.9364 0.2988
vn 0.4624 -0.7821 0.4176
vn 0.5554 0.5941 -0.5819
vn 0.2179 -0.1546 0.9636
vn 0.2999 -0.5937 0.7467
vn 0.3495 -0.5877 -0.7297
vn -0.1423 -0.2748 0.9509
vn -0.3588 -0.3349 0.8713
vn 0.3233 -0.4106 -0.8525
vn 0.3031 0.2945 0.9063
vn 0.2753 -0.3231 -0.9054
vn -0.1347 -0.3045 0.9430
vn -0.1367 -0.2212 0.9656
vn -0.3900 -0.3104 0.8669
vn 0.3627 0.5158 0.7761
vn 0.1869 0.7299 0.6575
vn 0.2031 0.9787 0.0309
vn 0.2782 0.9602 0.0269
vn 0.3030 0.9530 0.0029
vn 0.6478 -0.2143 0.7311
vn 0.3820 0.9146 -0.1326
vn -0.0110 0.8026 0.5964
vn -0.0641 0.8116 0.5806
vn -0.0605 0.8072 0.5871
vn 0.3981 0.8901 -0.2220
vn 0.2529 -0.1349 0.9580
vn 0.4543 -0.0529 0.8893
vn -0.2569 -0.3000 0.9187
vn 0.3996 0.0703 0.9140
vn 0.2449 0.1951 0.9497
vn 0.0668 0.1907 0.9794
vn 0.5488 -0.1509 0.8222
vn 0.1118 0.7888 -0.6044
vn 0.2643 0.6521 0.7106
vn 0.2464 0.7782 0.5777
vn -0.0003 0.9983 0.0578
vn 0.6547 -0.4324 0.6200
vn 0.4964 0.8040 -0.3274
vn 0.4619 0.8406 -0.2831
vn 0.1647 0.9365 0.3096
vn 0.5541 0.3250 -0.7664
vn 0.1096 -0.3975 0.9110
vn 0.1273 -0.3812 0.9157
vn -0.0361 -0.1218 0.9919
vn 0.2404 0.0895 0.9665
vn 0.1861 0.3008 0.9354
vn -0.0390 -0.3381 0.9403
vn -0.0574 -0.3681 0.9280
vn 0.2950 -0.3304 0.8965
vn 0.4172 0.0969 0.9036
vn 0.4771 -0.1780 0.8606
vn 0.3208 0.6516 0.6874
vn 0.2178 0.8535 -0.4734
vn 0.2913 0.9264 -0.2385
vn 0.3005 0.9520 -0.0573
vn 0.6345 0.0793 0.7689
vn 0.2582 -0.0494 -0.9648
vn 0.5294 -0.7649 0.3669
vn 0.6579 -0.4260 0.6211
vn 0.4360 0.0452 -0.8988
vn 0.4720 0.8814 -0.0194
vn 0.0208 -0.5905 0.8068
vn 0.2157 -0.1160 0.9695
vn -0.0467 -0.3136 0.9484
vn 0.2627 0.2539 0.9309
vn 0.1550 -0.5027 0.8505
vn 0.0184 -0.7256 0.6879
vn 0.0248 -0.9010 0.4330
vn 0.3692 0.0417 0.9284
vn 0.2054 -0.6503 0.7314
vn 0.1015 0.4559 -0.8842
vn 0.1789 0.7545 0.6314
vn 0.2932 0.8547 0.4284
vn 0.2732 0.5050 0.8187
vn -0.1313 0.9298 0.3437
vn 0.3338 0.9421 0.0308
vn 0.0018 -0.9998 -0.0221
vn 0.6862 -0.1600 0.7096
vn 0.3416 0.9392 -0.0351
vn 0.5049 0.3919 -0.7691
vn 0.5747 0.6651 -0.4768
vn 0.6396 0.1459 -0.7547
vn 0.4524 -0.3163 0.8339
vn 0.3246 -0.4824 -0.8136
vn 0.2145 -0.1430 0.9662
vn 0.1481 -0.0041 0.9890
vn 0.4196 0.2026 0.8848
vn 0.3956 -0.0847 -0.9145
vn 0.4502 0.0519 -0.8914
vn 0.3455 0.1065 0.9324
vn 0.2780 0.2438 -0.9291
vn 0.0602 -0.6920 0.7194
vn 0.3052 -0.4452 0.8418
vn 0.1542 0.3097 0.9382
vn 0.1289 0.2904 0.9482
vn 0.0729 0.2470 0.9663
vn 0.2544 0.8446 0.4710
vn 0.3164 0.8987 -0.3037
vn 0.0121 0.9001 0.4355
vn -0.0547 0.9833 0.1734
vn -0.0499 0.9956 0.0793
vn 0.1450 -0.9637 0.2244
vn 0.3275 -0.2754 -0.9038
vn 0.3221 -0.0201 -0.9465
vn 0.6362 -0.6080 0.4749
vn 0.6335 -0.6320 0.4464
vn 0.4991 0.2196 -0.8382
vn 0.5175 0.2350 -0.8228
vn 0.2723 0.9565 0.1049
vn -0.1910 0.8610 0.4714
vn 0.5595 -0.0716 -0.8257
vn -0.0924 -0.3122 0.9455
vn 0.1660 0.4975 0.8515
vn 0.2783 -0.2612 0.9243
vn 0.3562 -0.0842 -0.9306
vn 0.4068 0.1331 -0.9038
vn 0.0589 -0.7743 0.6301
vn 0.4078 -0.3240 0.8537
vn 0.4461 -0.3165 0.8372
vn 0.3662 -0.3242 0.8722
vn 0.1355 0.6983 0.7028
vn 0.3506 0.8600 -0.3709
vn 0.3868 0.7929 0.4708
vn 0.0160 0.7452 0.6667
vn 0.1373 0.9040 0.4049
vn 0.2952 0.8297 0.4739
vn 0.0907 0.9385 0.3332
vn 0.4992 -0.3170 0.8064
vn 0.5703 0.3861 -0.7250
vn 0.5547 0.3814 -0.7395
vn 0.4514 0.6848 -0.5721
vn 0.6488 -0.1215 0.7512
vn 0.4900 -0.1060 0.8652
vn 0.6153 0.0376 -0.7874
vn -0.3998 -0.4040 0.8228
vn 0.3791 -0.3607 -0.8521
vn 0.4091 -0.0772 0.9092
vn 0.3518 -0.1999 -0.9145
vn 0.0320 -0.8009 0.5980
vn 0.2028 -0.4805 0.8532
vn 0.2181 0.3575 0.9081
vn 0.2477 0.3585 0.9001
vn 0.0526 0.6540 -0.7547
vn 0.3481 0.9290 -0.1254
vn 0.5005 0.0294 0.8652
vn 0.6494 -0.0559 0.7584
vn 0.2875 -0.0749 -0.9548
vn 0.4903 0.7376 -0.4642
vn -0.2197 0.9324 0.2870
vn 0.0068 0.9314 0.3638
vn 0.1137 0.9430 0.3127
vn 0.1414 0.9378 0.3170
vn -0.2631 -0.3866 0.8839
vn 0.3903 -0.5292 0.7534
vn 0.4555 -0.6057 -0.6524
vn -0.0382 -0.9771 0.2094
vn -0.0597 -0.9661 0.2513
vn -0.1194 -0.9409 0.3168
vn -0.0622 -0.8036 0.5920
vn 0.2740 -0.1733 0.9460
vn 0.2589 -0.1759 0.9498
vn 0.1701 -0.1793 0.9690
vn 0.2376 0.3790 -0.8944
vn 0.3544 -0.2489 0.9014
vn 0.3656 0.9092 -0.1991
vn 0.3469 0.9370 0.0413
vn 0.3247 0.9457 0.0138
vn 0.4286 0.8030 0.4142
vn 0.3807 0.9247 -0.0022
vn 0.1920 -0.9039 0.3823
vn 0.2187 -0.7037 -0.6760
vn 0.7095 -0.1839 0.6803
vn 0.6604 -0.6560 0.3655
vn 0.2690 -0.1763 0.9469
vn 0.6373 -0.1748 -0.7505
vn 0.2749 -0.0886 0.9574
vn 0.4128 0.2282 0.8818
vn 0.3799 0.2414 0.8930
vn 0.3660 0.4277 0.8265
vn 0.4777 -0.0211 0.8783
vn 0.6294 0.0553 0.7751
vn 0.4866 -0.2780 0.8282
vn 0.2741 -0.5819 0.7657
vn 0.5068 0.0340 0.8614
vn 0.5192 -0.0151 0.8545
vn 0.4744 0.0284 0.8799
vn 0.4919 -0.3144 0.8119
vn 0.3068 0.4036 0.8620
vn 0.6486 0.0495 0.7596
vn 0.4280 0.5126 0.7443
vn 0.3451 0.6519 0.6752
vn 0.4276 0.6007 0.6756
vn 0.4503 0.4472 0.7728
vn 0.3197 0.6991 0.6395
vn 0.4383 0.7389 0.5118
vn 0.4194 0.7467 0.5163
vn 0.3449 0.9385 0.0133
vn 0.7436 -0.3864 0.5456
vn 0.7665 -0.3513 0.5377
vn -0.2300 0.9729 0.0242
vn 0.4647 -0.3159 0.8272
vn -0.0199 -0.3400 0.9402
vn 0.6079 -0.4266 -0.6697
vn 0.5186 -0.6055 -0.6036
vn 0.3892 -0.4046 -0.8275
vn 0.6254 -0.0592 0.7781
vn 0.1953 -0.5405 0.8184
vn 0.5130 0.2097 0.8324
vn 0.4271 -0.0936 0.8993
vn 0.5034 0.5120 0.6960
vn 0.5079 0.5122 0.6926
vn 0.6393 0.3613 0.6788
vn 0.2950 0.8672 -0.4013
vn 0.1004 0.9046 0.4142
vn -0.2757 0.6381 -0.7189
vn 0.3820 0.9231 -0.0441
vn 0.2696 0.9518 -0.1465
vn 0.7267 -0.5132 0.4566
vn 0.6851 -0.6318 0.3625
vn 0.4289 0.0677 -0.9008
vn 0.0798 0.9669 0.2424
vn 0.7231 0.0084 -0.6907
vn 0.1127 -0.3138 0.9428
vn 0.3878 -0.5324 -0.7524
vn 0.4845 0.0447 0.8736
vn 0.4978 -0.3740 0.7826
vn -0.2149 -0.9100 0.3546
vn 0.2407 -0.6309 0.7376
vn 0.5666 0.2235 0.7931
vn 0.1080 0.5326 0.8395
vn 0.2434 0.6103 -0.7538
vn 0.3109 0.6728 0.6713
vn 0.2987 0.7379 -0.6052
vn 0.5598 0.4773 0.6773
vn 0.1335 0.7941 0.5930
vn 0.3269 0.8782 -0.3491
vn 0.4442 0.8562 -0.2637
vn 0.4059 0.9102 -0.0823
vn 0.1765 -0.9211 -0.3470
vn 0.7248 -0.1029 0.6812
vn 0.4723 0.8593 -0.1963
vn 0.7676 -0.2394 0.5946
vn 0.6119 -0.3112 0.7271
vn 0.4627 -0.6187 -0.6349
vn 0.4494 0.2934 0.8438
vn 0.4839 0.1662 0.8592
vn 0.4338 0.4080 0.8033
vn 0.3920 -0.4700 0.7909
vn 0.1682 -0.7650 0.6217
vn 0.4759 -0.0001 0.8795
vn 0.4260 0.0161 0.9046
vn 0.3798 0.5986 0.7052
vn 0.4067 0.8575 -0.3152
vn 0.3478 0.8621 0.3686
vn 0.5738 0.6425 0.5079
vn 0.5211 0.7588 0.3907
vn 0.3665 0.9286 -0.0580
vn 0.3151 -0.5056 -0.8032
vn 0.2602 -0.3285 0.9080
vn 0.3056 -0.3339 0.8917
vn 0.4625 -0.1398 0.8755
vn 0.4201 -0.4275 -0.8005
vn 0.4999 0.2010 0.8424
vn 0.4795 0.1225 0.8690
vn 0.4237 -0.2691 -0.8649
vn -0.2209 -0.9132 0.3426
vn 0.0060 -0.7902 0.6128
vn 0.4418 -0.2687 0.8559
vn 0.3704 -0.3248 0.8702
vn 0.3887 -0.1114 0.9146
vn 0.5601 0.1436 0.8159
vn 0.5844 0.0951 0.8059
vn 0.3969 0.1896 -0.8980
vn 0.3936 -0.1697 0.9035
vn 0.4815 -0.0193 0.8762
vn 0.3420 0.5288 -0.7768
vn 0.3850 0.7277 0.5677
vn 0.4671 -0.0003 0.8842
vn 0.2576 0.6744 0.6920
vn 0.1556 0.9444 -0.2898
vn 0.4816 0.8764 0.0042
vn -0.4084 -0.5867 0.6993
vn 0.3430 -0.0111 0.9393
vn 0.3929 0.1676 0.9042
vn 0.3759 0.3969 0.8373
vn 0.3639 0.4779 0.7995
vn 0.5367 0.3548 0.7655
vn 0.8006 -0.4797 0.3589
vn 0.3644 0.9252 -0.1059
vn 0.7057 0.4101 -0.5778
vn 0.7669 0.1448 -0.6253
vn 0.7231 -0.1730 -0.6687
vn 0.5288 0.2245 0.8185
vn 0.7350 0.0314 0.6773
vn 0.5204 -0.4285 0.7386
vn 0.6161 0.0083 0.7876
vn 0.4218 -0.0517 -0.9052
vn 0.2651 -0.6977 0.6655
vn 0.2525 -0.5504 0.7958
vn 0.0934 -0.5881 0.8034
vn 0.1259 -0.4062 0.9051
vn 0.4616 0.1689 0.8709
vn 0.4064 0.4139 0.8146
vn 0.4807 0.0091 0.8768
vn 0.5747 -0.0681 0.8155
vn 0.4025 0.9073 -0.1217
vn 0.3991 0.9064 -0.1382
vn 0.3378 0.6017 0.7238
vn 0.2422 -0.8304 -0.5018
vn 0.0117 0.9706 0.2405
vn 0.4668 0.7317 -0.4966
vn 0.5176 -0.3166 0.7949
vn 0.4461 -0.3679 -0.8159
vn 0.5691 0.1751 0.8034
vn 0.5804 0.2472 0.7759
vn 0.0505 -0.7241 0.6879
vn -0.2759 -0.8812 0.3839
vn 0.4533 -0.4348 0.7781
vn 0.5487 -0.2588 0.7949
vn 0.4076 0.0269 0.9128
vn 0.3905 0.7824 -0.4851
vn 0.3690 0.5254 0.7667
vn 0.4460 0.8476 -0.2875
vn 0.2018 0.8633 0.4626
vn 0.1900 0.9230 0.3345
vn -0.3933 0.5874 0.7074
vn 0.2338 0.5995 0.7654
vn 0.5005 0.3612 0.7868
vn 0.3168 -0.6990 -0.6412
vn 0.5921 0.1580 0.7902
vn 0.7117 -0.0450 0.7010
vn 0.4206 -0.0228 -0.9070
vn 0.7572 -0.5921 0.2760
vn 0.7635 -0.5583 0.3246
vn 0.7984 -0.3599 0.4827
vn 0.6069 0.4184 -0.6758
vn 0.5336 0.5571 -0.6363
vn 0.5423 0.7163 -0.4391
vn 0.6254 -0.3879 0.6770
vn 0.6807 -0.3978 -0.6152
vn 0.5602 0.2912 0.7755
vn 0.5151 0.2181 0.8289
vn 0.1308 -0.0709 0.9889
vn 0.4239 0.4496 0.7863
vn 0.2374 0.1042 0.9658
vn -0.0876 -0.9026 0.4214
vn 0.6423 -0.0382 0.7655
vn 0.5908 -0.1349 0.7955
vn 0.4432 -0.7147 0.5410
vn 0.3929 0.2521 -0.8844
vn 0.3949 0.3476 -0.8504
vn 0.4625 -0.2702 0.8444
vn 0.5040 -0.1735 0.8461
vn 0.6010 -0.0861 0.7946
vn 0.2786 0.6005 0.7495
vn 0.2783 0.5567 0.7827
vn 0.4643 0.1799 0.8672
vn 0.3169 0.7168 0.6211
vn 0.5940 0.1426 0.7917
vn 0.4209 0.8523 0.3105
vn 0.7578 0.5115 0.4051
vn 0.4706 0.8628 -0.1849
vn 0.4071 0.9134 0.0031
vn 0.6964 0.7171 0.0295
vn 0.4108 0.8913 -0.1921
vn 0.7888 -0.2091 0.5781
vn 0.7845 -0.3552 0.5084
vn 0.7951 -0.4195 0.4379
vn 0.6476 0.7299 -0.2188
vn -0.2486 -0.6056 0.7559
vn 0.5045 -0.3963 0.7671
vn 0.2835 -0.6301 0.7229
vn 0.4087 0.0381 0.9119
vn 0.4340 0.0065 0.9009
vn 0.3878 0.5433 0.7446
vn 0.3563 0.6378 0.6829
vn 0.4809 0.5709 0.6655
vn 0.6049 0.4020 0.6874
vn 0.5359 0.8057 0.2525
vn 0.6191 0.7342 0.2785
vn 0.8450 0.4929 0.2073
vn 0.5156 0.8349 -0.1925
vn 0.5847 0.8109 0.0213
vn -0.0044 -0.9993 0.0378
vn 0.0564 -0.9967 0.0587
vn 0.7436 0.4946 -0.4499
vn 0.6146 0.7335 -0.2903
vn -0.0276 0.9558 0.2928
vn 0.7303 -0.3723 0.5728
vn 0.8236 -0.0309 -0.5663
vn 0.5776 -0.5799 -0.5745
vn 0.5074 -0.5206 -0.6867
vn 0.4757 -0.3625 -0.8014
vn -0.3064 -0.6284 0.7150
vn 0.2886 -0.6370 0.7148
vn 0.4732 -0.1312 -0.8711
vn 0.6919 0.1397 0.7083
vn 0.3705 0.8683 0.3298
vn 0.5270 0.8190 0.2271
vn 0.8625 0.4716 0.1832
vn 0.5110 0.8519 0.1144
vn 0.0138 -0.9972 0.0730
vn -0.1896 -0.9613 0.1999
vn -0.3436 -0.2748 0.8980
vn -0.3009 -0.7371 0.6051
vn -0.6343 0.1649 0.7553
vn -0.4742 0.6549 0.5885
vn -0.6338 0.3703 0.6791
vn 0.7057 0.0412 0.7073
vn 0.5612 0.1623 -0.8116
vn 0.7349 0.5329 -0.4194
vn 0.8466 0.1207 -0.5184
vn 0.6068 -0.1276 0.7845
vn 0.5522 -0.6064 -0.5721
vn 0.6167 0.2506 0.7462
vn 0.6459 0.2724 0.7132
vn 0.6306 0.2386 0.7385
vn 0.6491 0.1660 0.7423
vn 0.6094 0.2057 0.7658
vn 0.2534 -0.3876 0.8863
vn 0.4821 -0.3496 0.8033
vn 0.3200 -0.4773 0.8184
vn 0.4902 -0.4003 0.7743
vn 0.6745 0.0020 0.7383
vn 0.7032 0.2494 0.6658
vn 0.7192 0.2460 0.6498
vn 0.5159 -0.0078 -0.8566
vn 0.7210 -0.0164 0.6927
vn 0.4774 0.1379 -0.8678
vn 0.3699 -0.7442 0.5562
vn 0.6347 -0.1050 0.7656
vn 0.5145 0.4227 -0.7461
vn 0.4782 0.6222 -0.6199
vn 0.3643 0.5423 0.7571
vn 0.4652 0.8113 -0.3542
vn 0.3748 0.6859 0.6237
vn 0.6278 0.4118 0.6605
vn 0.5257 0.8087 -0.2639
vn 0.5312 0.8119 -0.2421
vn 0.5702 0.8060 0.1592
vn 0.5436 0.2549 0.7997
vn 0.4299 0.4539 0.7805
vn 0.0720 0.9788 0.1918
vn 0.1307 0.9818 0.1378
vn -0.2465 0.8493 0.4668
vn 0.5126 -0.3463 -0.7857
vn 0.1357 -0.6796 0.7209
vn 0.4813 0.0877 -0.8722
vn 0.6885 0.0706 0.7218
vn 0.6178 0.0326 0.7856
vn 0.4832 0.7367 0.4731
vn 0.5839 0.3896 0.7122
vn 0.6249 0.2594 0.7364
vn 0.7504 0.0659 0.6577
vn 0.5664 0.7832 -0.2565
vn 0.5528 0.8024 0.2246
vn 0.0888 -0.9839 -0.1551
vn -0.2818 0.2751 0.9192
vn 0.4948 -0.2967 -0.8168
vn 0.8185 -0.4783 0.3183
vn 0.8073 -0.5123 0.2930
vn 0.5491 0.8122 -0.1971
vn 0.7986 -0.1691 -0.5776
vn 0.6761 -0.1963 0.7102
vn 0.6417 0.0375 0.7661
vn 0.1767 -0.4963 0.8500
vn 0.2578 -0.4013 0.8789
vn 0.4818 -0.6403 0.5983
vn 0.4989 -0.2826 0.8193
vn 0.7764 -0.2770 0.5661
vn 0.5771 -0.3117 0.7548
vn 0.5284 0.2315 0.8168
vn 0.2157 0.4367 0.8734
vn 0.3076 0.5989 0.7394
vn -0.0766 0.5227 0.8491
vn 0.1077 0.8878 0.4475
vn -0.0290 0.8469 0.5310
vn -0.0585 0.8938 0.4446
vn -0.0576 0.8036 0.5924
vn 0.7031 0.2664 0.6593
vn 0.8095 -0.1842 0.5575
vn 0.6711 0.6424 -0.3702
vn 0.8799 0.2058 -0.4283
vn 0.7733 -0.3968 0.4946
vn 0.8866 0.0433 -0.4605
vn 0.7237 -0.3928 0.5674
vn 0.7625 -0.3076 -0.5691
vn 0.6740 -0.3087 0.6712
vn 0.6380 -0.5820 -0.5042
vn 0.5358 -0.4317 -0.7256
vn 0.4810 0.0021 -0.8767
vn 0.7253 -0.2223 0.6516
vn 0.5397 0.2733 -0.7963
vn 0.6679 -0.1741 0.7236
vn 0.5413 0.6974 -0.4697
vn 0.5910 0.6381 0.4935
vn 0.7153 0.4152 0.5621
vn 0.5162 0.8524 -0.0833
vn 0.3153 -0.8233 -0.4719
vn 0.2624 0.7667 0.5860
vn 0.1918 0.8303 0.5233
vn 0.1907 0.8498 0.4915
vn 0.4423 -0.5014 -0.7436
vn 0.5431 -0.0701 -0.8367
vn 0.7941 -0.0276 0.6071
vn 0.8677 -0.3161 0.3836
vn 0.7406 0.4478 -0.5010
vn -0.0733 0.9562 0.2832
vn -0.3236 0.8005 0.5045
vn -0.2808 0.8540 0.4381
vn 0.1654 0.9727 0.1631
vn 0.2945 0.9547 0.0431
vn 0.7124 0.6651 -0.2239
vn 0.3799 -0.2805 0.8815
vn 0.6858 0.1761 0.7062
vn 0.2282 -0.6020 0.7652
vn 0.6234 -0.2928 0.7250
vn 0.5262 0.1932 -0.8281
vn 0.4097 -0.7398 0.5337
vn 0.6151 0.5214 -0.5914
vn 0.7932 0.2676 0.5470
vn 0.5721 0.7899 -0.2209
vn 0.1313 0.8005 0.5848
vn 0.7398 0.1917 0.6449
vn 0.7954 -0.0470 0.6042
vn 0.7060 0.2790 -0.6510
vn -0.3306 0.8505 0.4092
vn 0.8530 -0.1327 -0.5047
vn 0.6073 -0.4887 -0.6264
vn 0.7379 0.0925 0.6686
vn 0.6747 0.2742 0.6853
vn 0.1801 -0.5015 0.8462
vn 0.5735 -0.3191 -0.7545
vn 0.6064 -0.2412 -0.7577
vn 0.5891 -0.3662 0.7203
vn 0.7697 0.0030 0.6384
vn 0.7960 0.1265 0.5920
vn 0.7366 -0.0117 0.6763
vn 0.6730 -0.4986 0.5463
vn 0.4312 -0.6438 0.6321
vn 0.8150 -0.0388 0.5781
vn 0.8240 0.0209 0.5662
vn 0.6228 0.5173 0.5870
vn 0.6408 0.5032 0.5798
vn 0.6336 0.7320 -0.2504
vn 0.5784 0.8142 0.0500
vn 0.2506 -0.9362 0.2466
vn 0.5468 0.5646 0.6183
vn 0.6601 0.1552 -0.7349
vn 0.9340 0.1506 -0.3240
vn 0.7640 -0.0584 0.6426
vn 0.6768 0.2617 0.6881
vn 0.4862 -0.4516 0.7481
vn 0.3331 -0.4903 0.8054
vn 0.3806 -0.5045 0.7750
vn 0.5996 -0.1157 -0.7919
vn 0.8099 0.0360 0.5855
vn 0.6503 0.3234 -0.6874
vn 0.8175 0.1771 0.5480
vn 0.6872 0.3906 -0.6125
vn 0.6824 0.6018 0.4150
vn 0.6136 0.7343 -0.2904
vn 0.5950 0.7621 -0.2554
vn 0.7941 0.4356 0.4238
vn 0.6887 0.6919 0.2167
vn 0.6245 0.7563 0.1949
vn 0.6164 0.7798 0.1095
vn 0.4356 0.7692 0.4676
vn 0.5298 0.6635 0.5283
vn 0.3500 0.7948 0.4959
vn 0.6840 0.5353 0.4955
vn 0.4189 0.6783 0.6037
vn 0.8526 -0.0804 0.5164
vn 0.8906 0.3607 -0.2770
vn 0.4442 0.8883 0.1168
vn -0.3475 0.8452 0.4060
vn -0.3070 0.8797 0.3630
vn -0.3089 0.8809 0.3586
vn -0.3098 0.8758 0.3702
vn 0.8946 -0.3154 0.3166
vn 0.8472 -0.4500 0.2824
vn 0.8083 -0.4460 0.3844
vn 0.7231 -0.4790 -0.4976
vn 0.7831 -0.2330 0.5766
vn 0.6327 -0.5878 -0.5041
vn 0.2671 -0.9316 0.2466
vn 0.3574 -0.8524 0.3817
vn 0.5043 -0.6758 0.5375
vn 0.9217 -0.0428 0.3855
vn 0.7697 0.2969 0.5651
vn 0.8784 0.2734 0.3920
vn 0.1742 -0.9335 -0.3134
vn 0.4004 -0.6531 -0.6427
vn 0.0832 0.8109 0.5793
vn 0.5678 0.4263 0.7042
vn 0.8873 -0.0573 0.4576
vn 0.6674 0.0884 -0.7394
vn 0.4914 0.8707 0.0201
vn 0.7341 0.6460 -0.2092
vn 0.9566 0.2103 -0.2015
vn 0.1744 0.9712 0.1624
vn 0.8937 -0.0911 -0.4394
vn 0.8194 -0.3756 0.4330
vn 0.7994 -0.3484 0.4894
vn 0.8353 -0.2518 -0.4888
vn 0.7606 0.1835 0.6228
vn 0.6911 0.1930 0.6965
vn 0.6969 0.0090 0.7171
vn 0.4053 -0.5280 0.7463
vn 0.7566 -0.1897 0.6258
vn 0.8413 0.1216 0.5268
vn 0.7102 -0.0156 0.7038
vn 0.7119 -0.5021 0.4910
vn 0.3589 -0.9325 0.0397
vn 0.2795 -0.9585 0.0559
vn 0.2937 -0.9544 0.0530
vn 0.9111 -0.0596 0.4078
vn 0.8361 0.0593 0.5453
vn 0.8119 0.0163 0.5835
vn 0.6894 0.5960 -0.4117
vn 0.7462 0.5002 0.4394
vn 0.8034 0.1844 0.5662
vn 0.7458 0.5054 0.4339
vn 0.6754 0.7352 0.0574
vn 0.6602 0.7509 -0.0147
vn 0.4701 -0.8317 0.2956
vn 0.7873 0.3429 0.5124
vn 0.6861 0.5817 0.4370
vn 0.9068 -0.0578 0.4175
vn 0.7039 0.1564 -0.6928
vn 0.7521 0.2109 -0.6244
vn 0.7968 0.2765 -0.5373
vn 0.9138 -0.1196 0.3881
vn 0.3780 0.9018 0.2094
vn -0.2184 0.8649 0.4520
vn 0.9259 0.3677 -0.0863
vn -0.3080 0.8858 0.3472
vn 0.6366 0.7495 -0.1817
vn 0.4764 0.8750 -0.0863
vn 0.5553 0.8290 -0.0656
vn 0.2100 0.9523 0.2214
vn 0.2319 0.9584 0.1666
vn 0.1669 0.9709 0.1720
vn 0.9715 0.0712 -0.2261
vn 0.8750 -0.4491 0.1806
vn 0.7085 -0.5564 -0.4341
vn 0.6561 -0.4232 -0.6249
vn 0.6277 -0.3826 -0.6779
vn 0.7139 -0.0138 0.7001
vn 0.6519 -0.2594 -0.7125
vn 0.7783 -0.0663 0.6244
vn 0.6527 -0.6011 0.4611
vn 0.6351 0.2384 -0.7347
vn 0.7810 -0.2701 0.5631
vn 0.8647 0.0558 0.4991
vn 0.8733 -0.0202 0.4868
vn 0.7186 0.4618 -0.5199
vn 0.7991 0.5148 0.3104
vn 0.6657 0.7327 -0.1413
vn 0.5585 0.5722 0.6005
vn 0.0449 0.9285 0.3685
vn 0.3843 0.9047 0.1838
vn 0.7992 0.6009 -0.0116
vn 0.9161 0.3915 -0.0864
vn 0.9306 -0.3286 0.1613
vn 0.8108 -0.3908 -0.4356
vn 0.8629 -0.0714 0.5002
vn 0.7847 -0.3406 0.5179
vn 0.8692 0.0190 0.4941
vn 0.5823 -0.1037 -0.8064
vn 0.7172 0.0738 0.6929
vn 0.6486 -0.0052 0.7611
vn 0.5946 -0.2098 0.7761
vn 0.8360 -0.3218 0.4445
vn 0.8168 -0.0340 0.5760
vn 0.7126 0.6574 -0.2448
vn 0.6649 0.7055 -0.2453
vn 0.6804 0.6885 -0.2510
vn 0.6471 0.7469 0.1529
vn 0.7507 -0.1928 0.6319
vn 0.0798 -0.9308 -0.3567
vn 0.0125 -0.9884 -0.1517
vn 0.7646 0.4338 0.4766
vn 0.0788 0.8083 0.5834
vn 0.9485 -0.0925 0.3029
vn 0.5785 0.7615 0.2923
vn 0.8564 0.5149 -0.0387
vn -0.3213 0.7375 0.5940
vn 0.3730 0.8651 0.3354
vn 0.8240 0.5621 0.0715
vn 0.8302 0.5574 0.0032
vn 0.3623 0.9096 0.2034
vn 0.8523 -0.2063 0.4806
vn 0.8296 0.0491 0.5561
vn 0.6519 -0.2614 -0.7118
vn 0.7781 -0.1630 0.6067
vn 0.7289 -0.0531 0.6825
vn 0.5181 0.1403 -0.8437
vn 0.4861 -0.6109 0.6249
vn 0.8329 -0.3067 0.4607
vn 0.8285 0.1609 0.5363
vn 0.7723 -0.0375 0.6342
vn 0.7649 -0.3047 0.5675
vn 0.8797 0.2234 0.4198
vn 0.7968 0.3223 0.5111
vn 0.6931 0.5444 0.4725
vn 0.8320 0.3503 0.4302
vn 0.7208 0.6532 0.2320
vn 0.3574 0.8270 0.4339
vn 0.3882 0.7168 0.5792
vn 0.4036 0.7483 0.5264
vn 0.3826 0.7220 0.5765
vn 0.4373 0.6360 0.6358
vn 0.9464 -0.0621 0.3169
vn 0.8209 0.4375 -0.3671
vn 0.8359 0.5488 -0.0108
vn 0.9806 0.1662 -0.1038
vn 0.9470 0.3072 0.0935
vn -0.0688 0.8654 0.4963
vn -0.2957 0.8044 0.5152
vn -0.2053 0.8611 0.4651
vn 0.8857 -0.1618 -0.4351
vn 0.9262 -0.1983 -0.3207
vn 0.8770 -0.4352 0.2038
vn 0.8884 -0.1701 -0.4265
vn 0.6980 -0.5728 -0.4298
vn 0.7408 0.1434 0.6563
vn 0.6597 -0.2144 -0.7203
vn 0.8865 0.0495 0.4600
vn 0.2808 -0.4205 0.8627
vn 0.1509 -0.8829 0.4447
vn 0.2144 -0.9743 0.0686
vn 0.6655 -0.6119 0.4274
vn 0.8771 0.1747 0.4474
vn 0.7174 0.2833 -0.6364
vn 0.4663 -0.4124 0.7826
vn 0.4512 -0.3257 0.8309
vn 0.4459 -0.3820 0.8095
vn 0.7236 0.6041 -0.3339
vn 0.6172 0.5660 0.5465
vn 0.7297 0.6481 0.2178
vn 0.7712 -0.0701 0.6327
vn 0.3275 0.8734 0.3604
vn 0.2645 -0.8786 -0.3976
vn 0.6571 0.5597 0.5050
vn 0.8308 0.3334 0.4456
vn 0.6882 0.0740 -0.7217
vn 0.9807 -0.0663 0.1840
vn 0.9882 -0.1135 0.1027
vn 0.9815 0.1108 -0.1563
vn 0.9717 -0.0676 -0.2262
vn 0.9933 0.0966 0.0641
vn 0.9365 0.2879 0.2003
vn 0.7784 0.5908 0.2123
vn 0.8347 0.5231 0.1721
vn 0.8017 0.5911 0.0886
vn 0.9585 -0.1776 -0.2231
vn 0.9583 -0.0845 0.2730
vn 0.9538 -0.1796 0.2408
vn 0.8641 -0.3586 0.3532
vn 0.8789 -0.2545 0.4036
vn 0.8477 0.0508 0.5280
vn 0.7236 -0.4407 -0.5312
vn 0.8229 -0.2638 0.5032
vn 0.8843 -0.1306 0.4482
vn 0.5357 -0.1878 -0.8232
vn 0.6489 0.0167 0.7607
vn 0.6641 -0.6024 0.4428
vn 0.7343 0.4984 -0.4609
vn 0.6104 0.4827 0.6280
vn 0.6341 -0.0759 -0.7695
vn 0.9568 0.1941 0.2163
vn 0.7768 0.4557 0.4347
vn 0.9915 -0.1263 -0.0320
vn 0.9724 -0.1550 -0.1743
vn 0.8367 0.5088 0.2024
vn 0.8301 0.5232 0.1927
vn 0.8519 0.3294 -0.4072
vn 0.8386 0.5393 0.0774
vn 0.8808 0.4705 0.0534
vn 0.6889 0.7060 -0.1641
vn 0.9585 -0.2341 0.1626
vn 0.9171 -0.3987 0.0039
vn 0.9283 -0.3657 0.0672
vn 0.9060 -0.1579 0.3927
vn 0.7839 -0.0202 0.6205
vn 0.7172 -0.2401 -0.6542
vn 0.8176 -0.1243 0.5623
vn 0.7177 -0.1822 0.6721
vn 0.6339 0.2226 -0.7407
vn 0.4095 -0.8157 0.4086
vn 0.7669 -0.4566 0.4510
vn 0.3684 -0.8506 0.3752
vn 0.6427 -0.2915 0.7085
vn 0.7981 -0.0803 0.5971
vn 0.7138 0.0150 0.7002
vn 0.4454 -0.2376 0.8632
vn 0.4617 -0.1643 0.8717
vn 0.6788 0.0081 0.7342
vn 0.5304 0.0440 0.8466
vn 0.5552 0.1218 0.8227
vn 0.7055 0.6109 0.3593
vn -0.2863 0.3329 0.8985
vn -0.1423 0.8788 0.4555
vn 0.4896 0.6119 0.6212
vn 0.4349 -0.5306 -0.7275
vn 0.8285 0.3991 0.3929
vn 0.8016 0.3032 -0.5153
vn 0.8142 0.4483 0.3688
vn 0.8334 0.5175 0.1940
vn 0.1284 0.8357 0.5340
vn -0.1925 0.7032 0.6844
vn -0.3811 0.6265 0.6799
vn -0.3977 0.6383 0.6591
vn 0.9803 -0.1500 -0.1282
vn 0.9501 -0.1711 -0.2609
vn 0.9812 -0.1067 0.1607
vn 0.8938 -0.4453 0.0536
vn 0.9118 -0.3205 0.2568
vn 0.8900 -0.2494 -0.3817
vn 0.9155 -0.2395 0.3234
vn 0.7421 -0.5683 -0.3554
vn 0.7889 -0.4722 -0.3933
vn 0.7124 -0.3525 -0.6068
vn 0.8272 -0.1151 0.5500
vn 0.8590 -0.0224 0.5115
vn 0.5552 -0.0375 -0.8309
vn 0.2745 -0.5718 0.7731
vn 0.3658 -0.8276 0.4258
vn 0.7012 0.6625 -0.2634
vn 0.6405 0.5813 0.5018
vn 0.7240 0.6527 0.2233
vn 0.7024 0.7084 -0.0694
vn -0.0716 0.3188 0.9451
vn -0.1308 -0.8941 0.4284
vn -0.1783 0.9384 0.2960
vn 0.7740 0.5614 0.2927
vn 0.7963 0.4793 0.3691
vn 0.1937 0.7481 0.6347
vn 0.8909 0.4496 0.0649
vn 0.8483 0.5281 0.0379
vn 0.9251 0.3688 0.0908
vn 0.8415 0.4872 -0.2335
vn 0.7308 0.6648 -0.1546
vn 0.5983 0.8006 -0.0326
vn 0.7839 0.6088 -0.1216
vn 0.5888 0.8032 0.0905
vn 0.9811 -0.1919 0.0261
vn 0.9196 -0.3546 0.1692
vn 0.9353 -0.0917 0.3417
vn 0.9417 -0.1396 0.3063
vn 0.8935 -0.0392 0.4473
vn 0.7618 -0.3503 -0.5450
vn 0.8180 0.0297 0.5744
vn 0.6579 -0.2619 -0.7061
vn 0.4671 0.0166 0.8841
vn 0.5124 -0.0878 0.8543
vn 0.3501 -0.2396 0.9055
vn 0.7431 0.4878 -0.4581
vn 0.2585 -0.4087 0.8753
vn 0.2712 -0.2033 0.9408
vn 0.1228 -0.3508 0.9284
vn -0.8538 0.4268 0.2980
vn -0.8407 0.1575 0.5180
vn -0.7849 0.4451 0.4311
vn -0.8589 0.4956 0.1294
vn -0.2356 0.9029 0.3596
vn -0.5606 0.7847 0.2646
vn -0.5749 0.7000 0.4235
vn 0.2472 -0.7965 -0.5519
vn 0.7628 0.5006 0.4093
vn 0.8661 0.4182 0.2738
vn 0.7148 0.2950 -0.6341
vn 0.8878 0.3991 0.2293
vn 0.9291 0.2530 0.2696
vn 0.7462 0.6655 -0.0146
vn -0.3624 0.6724 0.6454
vn 0.6441 0.6018 0.4722
vn 0.3110 0.8730 0.3757
vn 0.9829 -0.1708 -0.0686
vn 0.9503 -0.2390 -0.1997
vn 0.8762 -0.3532 -0.3280
vn 0.7695 -0.4912 -0.4082
vn 0.7752 -0.2620 -0.5749
vn 0.6584 0.1420 -0.7392
vn 0.6327 -0.1274 0.7638
vn 0.2594 -0.0545 0.9642
vn 0.1386 -0.3787 0.9151
vn 0.7040 0.6589 -0.2652
vn 0.7051 0.6660 0.2435
vn 0.6664 0.6999 0.2569
vn 0.7003 0.6904 -0.1817
vn 0.6969 0.7079 0.1148
vn -0.4822 0.6929 0.5361
vn -0.0210 -0.9934 0.1125
vn -0.8320 0.0253 0.5542
vn -0.5511 0.1183 0.8260
vn -0.4488 -0.2144 0.8675
vn -0.7339 0.6140 0.2905
vn -0.7839 0.5709 0.2439
vn -0.8576 0.4449 0.2582
vn -0.5890 0.6824 0.4329
vn 0.2076 0.7210 0.6611
vn 0.7233 0.5078 0.4679
vn 0.6607 0.4729 0.5829
vn 0.7576 0.4567 0.4662
vn 0.4065 0.8423 0.3539
vn -0.1723 0.7033 0.6897
vn -0.5584 0.5404 0.6295
vn -0.4482 0.6045 0.6585
vn 0.5927 0.7895 0.1595
vn 0.7734 -0.6329 -0.0354
vn 0.9356 -0.3451 -0.0745
vn 0.9519 -0.1807 0.2474
vn 0.8790 0.0370 0.4754
vn 0.6633 -0.1956 -0.7223
vn -0.3887 -0.9098 0.1456
vn -0.3291 -0.7526 0.5703
vn -0.1210 -0.6273 0.7693
vn 0.6724 0.6575 0.3401
vn 0.7018 0.6773 0.2210
vn -0.5301 0.5939 0.6052
vn -0.9019 0.3969 0.1704
vn -0.9262 0.3242 0.1926
vn -0.8979 0.3993 0.1854
vn -0.8901 0.3943 0.2286
vn -0.8915 0.3951 0.2217
vn -0.8811 0.3887 0.2694
vn -0.9125 0.2807 0.2975
vn -0.6698 0.4912 0.5568
vn 0.8520 0.4190 -0.3138
vn 0.2646 0.8167 0.5129
vn 0.7863 -0.5650 0.2501
vn 0.8807 -0.4005 -0.2528
vn 0.8314 -0.4459 -0.3315
vn 0.8975 0.0161 0.4408
vn 0.7560 -0.2362 0.6105
vn -0.2188 -0.6400 0.7366
vn -0.3325 -0.9371 0.1066
vn 0.2763 0.1046 0.9554
vn 0.2899 0.2231 0.9307
vn 0.5623 0.0665 0.8242
vn 0.4712 0.3873 0.7925
vn 0.6539 -0.2530 0.7130
vn 0.6808 -0.4978 0.5374
vn 0.7271 0.6529 -0.2124
vn -0.3157 0.5077 0.8016
vn -0.5584 0.7405 0.3741
vn -0.7612 0.4987 0.4145
vn -0.6950 0.6178 0.3678
vn -0.7202 0.5769 0.3853
vn 0.7716 0.4289 -0.4698
vn -0.7804 0.4555 0.4285
vn 0.8150 0.4293 -0.3891
vn -0.1753 0.7356 0.6543
vn -0.1959 0.7541 0.6269
vn -0.1764 0.6845 0.7073
vn 0.7791 -0.5892 -0.2143
vn 0.9328 -0.1574 0.3241
vn 0.9418 -0.1082 0.3182
vn 0.8380 -0.2401 -0.4899
vn 0.8775 0.0182 0.4793
vn 0.8118 -0.2385 -0.5330
vn 0.7494 -0.2540 -0.6115
vn 0.2324 -0.1598 0.9594
vn -0.0030 -0.6175 0.7866
vn 0.0319 -0.9278 0.3718
vn 0.8758 0.3192 0.3621
vn 0.8523 0.3461 0.3921
vn 0.7942 0.4027 0.4551
vn 0.7755 0.3530 -0.5235
vn 0.4329 -0.4109 0.8023
vn 0.5127 0.2658 0.8164
vn 0.7293 0.6016 -0.3258
vn 0.7903 0.3870 0.4751
vn 0.6981 0.7156 0.0238
vn 0.1082 -0.9561 0.2723
vn 0.1509 0.1801 0.9720
vn 0.0732 0.1893 0.9792
vn 0.0796 0.7930 0.6040
vn -0.1015 0.7706 0.6292
vn 0.1634 0.7092 0.6858
vn -0.2038 0.8368 0.5081
vn -0.6300 0.6863 0.3636
vn -0.2753 0.8348 0.4768
vn -0.6444 0.6929 0.3235
vn -0.7315 0.5963 0.3306
vn -0.3261 0.7796 0.5346
vn 0.0817 0.8296 0.5523
vn 0.8345 0.5117 -0.2043
vn 0.8183 0.5593 -0.1323
vn 0.7971 0.6027 -0.0364
vn 0.9240 -0.2049 0.3230
vn 0.6335 -0.6815 -0.3664
vn 0.9262 -0.2017 0.3187
vn 0.7778 -0.5416 -0.3187
vn 0.8010 -0.5249 -0.2881
vn 0.9407 -0.0965 0.3252
vn 0.8319 -0.2804 -0.4789
vn 0.8542 -0.2261 -0.4683
vn 0.8346 -0.1693 0.5243
vn 0.7546 -0.0315 -0.6554
vn 0.3946 -0.2624 0.8806
vn 0.7580 0.2660 -0.5956
vn -0.1444 -0.8120 0.5656
vn 0.7787 0.4986 0.3809
vn 0.7234 -0.5031 0.4728
vn 0.6184 0.7399 0.2650
vn 0.7584 0.6492 -0.0586
vn 0.7281 0.6854 0.0103
vn 0.0002 -0.9128 -0.4085
vn -0.1082 0.8615 0.4961
vn -0.4183 0.7773 0.4699
vn -0.4035 0.7342 0.5460
vn -0.3457 0.7760 0.5275
vn 0.2688 0.8411 0.4693
vn 0.5881 -0.7928 -0.1599
vn 0.2254 -0.9694 -0.0969
vn 0.1417 -0.9888 -0.0478
vn 0.4705 -0.8572 0.2095
vn 0.5952 -0.4116 0.6902
vn 0.7322 -0.5966 -0.3285
vn 0.5487 -0.6276 -0.5523
vn 0.4725 -0.6606 -0.5833
vn 0.8434 -0.4328 -0.3184
vn 0.9433 -0.2870 0.1666
vn 0.8734 -0.1134 0.4736
vn 0.7891 0.0292 0.6136
vn 0.8289 -0.4055 -0.3854
vn 0.9299 -0.0778 0.3595
vn 0.6069 -0.1853 0.7729
vn 0.6081 -0.1859 0.7718
vn 0.7264 -0.5868 0.3578
vn 0.8811 -0.1943 0.4312
vn 0.9081 0.2765 0.3145
vn 0.9390 0.1660 0.3012
vn 0.7482 -0.2421 0.6178
vn 0.7149 -0.4496 0.5355
vn 0.6965 -0.3963 0.5982
vn 0.4705 -0.4930 0.7318
vn 0.5160 -0.5967 0.6145
vn 0.7603 0.5336 0.3706
vn 0.7636 0.6309 -0.1375
vn 0.2124 -0.6875 -0.6944
vn 0.0688 0.8646 0.4978
vn 0.5990 0.7569 0.2615
vn 0.5709 0.7547 0.3233
vn 0.6895 0.7053 0.1649
vn 0.6142 0.7543 0.2320
vn 0.2095 -0.8097 -0.5481
vn 0.1382 -0.8874 -0.4398
vn 0.0654 -0.9438 -0.3240
vn 0.5316 -0.7361 0.4190
vn 0.5233 -0.5802 0.6241
vn 0.2736 -0.7173 -0.6407
vn 0.8231 -0.0660 0.5640
vn 0.8329 -0.4247 -0.3547
vn 0.9494 -0.2795 0.1436
vn 0.8667 -0.2262 -0.4447
vn 0.7853 -0.2008 0.5857
vn 0.8167 -0.1712 -0.5511
vn 0.8159 0.0594 -0.5752
vn 0.6909 -0.1829 0.6994
vn 0.7965 0.1932 -0.5730
vn 0.3083 -0.3838 0.8704
vn 0.7346 -0.5556 0.3895
vn 0.9112 0.1315 0.3905
vn 0.8979 0.4154 0.1457
vn 0.9058 0.4236 -0.0059
vn 0.7828 0.1739 0.5975
vn 0.8097 0.4703 0.3511
vn 0.8144 0.3804 0.4383
vn 0.9160 0.3166 0.2463
vn 0.7527 -0.3464 0.5599
vn 0.8030 0.0845 0.5900
vn 0.8809 0.2489 0.4026
vn 0.8444 0.3904 0.3668
vn 0.7170 0.6147 0.3286
vn 0.6584 0.7017 0.2723
vn 0.6799 0.7236 0.1188
vn 0.0789 -0.9417 0.3270
vn 0.7717 0.5220 -0.3632
vn 0.0474 -0.9655 0.2562
vn 0.1995 -0.9167 0.3461
vn 0.5616 -0.5371 0.6294
vn 0.3184 -0.6782 -0.6623
vn 0.7367 -0.2561 0.6259
vn 0.9847 -0.1545 0.0812
vn 0.7591 -0.5055 -0.4101
vn 0.8709 -0.3580 -0.3368
vn 0.9704 -0.2411 -0.0098
vn 0.9434 -0.0019 -0.3317
vn 0.9541 0.2720 0.1253
vn 0.9663 -0.0808 -0.2446
vn 0.9885 -0.0071 0.1511
vn 0.9615 -0.0411 0.2715
vn 0.9070 -0.2693 -0.3239
vn 0.9531 -0.2983 -0.0516
vn 0.8399 -0.4442 -0.3119
vn 0.9448 -0.1193 0.3051
vn 0.8562 -0.2538 -0.4500
vn 0.9359 0.0098 0.3522
vn 0.3092 -0.3562 0.8818
vn 0.6579 -0.1170 0.7440
vn 0.8172 -0.1369 0.5598
vn 0.7821 -0.1336 0.6087
vn 0.7882 0.5727 -0.2252
vn 0.0712 -0.9867 -0.1461
vn 0.3700 0.4334 0.8217
vn 0.4711 -0.3864 -0.7930
vn 0.6071 -0.1929 -0.7708
vn 0.5684 -0.3611 -0.7393
vn 0.4878 -0.3430 -0.8027
vn 0.3537 0.7922 0.4974
vn 0.3903 0.8074 0.4426
vn -0.0581 -0.9973 -0.0458
vn -0.2444 -0.9542 -0.1726
vn -0.2304 -0.9523 -0.2002
vn -0.1642 -0.9783 0.1266
vn -0.3186 -0.8058 -0.4992
vn 0.1130 -0.7091 -0.6960
vn 0.1124 -0.7138 -0.6913
vn 0.3111 -0.5572 -0.7699
vn 0.5342 -0.5265 -0.6613
vn 0.1605 -0.5614 -0.8118
vn 0.7099 -0.4874 -0.5085
vn 0.8891 0.1339 0.4377
vn 0.6887 0.3383 0.6413
vn 0.7189 0.4421 0.5364
vn 0.8151 0.4577 0.3551
vn 0.9864 -0.0775 -0.1452
vn 0.7508 0.5917 0.2934
vn 0.9001 -0.2571 -0.3517
vn 0.8416 -0.4719 -0.2625
vn 0.9462 -0.1266 0.2976
vn 0.8460 -0.1928 -0.4971
vn 0.7051 -0.2396 0.6673
vn 0.6992 -0.2491 0.6701
vn 0.6890 -0.2513 0.6798
vn 0.8622 0.0847 0.4994
vn 0.6815 -0.2825 0.6751
vn 0.8899 0.1447 0.4326
vn 0.8060 0.5117 -0.2976
vn 0.8151 0.5435 -0.2006
vn 0.6709 0.6922 0.2659
vn 0.0782 -0.9726 0.2190
vn 0.2107 -0.8287 0.5185
vn 0.2306 0.2063 0.9509
vn 0.1633 -0.7849 -0.5977
vn 0.6612 0.0337 -0.7495
vn 0.6552 -0.1968 -0.7293
vn 0.6681 0.1523 -0.7283
vn 0.7284 0.4494 -0.5173
vn 0.5673 0.7478 0.3449
vn 0.7656 0.6283 0.1385
vn -0.2490 -0.6135 -0.7494
vn -0.4439 -0.4453 -0.7776
vn 0.8057 0.0356 0.5913
vn 0.6497 0.1238 0.7501
vn 0.5361 -0.5561 -0.6351
vn 0.2731 0.5890 0.7606
vn 0.3849 0.3846 0.8390
vn 0.3269 0.6647 0.6718
vn 0.9924 -0.0970 0.0762
vn 0.9529 -0.1543 -0.2611
vn 0.9789 -0.0994 0.1784
vn 0.8790 -0.3138 -0.3591
vn 0.8827 -0.1792 -0.4345
vn 0.9308 -0.0888 0.3546
vn 0.9332 0.0048 0.3592
vn 0.8762 -0.2403 -0.4179
vn 0.7699 -0.2389 0.5918
vn 0.8699 -0.0820 -0.4863
vn 0.8297 0.2392 -0.5044
vn 0.7980 -0.1268 0.5892
vn 0.8082 0.2594 -0.5287
vn 0.6631 -0.0385 0.7475
vn 0.7757 -0.0906 0.6246
vn 0.7701 0.6299 -0.1011
vn 0.3269 0.7810 0.5321
vn 0.7985 0.5384 -0.2693
vn -0.3199 -0.7460 -0.5840
vn 0.6777 0.1000 0.7285
vn 0.3733 -0.5439 -0.7516
vn 0.1655 -0.5152 -0.8409
vn 0.4486 0.3590 0.8185
vn 0.7663 -0.5186 -0.3793
vn 0.5567 -0.0779 0.8270
vn 0.7634 0.1639 0.6248
vn 0.8017 -0.0268 0.5971
vn 0.5981 -0.2506 0.7613
vn 0.6052 -0.2285 0.7626
vn 0.7058 -0.0413 0.7072
vn 0.5521 -0.4101 0.7259
vn 0.9786 -0.1694 0.1167
vn 0.9283 -0.2469 0.2781
vn 0.9512 -0.1625 -0.2623
vn 0.9751 -0.2211 -0.0177
vn 0.5606 -0.3717 0.7399
vn 0.8954 -0.4263 -0.1287
vn 0.9594 -0.2760 -0.0579
vn 0.8941 -0.2213 -0.3895
vn 0.8541 0.1312 -0.5032
vn 0.8621 -0.1739 0.4760
vn 0.8197 0.3614 -0.4444
vn 0.7967 0.4863 0.3588
vn 0.8064 0.5713 -0.1528
vn 0.0883 -0.8698 -0.4854
vn 0.7521 0.5565 -0.3530
vn 0.8244 -0.2751 0.4947
vn -0.2865 -0.4683 -0.8358
vn -0.0767 -0.4712 -0.8787
vn 0.5907 0.1637 0.7901
vn 0.5895 0.2633 0.7637
vn 0.8985 -0.3435 -0.2735
vn 0.9696 -0.0927 0.2263
vn 0.7888 -0.3426 0.5102
vn 0.7786 -0.2852 0.5590
vn 0.7582 -0.3012 0.5783
vn 0.8963 -0.1068 0.4304
vn 0.9247 -0.0241 -0.3799
vn 0.8559 0.2034 -0.4755
vn 0.8562 0.4761 -0.2008
vn 0.7660 0.6372 -0.0847
vn 0.0491 -0.9425 -0.3307
vn 0.3876 0.8287 0.4038
vn 0.5550 0.7602 0.3378
vn 0.7843 0.5834 -0.2109
vn 0.8141 0.5791 -0.0421
vn 0.3342 -0.9283 -0.1631
vn 0.4108 -0.8575 -0.3097
vn 0.4314 -0.8981 -0.0849
vn 0.4311 -0.8944 0.1194
vn 0.1613 -0.8451 -0.5097
vn 0.7214 -0.4526 0.5241
vn 0.8948 0.1538 0.4191
vn 0.9069 -0.1135 0.4058
vn 0.9701 0.0305 0.2408
vn -0.4731 -0.2431 -0.8468
vn 0.9288 -0.1116 0.3533
vn 0.3381 -0.4498 -0.8267
vn 0.6207 -0.5457 -0.5629
vn 0.4921 -0.2193 0.8424
vn 0.8665 -0.4092 0.2858
vn 0.8912 -0.2023 -0.4060
vn 0.8135 -0.1993 0.5463
vn 0.8451 -0.1447 0.5146
vn 0.8866 -0.1138 0.4483
vn 0.8751 0.2545 -0.4116
vn 0.8726 -0.0156 0.4882
vn 0.8783 0.4053 -0.2535
vn 0.8903 0.2769 0.3615
vn 0.8551 0.4809 -0.1938
vn 0.7670 0.6244 -0.1478
vn 0.1856 -0.8868 0.4232
vn 0.6641 0.6992 0.2646
vn 0.8496 -0.3948 0.3497
vn 0.8746 0.1676 0.4550
vn 0.9365 -0.1385 0.3221
vn 0.9756 -0.2126 0.0555
vn 0.6208 0.2836 0.7309
vn 0.8094 0.5536 0.1961
vn 0.5153 0.4399 0.7355
vn 0.6663 0.5105 0.5435
vn 0.8595 -0.3768 -0.3455
vn 0.5209 -0.1658 0.8374
vn 0.9060 -0.1898 -0.3783
vn 0.9244 -0.1882 -0.3317
vn 0.9455 -0.1001 -0.3097
vn 0.9217 -0.0887 0.3775
vn 0.9068 0.0996 -0.4097
vn 0.9318 -0.1103 0.3458
vn 0.8967 0.1810 -0.4039
vn 0.8943 -0.1222 0.4305
vn 0.8035 0.5835 0.1177
vn 0.1873 0.5476 0.8155
vn 0.7100 0.3398 -0.6168
vn 0.3893 0.8818 0.2663
vn 0.7524 0.6436 0.1399
vn -0.0303 -0.6407 -0.7672
vn 0.0109 -0.7022 -0.7118
vn 0.5033 -0.7370 -0.4512
vn 0.7258 -0.2670 0.6340
vn 0.6768 -0.0936 0.7302
vn 0.9820 -0.0743 0.1739
vn 0.9427 -0.1705 0.2869
vn 0.9406 -0.1847 0.2848
vn 0.3256 -0.4363 -0.8388
vn 0.9993 0.0187 -0.0327
vn 0.6517 -0.2559 0.7140
vn 0.9130 -0.1724 -0.3698
vn 0.9124 -0.2100 -0.3513
vn 0.9327 -0.1523 -0.3268
vn 0.9180 0.2699 -0.2905
vn 0.8979 0.3959 -0.1922
vn 0.8673 0.4465 -0.2201
vn 0.8114 0.4906 0.3178
vn 0.1783 0.8248 0.5366
vn 0.6994 0.6009 -0.3870
vn 0.6486 -0.7029 -0.2920
vn 0.7124 -0.6990 -0.0615
vn 0.8758 0.1315 0.4644
vn -0.4673 -0.2163 -0.8572
vn -0.0313 -0.3851 -0.9224
vn 0.9853 0.1334 0.1071
vn 0.0210 -0.3765 -0.9262
vn 0.9192 0.3250 0.2224
vn 0.8562 0.4934 0.1531
vn 0.8411 0.5323 -0.0960
vn 0.2448 -0.4771 0.8441
vn 0.4190 -0.6480 0.6360
vn 0.7983 -0.3632 -0.4804
vn 0.6506 -0.3351 -0.6814
vn 0.2996 -0.3804 0.8750
vn 0.6990 -0.2669 0.6635
vn 0.9096 -0.2267 -0.3481
vn 0.7441 -0.3028 0.5955
vn 0.4659 -0.3403 -0.8168
vn 0.4719 -0.3103 -0.8253
vn 0.7288 0.6847 -0.0039
vn 0.9312 -0.2717 0.2430
vn -0.0631 -0.6257 -0.7775
vn 0.7908 0.0630 0.6089
vn 0.7958 -0.4590 0.3949
vn 0.6118 -0.1796 0.7703
vn -0.4321 -0.1577 -0.8879
vn 0.7534 0.2766 0.5965
vn 0.1311 -0.5167 0.8461
vn 0.4795 -0.2026 0.8538
vn 0.9150 -0.1538 -0.3730
vn 0.9263 -0.0919 -0.3654
vn 0.8591 -0.1343 0.4938
vn 0.9524 -0.0878 -0.2920
vn 0.9475 0.0317 -0.3181
vn 0.9038 -0.0564 0.4242
vn 0.9663 0.0944 -0.2393
vn 0.9360 -0.1077 0.3350
vn 0.9235 -0.0976 0.3710
vn 0.8022 0.5275 -0.2796
vn 0.7937 0.4671 -0.3897
vn 0.9229 0.1365 0.3599
vn 0.1030 -0.7834 -0.6129
vn 0.6665 0.7069 -0.2367
vn 0.7072 0.6966 -0.1206
vn 0.6003 0.7983 -0.0490
vn 0.6266 0.7667 0.1398
vn 0.9403 -0.2433 0.2379
vn 0.9323 -0.1859 0.3103
vn -0.1307 -0.4831 -0.8658
vn 0.8716 -0.1975 0.4487
vn 0.5855 0.2830 0.7597
vn 0.2533 0.4037 0.8791
vn 0.5521 0.6017 0.5772
vn -0.0029 0.2813 0.9596
vn 0.2870 0.5620 0.7757
vn 0.0387 0.0997 0.9943
vn 0.0576 -0.3967 -0.9161
vn 0.0695 -0.4109 -0.9090
vn 0.3234 -0.2660 -0.9081
vn 0.3046 -0.2073 -0.9296
vn 0.2535 -0.1513 -0.9554
vn 0.7913 -0.2285 0.5671
vn 0.7544 -0.3176 0.5745
vn 0.9237 -0.2658 -0.2758
vn 0.8306 -0.1482 0.5368
vn 0.9424 -0.0146 -0.3342
vn 0.9161 -0.0361 0.3993
vn 0.9240 0.0629 -0.3772
vn 0.9329 0.1326 -0.3349
vn 0.8080 0.5880 -0.0376
vn 0.0248 -0.9996 0.0149
vn 0.1764 0.9139 0.3656
vn 0.5833 0.7871 0.2005
vn 0.6604 -0.6573 -0.3630
vn 0.9145 -0.3989 -0.0682
vn 0.9268 -0.2165 0.3068
vn 0.4477 -0.6586 -0.6048
vn 0.4940 -0.6009 -0.6284
vn 0.4771 -0.6228 -0.6201
vn 0.7780 0.1326 0.6141
vn 0.8761 -0.2211 0.4284
vn -0.4054 -0.1550 -0.9009
vn 0.3487 -0.2387 0.9063
vn -0.1048 -0.4424 0.8907
vn 0.3800 -0.3799 -0.8434
vn 0.5649 -0.1842 -0.8043
vn 0.4770 -0.1204 -0.8706
vn 0.8199 -0.1041 0.5629
vn 0.9421 -0.2629 -0.2080
vn 0.8721 -0.0478 -0.4871
vn 0.9355 0.2603 -0.2388
vn 0.9289 0.2834 -0.2383
vn 0.9475 0.0017 0.3198
vn 0.7421 0.6395 -0.2006
vn 0.9240 0.3174 0.2131
vn 0.5989 0.0353 -0.8000
vn 0.8658 -0.0990 0.4905
vn 0.5208 -0.5639 -0.6410
vn 0.0618 -0.4713 -0.8798
vn -0.0306 -0.3365 -0.9412
vn -0.0523 -0.3476 -0.9362
vn -0.0024 -0.3191 -0.9477
vn 0.9553 -0.2235 0.1936
vn -0.3119 -0.0937 -0.9455
vn -0.0047 -0.3625 0.9320
vn 0.6144 0.1103 -0.7812
vn 0.8459 -0.0476 0.5313
vn 0.9056 -0.2269 0.3584
vn 0.6703 0.1086 0.7341
vn 0.6645 -0.1922 0.7221
vn 0.6598 -0.1055 0.7440
vn 0.9468 -0.2206 -0.2344
vn 0.8887 -0.2174 0.4036
vn 0.9507 -0.1079 -0.2908
vn 0.9494 -0.1102 -0.2940
vn 0.8822 -0.0383 0.4692
vn 0.9454 0.0057 0.3259
vn 0.9737 -0.0963 0.2063
vn 0.9815 -0.0602 0.1816
vn 0.8378 0.5443 0.0432
vn 0.6555 0.4438 -0.6111
vn 0.6005 0.6442 -0.4737
vn 0.2348 0.9555 0.1788
vn 0.5954 0.7796 -0.1942
vn 0.3837 0.9141 0.1308
vn 0.4494 0.8826 0.1378
vn 0.8992 -0.4298 -0.0816
vn 0.9003 -0.4327 -0.0470
vn 0.8991 -0.4326 -0.0662
vn 0.8948 -0.4420 -0.0625
vn 0.4730 -0.5714 -0.6706
vn 0.6595 -0.4861 -0.5733
vn 0.5123 -0.5580 -0.6528
vn 0.9169 -0.1953 0.3482
vn 0.8785 -0.2233 0.4225
vn -0.2840 -0.0954 -0.9541
vn 0.5913 -0.1989 0.7815
vn 0.3431 -0.2999 0.8902
vn 0.3299 -0.2988 0.8955
vn 0.5466 0.0797 0.8336
vn 0.4621 0.3144 0.8292
vn 0.6448 0.2204 0.7319
vn 0.9337 -0.3202 0.1603
vn 0.8305 -0.4030 0.3846
vn 0.7675 -0.6404 -0.0282
vn 0.8487 -0.3377 0.4070
vn 0.9489 -0.2648 -0.1719
vn 0.8012 -0.0236 0.5979
vn 0.8206 0.1300 0.5566
vn 0.9712 -0.0360 -0.2357
vn 0.9582 -0.0375 -0.2836
vn 0.9112 -0.0237 0.4113
vn 0.9370 0.0214 -0.3488
vn 0.9513 -0.0303 0.3069
vn 0.8058 0.3154 -0.5013
vn 0.9809 0.0745 0.1799
vn 0.9832 0.0701 0.1682
vn 0.9628 0.1776 0.2037
vn 0.0505 -0.6829 0.7288
vn 0.1725 -0.7685 -0.6162
vn 0.4612 -0.3838 -0.8000
vn 0.5914 0.7522 -0.2908
vn 0.4995 0.8331 -0.2374
vn 0.5676 0.7523 -0.3343
vn 0.4653 0.8846 -0.0322
vn 0.8793 -0.2373 0.4130
vn 0.0197 -0.3076 -0.9513
vn 0.8749 -0.2877 0.3897
vn 0.7160 -0.2005 0.6686
vn 0.1234 -0.1538 -0.9804
vn 0.1724 -0.0275 -0.9846
vn 0.7642 0.0982 0.6374
vn 0.7299 0.1425 0.6685
vn 0.9076 0.1074 -0.4059
vn 0.8571 -0.0664 -0.5108
vn 0.8938 -0.0353 0.4470
vn 0.9416 -0.1058 0.3197
vn 0.9544 -0.1179 -0.2741
vn 0.8983 -0.1317 0.4193
vn 0.9703 -0.0185 -0.2412
vn 0.9432 0.0522 0.3280
vn 0.9065 0.0001 0.4222
vn 0.9678 0.1083 -0.2273
vn 0.9702 0.0706 0.2319
vn 0.9920 0.0105 0.1261
vn 0.9821 -0.0754 0.1726
vn 0.9975 0.0159 0.0687
vn 0.6327 0.6391 -0.4374
vn 0.6039 0.7308 -0.3180
vn 0.6575 0.6969 -0.2863
vn 0.6273 0.7511 -0.2059
vn 0.9457 -0.2006 0.2556
vn 0.9721 0.0348 0.2319
vn 0.6747 0.7235 -0.1461
vn 0.1287 -0.9917 -0.0055
vn 0.0784 0.7385 0.6697
vn 0.1513 0.9491 0.2761
vn 0.5722 0.8023 0.1701
vn 0.8551 -0.4418 -0.2715
vn 0.7337 -0.2558 0.6295
vn 0.9020 -0.0972 0.4206
vn 0.7344 -0.1321 0.6657
vn -0.1302 0.0578 -0.9898
vn 0.5860 0.2789 -0.7608
vn 0.6569 -0.0058 -0.7540
vn 0.7811 -0.5074 0.3640
vn 0.7807 -0.4712 0.4105
vn 0.7417 -0.2467 0.6237
vn 0.8016 -0.1009 0.5893
vn 0.9645 -0.2020 -0.1699
vn 0.9071 0.1608 0.3891
vn 0.9825 0.0042 -0.1861
vn 0.9901 0.0036 -0.1405
vn 0.9816 0.1667 0.0937
vn 0.9827 0.1466 -0.1134
vn 0.9961 0.0868 0.0143
vn 0.9565 -0.1483 -0.2514
vn 0.8983 -0.3172 0.3041
vn 0.9583 -0.1379 0.2502
vn 0.9349 -0.2814 0.2161
vn 0.9940 0.0339 0.1041
vn 0.9402 -0.0470 -0.3373
vn 0.8809 -0.3580 0.3094
vn 0.9359 -0.2069 0.2852
vn 0.0262 -0.8520 0.5229
vn 0.3068 -0.0240 0.9515
vn 0.0369 -0.8173 0.5750
vn 0.2096 -0.8121 -0.5445
vn 0.0168 0.5674 0.8233
vn 0.6121 0.4378 -0.6585
vn 0.6619 0.1472 -0.7350
vn 0.4491 0.8881 -0.0980
vn 0.9383 -0.3456 0.0105
vn 0.8894 -0.1989 0.4116
vn 0.7405 -0.4316 -0.5151
vn 0.1405 -0.3258 -0.9349
vn 0.1938 -0.2469 -0.9495
vn 0.2729 -0.3186 -0.9078
vn 0.8187 -0.1253 0.5604
vn 0.8831 -0.2681 0.3851
vn 0.9260 -0.1575 0.3430
vn -0.0896 0.4272 -0.8997
vn -0.2403 0.4587 -0.8555
vn 0.4962 -0.8664 0.0563
vn 0.7889 0.0293 -0.6139
vn 0.2101 0.3703 -0.9049
vn 0.6753 -0.1350 -0.7251
vn 0.6511 0.5861 0.4823
vn 0.9797 -0.1318 -0.1512
vn 0.8997 0.3306 0.2852
vn 0.9842 0.0611 0.1660
vn 0.9423 0.0117 0.3345
vn 0.9812 0.0179 -0.1922
vn 0.9157 -0.0486 0.3988
vn 0.9453 -0.0163 0.3259
vn 0.9990 -0.0291 -0.0342
vn 0.9390 0.0029 0.3439
vn 0.9758 0.2092 0.0631
vn 0.9923 0.1236 -0.0016
vn 0.9898 -0.1173 -0.0806
vn 0.9522 -0.2829 0.1156
vn 0.9286 -0.3364 0.1569
vn 0.6169 0.6227 -0.4814
vn 0.8688 -0.3603 0.3398
vn 0.8499 -0.3352 0.4066
vn 0.8463 -0.3524 0.3995
vn 0.8191 0.5716 0.0488
vn 0.0612 0.9210 0.3847
vn 0.3880 0.9196 0.0610
vn 0.4648 0.8743 0.1398
vn 0.9592 -0.0999 0.2645
vn 0.8336 -0.0138 0.5522
vn 0.4490 -0.2135 -0.8677
vn 0.9955 -0.0161 0.0929
vn 0.0473 -0.0844 -0.9953
vn -0.1165 0.0741 -0.9904
vn 0.9290 0.0668 0.3640
vn 0.9864 0.0165 -0.1634
vn 0.9941 -0.0397 0.1006
vn 0.9331 0.0719 0.3523
vn 0.6860 -0.0069 0.7276
vn 0.9824 -0.0406 0.1824
vn 0.9840 0.1192 0.1326
vn 0.7582 -0.3438 0.5540
vn 0.9513 -0.2656 0.1564
vn 0.9723 0.0760 -0.2209
vn 0.8703 -0.4794 0.1132
vn 0.8357 -0.5488 0.0186
vn 0.6262 0.1256 0.7695
vn 0.6093 -0.3082 0.7306
vn -0.2736 0.4361 -0.8573
vn 0.3179 -0.8927 0.3195
vn 0.3963 -0.9179 0.0190
vn 0.3330 -0.9029 0.2718
vn 0.7373 -0.0239 0.6752
vn -0.0213 0.6932 -0.7205
vn 0.7175 0.4629 -0.5204
vn 0.4766 0.8759 -0.0759
vn 0.2178 0.9029 -0.3706
vn 0.8417 0.5203 -0.1447
vn 0.6892 0.6966 0.1995
vn 0.9291 0.3695 0.0141
vn 0.9964 -0.0665 -0.0524
vn 0.9924 -0.1229 0.0023
vn 0.9522 -0.2193 0.2127
vn 0.9994 0.0087 -0.0346
vn 0.9990 -0.0402 0.0201
vn 0.9941 -0.0152 -0.1070
vn 0.9121 -0.0480 0.4070
vn 0.9984 -0.0228 0.0518
vn 0.9940 0.1090 -0.0133
vn 0.9992 0.0047 0.0403
vn 0.9948 0.0652 -0.0782
vn 0.9544 -0.2794 -0.1050
vn 0.9514 -0.1687 -0.2576
vn 0.9531 -0.2154 0.2125
vn 0.5146 0.7904 -0.3324
vn 0.5665 0.6885 -0.4529
vn 0.9140 0.3582 0.1907
vn 0.8500 0.5259 0.0301
vn 0.9095 0.3779 0.1734
vn 0.9560 0.1827 0.2294
vn 0.2914 -0.7576 -0.5840
vn 0.6273 -0.0074 -0.7787
vn 0.4569 0.8664 -0.2014
vn 0.8747 -0.3538 -0.3312
vn -0.1157 0.1912 -0.9747
vn 0.9939 -0.1101 0.0050
vn 0.9996 -0.0278 -0.0087
vn 0.9965 -0.0341 -0.0770
vn 0.9894 -0.1441 0.0203
vn 0.9921 -0.0349 0.1203
vn 0.9925 0.0985 -0.0722
vn 0.9988 0.0429 0.0233
vn 0.9823 0.1766 0.0627
vn 0.9937 0.1117 -0.0023
vn 0.9961 -0.0187 0.0859
vn 0.9913 -0.0152 0.1309
vn 0.5301 0.7312 -0.4293
vn 0.1909 0.9814 0.0183
vn 0.0847 -0.0861 -0.9927
vn 0.4044 -0.1503 -0.9021
vn 0.5619 -0.0244 0.8268
vn 0.5814 -0.0792 0.8097
vn 0.6745 -0.4931 0.5494
vn 0.4386 -0.1965 0.8769
vn -0.4317 0.6053 -0.6687
vn -0.5431 0.3894 -0.7439
vn 0.7771 -0.1120 0.6194
vn 0.5306 0.7011 0.4764
vn 0.8997 -0.3455 0.2669
vn 0.8997 -0.3454 0.2670
vn 0.8996 -0.3454 0.2671
vn 0.8390 0.5441 0.0106
vn 0.6203 0.5573 -0.5520
vn -0.0242 0.9881 0.1516
vn 0.8405 -0.2462 -0.4826
vn 0.9487 -0.2936 -0.1172
vn 0.8777 -0.2365 0.4168
vn 0.1887 -0.0336 0.9815
vn 0.5002 -0.1686 0.8493
vn 0.0671 -0.1613 0.9846
vn 0.0814 -0.0138 -0.9966
vn -0.3506 0.1823 -0.9186
vn -0.1062 0.3585 -0.9275
vn 0.8065 -0.5199 0.2815
vn 0.2112 -0.7839 0.5839
vn -0.2832 0.5348 -0.7961
vn 0.7420 0.0914 0.6642
vn -0.2922 0.7538 -0.5886
vn -0.0333 0.9746 -0.2214
vn 0.2716 0.9574 0.0978
vn 0.9790 -0.1996 -0.0421
vn 0.9950 -0.0997 -0.0060
vn 0.9885 -0.0926 0.1199
vn 0.1005 0.8753 0.4730
vn 0.6011 0.7688 -0.2181
vn 0.4113 0.9102 -0.0484
vn 0.4685 -0.2606 0.8442
vn 0.0020 -0.2100 0.9777
vn 0.0491 -0.5604 0.8268
vn -0.0750 -0.4109 0.9086
vn 0.2694 -0.8239 0.4986
vn 0.2427 -0.8757 0.4174
vn 0.2639 -0.8356 0.4817
vn 0.2882 -0.7783 0.5579
vn -0.1181 0.9283 -0.3526
vn 0.6498 0.6162 0.4449
vn 0.1775 0.9789 0.1011
vn 0.2570 0.9663 -0.0163
vn 0.5189 0.8526 -0.0614
vn 0.4268 0.9021 0.0644
vn 0.8909 -0.1686 0.4217
vn 0.9265 -0.2963 0.2318
vn 0.6423 -0.1861 -0.7435
vn 0.1812 -0.0547 -0.9819
vn 0.0541 0.1133 -0.9921
vn 0.6148 -0.4557 0.6437
vn 0.8147 -0.0468 0.5779
vn -0.0628 0.6207 -0.7815
vn 0.6759 -0.7213 -0.1514
vn -0.0248 0.9982 0.0546
vn 0.8955 -0.1586 -0.4159
vn 0.0857 0.5203 -0.8497
vn 0.7857 0.2902 0.5464
vn 0.7005 0.5631 0.4384
vn 0.4743 0.8764 0.0833
vn 0.7087 -0.1424 -0.6910
vn 0.5688 0.6297 -0.5291
vn 0.6892 -0.0503 -0.7228
vn 0.7089 0.6428 0.2904
vn 0.4512 0.8762 -0.1696
vn 0.2993 -0.8755 -0.3793
vn 0.6320 0.6592 -0.4075
vn 0.1168 0.9831 -0.1412
vn -0.0004 0.9888 -0.1490
vn 0.8692 -0.2782 0.4088
vn 0.7181 0.0636 -0.6931
vn 0.9073 0.0505 0.4174
vn 0.5716 0.7772 -0.2631
vn 0.2256 -0.0669 0.9719
vn 0.1082 0.9861 0.1262
vn 0.9753 0.0943 -0.1998
vn 0.8788 0.3380 -0.3367
vn 0.9526 0.1368 0.2717
vn 0.8339 0.5319 -0.1474
vn 0.9214 0.3457 0.1777
vn 0.3848 -0.8055 -0.4507
vn 0.8502 0.2511 -0.4626
vn 0.0880 0.9081 0.4094
vn 0.5837 -0.8117 0.0189
vn 0.7848 -0.6196 0.0122
vn 0.8338 -0.5516 -0.0240
vn 0.4260 0.1189 0.8969
vn 0.8505 0.3835 -0.3601
vn 0.7527 0.5699 -0.3297
vn 0.6609 0.7429 -0.1064
vn 0.7708 0.6302 -0.0932
vn 0.3235 0.8006 0.5044
vn 0.3631 0.8822 0.2999
vn 0.4145 0.8879 0.1995
vn 0.7438 -0.6639 0.0780
vn 0.8469 -0.4292 0.3139
vn 0.9885 -0.1476 -0.0316
vn 0.9824 -0.0531 -0.1789
vn 0.8927 -0.1352 0.4299
vn 0.9997 -0.0136 -0.0218
vn 0.9961 0.0774 0.0431
vn 0.9985 0.0494 0.0231
vn 0.9937 0.1054 -0.0375
vn 0.9445 0.2559 0.2061
vn 0.9926 0.1211 -0.0075
vn 0.9986 -0.0363 -0.0380
vn 0.9608 0.2771 0.0039
vn 0.9753 0.2041 0.0845
vn 0.7255 0.6769 -0.1243
vn 0.8242 0.5441 0.1571
vn 0.7298 0.6720 -0.1256
vn 0.8006 0.5987 -0.0250
vt 0.226564 0.337585
vt 0.225527 0.342101
vt 0.223794 0.343434
vt 0.231293 0.333641
vt 0.495361 0.042443
vt 0.495529 0.040243
vt 0.495896 0.042576
vt 0.495825 0.038227
vt 0.223939 0.345167
vt 0.222682 0.346517
vt 0.231819 0.329862
vt 0.231290 0.325759
vt 0.231845 0.327549
vt 0.225863 0.343794
vt 0.128765 0.285447
vt 0.126614 0.285924
vt 0.125305 0.285750
vt 0.229357 0.338185
vt 0.232265 0.331123
vt 0.257245 0.011583
vt 0.262784 0.011415
vt 0.256387 0.012524
vt 0.123780 0.285109
vt 0.122907 0.285156
vt 0.224257 0.346330
vt 0.134772 0.285346
vt 0.140739 0.284642
vt 0.140579 0.285779
vt 0.130596 0.285999
vt 0.132040 0.284572
vt 0.274605 0.012379
vt 0.274918 0.014411
vt 0.272689 0.011602
vt 0.142156 0.284972
vt 0.140364 0.282408
vt 0.142722 0.284367
vt 0.145261 0.279822
vt 0.129196 0.281084
vt 0.277138 0.017763
vt 0.122993 0.282111
vt 0.222622 0.350438
vt 0.133294 0.281610
vt 0.340022 0.220789
vt 0.340885 0.223107
vt 0.337679 0.220955
vt 0.338251 0.223568
vt 0.340451 0.224794
vt 0.062056 0.452352
vt 0.062518 0.458925
vt 0.062012 0.458500
vt 0.121628 0.278842
vt 0.125194 0.280669
vt 0.143044 0.280555
vt 0.335743 0.221754
vt 0.335251 0.219784
vt 0.337564 0.216562
vt 0.337364 0.224274
vt 0.342974 0.222901
vt 0.221353 0.351412
vt 0.221624 0.348975
vt 0.442337 0.402077
vt 0.443966 0.405640
vt 0.441933 0.404333
vt 0.335623 0.209767
vt 0.385177 0.185589
vt 0.383373 0.190471
vt 0.383693 0.186228
vt 0.384422 0.182488
vt 0.343741 0.224414
vt 0.192868 0.122437
vt 0.194011 0.124885
vt 0.192317 0.123438
vt 0.195017 0.124290
vt 0.253709 0.021192
vt 0.137485 0.280430
vt 0.336663 0.209990
vt 0.337484 0.213298
vt 0.381422 0.192767
vt 0.382344 0.190153
vt 0.334426 0.219537
vt 0.334693 0.210757
vt 0.334651 0.221369
vt 0.383063 0.182759
vt 0.410769 0.067717
vt 0.409567 0.067080
vt 0.410749 0.064024
vt 0.411837 0.064849
vt 0.412891 0.062150
vt 0.411810 0.061911
vt 0.190557 0.446716
vt 0.190118 0.443828
vt 0.191402 0.444860
vt 0.192022 0.447562
vt 0.061472 0.449803
vt 0.121741 0.276810
vt 0.382364 0.188339
vt 0.382855 0.185621
vt 0.410558 0.069899
vt 0.409636 0.068679
vt 0.382274 0.180255
vt 0.381612 0.178907
vt 0.383917 0.180665
vt 0.190696 0.120337
vt 0.443304 0.162630
vt 0.443819 0.165600
vt 0.442497 0.163463
vt 0.194504 0.128624
vt 0.198372 0.128184
vt 0.127166 0.275447
vt 0.140105 0.278588
vt 0.134724 0.278826
vt 0.338134 0.206500
vt 0.337788 0.210206
vt 0.380850 0.190936
vt 0.381936 0.185775
vt 0.191037 0.440881
vt 0.191527 0.441753
vt 0.188795 0.121457
vt 0.190772 0.125909
vt 0.200366 0.124922
vt 0.277863 0.020817
vt 0.220796 0.354876
vt 0.222414 0.355182
vt 0.223982 0.352309
vt 0.130813 0.277251
vt 0.143339 0.278300
vt 0.337874 0.203926
vt 0.335420 0.206560
vt 0.378080 0.196413
vt 0.377761 0.195269
vt 0.381544 0.038432
vt 0.380707 0.044768
vt 0.380590 0.037536
vt 0.380211 0.044414
vt 0.381281 0.187321
vt 0.495787 0.404968
vt 0.495502 0.402761
vt 0.496035 0.404063
vt 0.496394 0.402343
vt 0.381477 0.183433
vt 0.381488 0.181833
vt 0.414757 0.064097
vt 0.193530 0.443574
vt 0.194052 0.445988
vt 0.188788 0.119355
vt 0.443267 0.168506
vt 0.186025 0.125302
vt 0.183676 0.128822
vt 0.196392 0.123573
vt 0.198278 0.122620
vt 0.185597 0.130725
vt 0.192260 0.132688
vt 0.194620 0.133906
vt 0.198307 0.132387
vt 0.146055 0.278277
vt 0.337067 0.202356
vt 0.381916 0.034952
vt 0.380011 0.188577
vt 0.377095 0.194144
vt 0.381069 0.185375
vt 0.412624 0.070999
vt 0.413029 0.067979
vt 0.379939 0.181637
vt 0.379614 0.180138
vt 0.415777 0.061804
vt 0.184807 0.120692
vt 0.186096 0.116308
vt 0.190193 0.118563
vt 0.196375 0.119593
vt 0.178295 0.124235
vt 0.201769 0.128638
vt 0.200249 0.131792
vt 0.277991 0.017844
vt 0.279959 0.021770
vt 0.220425 0.353900
vt 0.789353 0.236260
vt 0.789044 0.236720
vt 0.789044 0.235968
vt 0.335462 0.204654
vt 0.380338 0.034070
vt 0.381467 0.033373
vt 0.374445 0.197063
vt 0.342530 0.207966
vt 0.343830 0.208647
vt 0.343063 0.211626
vt 0.339688 0.209443
vt 0.410825 0.076871
vt 0.340737 0.219464
vt 0.341593 0.220765
vt 0.340141 0.220673
vt 0.274479 0.486137
vt 0.273862 0.485266
vt 0.274483 0.484202
vt 0.378534 0.178700
vt 0.176066 0.096293
vt 0.177873 0.098076
vt 0.174562 0.098094
vt 0.177835 0.100960
vt 0.172037 0.110466
vt 0.168628 0.099460
vt 0.167416 0.112426
vt 0.165808 0.106840
vt 0.180060 0.107687
vt 0.181158 0.113668
vt 0.176160 0.115835
vt 0.171306 0.118367
vt 0.093740 0.196351
vt 0.094997 0.198294
vt 0.093590 0.199199
vt 0.178981 0.127381
vt 0.186690 0.134673
vt 0.190824 0.136044
vt 0.195238 0.139040
vt 0.264546 0.040201
vt 0.122660 0.274333
vt 0.139137 0.276416
vt 0.135230 0.275881
vt 0.337324 0.199266
vt 0.340362 0.202946
vt 0.339585 0.201722
vt 0.375135 0.194893
vt 0.376494 0.193702
vt 0.339014 0.211911
vt 0.344794 0.212834
vt 0.342756 0.217257
vt 0.412878 0.077662
vt 0.340205 0.215918
vt 0.338953 0.217344
vt 0.344841 0.215693
vt 0.342603 0.219267
vt 0.413992 0.069179
vt 0.379346 0.183976
vt 0.414902 0.065927
vt 0.415259 0.064283
vt 0.193468 0.439630
vt 0.168924 0.085140
vt 0.169352 0.084460
vt 0.171395 0.085396
vt 0.170458 0.088169
vt 0.166109 0.086325
vt 0.172834 0.085970
vt 0.173186 0.085473
vt 0.164613 0.090656
vt 0.166423 0.093368
vt 0.173078 0.093144
vt 0.179267 0.091632
vt 0.179668 0.095569
vt 0.163275 0.096811
vt 0.181750 0.097989
vt 0.162102 0.099883
vt 0.180970 0.101387
vt 0.158550 0.103847
vt 0.160528 0.111053
vt 0.165120 0.114748
vt 0.189203 0.111130
vt 0.191886 0.114599
vt 0.162395 0.123885
vt 0.170678 0.125657
vt 0.091025 0.197040
vt 0.092377 0.193286
vt 0.183287 0.136225
vt 0.017783 0.405656
vt 0.021146 0.405957
vt 0.019432 0.407063
vt 0.227587 0.351179
vt 0.225654 0.351487
vt 0.228027 0.348378
vt 0.143140 0.276711
vt 0.142149 0.275976
vt 0.339395 0.199022
vt 0.381427 0.027823
vt 0.380616 0.031063
vt 0.341405 0.200139
vt 0.341180 0.204807
vt 0.340056 0.206820
vt 0.411713 0.079687
vt 0.384162 0.137066
vt 0.383099 0.137020
vt 0.381786 0.132749
vt 0.343732 0.218410
vt 0.413710 0.071756
vt 0.378366 0.183480
vt 0.378713 0.184563
vt 0.377705 0.181940
vt 0.167978 0.083106
vt 0.166997 0.083146
vt 0.163935 0.083793
vt 0.175073 0.085234
vt 0.175474 0.085728
vt 0.194182 0.442580
vt 0.177524 0.088322
vt 0.153698 0.107630
vt 0.186845 0.107399
vt 0.185644 0.103542
vt 0.155604 0.114704
vt 0.171825 0.131927
vt 0.175981 0.134040
vt 0.179406 0.134492
vt 0.088897 0.195063
vt 0.090137 0.191177
vt 0.091968 0.190524
vt 0.089157 0.188547
vt 0.016474 0.404374
vt 0.015789 0.402194
vt 0.191609 0.138889
vt 0.198996 0.135550
vt 0.194587 0.140438
vt 0.191544 0.141204
vt 0.193004 0.141909
vt 0.196404 0.142037
vt 0.195658 0.142735
vt 0.061988 0.446508
vt 0.120600 0.275300
vt 0.224994 0.355446
vt 0.133207 0.274132
vt 0.230368 0.348513
vt 0.342186 0.197061
vt 0.342825 0.200800
vt 0.373900 0.195371
vt 0.342777 0.204168
vt 0.383595 0.141035
vt 0.384558 0.140979
vt 0.413387 0.076157
vt 0.377929 0.036637
vt 0.377857 0.040779
vt 0.376874 0.041757
vt 0.201681 0.483495
vt 0.203460 0.484525
vt 0.202418 0.485987
vt 0.414401 0.070093
vt 0.414852 0.068591
vt 0.376380 0.181131
vt 0.376907 0.179883
vt 0.273571 0.483247
vt 0.166140 0.080855
vt 0.167391 0.082666
vt 0.193892 0.437483
vt 0.158037 0.091249
vt 0.176399 0.084891
vt 0.177843 0.084560
vt 0.179336 0.084998
vt 0.182909 0.087832
vt 0.185895 0.094026
vt 0.152519 0.101527
vt 0.191394 0.108318
vt 0.154188 0.125207
vt 0.416811 0.483115
vt 0.416840 0.485845
vt 0.416053 0.485058
vt 0.416139 0.482440
vt 0.162771 0.132580
vt 0.156920 0.129205
vt 0.202393 0.130908
vt 0.203868 0.129205
vt 0.018474 0.401861
vt 0.189709 0.141968
vt 0.198051 0.143142
vt 0.130136 0.273843
vt 0.228463 0.352922
vt 0.138328 0.273221
vt 0.140585 0.274109
vt 0.340758 0.195920
vt 0.380726 0.027258
vt 0.343583 0.203906
vt 0.379573 0.031550
vt 0.413713 0.083102
vt 0.414516 0.081478
vt 0.382539 0.139419
vt 0.381531 0.137003
vt 0.377068 0.134738
vt 0.203553 0.482620
vt 0.164555 0.074898
vt 0.164908 0.080186
vt 0.163393 0.076599
vt 0.203720 0.486344
vt 0.274089 0.481501
vt 0.163499 0.080665
vt 0.376658 0.176066
vt 0.194161 0.438661
vt 0.160162 0.084133
vt 0.191139 0.100212
vt 0.199226 0.114100
vt 0.195922 0.114461
vt 0.201116 0.116809
vt 0.201536 0.119648
vt 0.199881 0.119004
vt 0.179854 0.138856
vt 0.016178 0.399502
vt 0.187783 0.140889
vt 0.025377 0.406811
vt 0.024520 0.405551
vt 0.473043 0.295023
vt 0.472659 0.293741
vt 0.473505 0.292587
vt 0.250664 0.032920
vt 0.220498 0.358621
vt 0.344097 0.195437
vt 0.379684 0.027098
vt 0.379432 0.029748
vt 0.343930 0.202126
vt 0.378466 0.031694
vt 0.378909 0.036307
vt 0.377781 0.033063
vt 0.381111 0.139539
vt 0.376219 0.036270
vt 0.164081 0.070522
vt 0.201699 0.482587
vt 0.542416 0.056752
vt 0.542976 0.057020
vt 0.542416 0.057607
vt 0.180008 0.082422
vt 0.152821 0.093810
vt 0.186611 0.089779
vt 0.149823 0.098023
vt 0.148213 0.107898
vt 0.196367 0.107483
vt 0.198690 0.111847
vt 0.154229 0.134130
vt 0.158656 0.136547
vt 0.163166 0.138131
vt 0.086113 0.193100
vt 0.169897 0.139409
vt 0.014078 0.400418
vt 0.014271 0.397448
vt 0.180963 0.141714
vt 0.028545 0.407842
vt 0.030054 0.407234
vt 0.029282 0.409650
vt 0.120240 0.272404
vt 0.283625 0.026108
vt 0.280443 0.021699
vt 0.233697 0.349581
vt 0.340415 0.194210
vt 0.342251 0.193083
vt 0.343544 0.193166
vt 0.381340 0.021057
vt 0.344080 0.198595
vt 0.382616 0.143322
vt 0.382265 0.141714
vt 0.379485 0.138023
vt 0.377568 0.132892
vt 0.162679 0.070773
vt 0.377925 0.130888
vt 0.159044 0.078065
vt 0.374678 0.178743
vt 0.156363 0.084933
vt 0.146088 0.103622
vt 0.148504 0.118083
vt 0.151578 0.128736
vt 0.083440 0.187334
vt 0.175272 0.142270
vt 0.087583 0.187195
vt 0.185608 0.141727
vt 0.025933 0.405716
vt 0.032360 0.409846
vt 0.031679 0.408270
vt 0.472058 0.295538
vt 0.027947 0.405937
vt 0.027263 0.406248
vt 0.280853 0.026003
vt 0.279378 0.025724
vt 0.221946 0.361310
vt 0.223747 0.359901
vt 0.226774 0.357628
vt 0.136025 0.271459
vt 0.232112 0.346811
vt 0.380250 0.022680
vt 0.383614 0.145261
vt 0.380592 0.146130
vt 0.470120 0.239699
vt 0.471974 0.238325
vt 0.470583 0.240891
vt 0.377598 0.029283
vt 0.470375 0.242406
vt 0.469219 0.241725
vt 0.375036 0.182032
vt 0.374594 0.180861
vt 0.375529 0.181756
vt 0.154276 0.080455
vt 0.181433 0.079998
vt 0.089183 0.232275
vt 0.091569 0.233592
vt 0.089499 0.239437
vt 0.090301 0.229079
vt 0.087175 0.226501
vt 0.192545 0.097798
vt 0.195999 0.102720
vt 0.088349 0.198716
vt 0.087955 0.201804
vt 0.085518 0.197832
vt 0.168182 0.142192
vt 0.185271 0.142659
vt 0.472605 0.296850
vt 0.034567 0.487087
vt 0.034466 0.484737
vt 0.035646 0.485962
vt 0.471399 0.294125
vt 0.519538 0.461775
vt 0.519417 0.460998
vt 0.519883 0.461514
vt 0.277464 0.037189
vt 0.129979 0.269635
vt 0.229914 0.355484
vt 0.233042 0.353577
vt 0.342872 0.191987
vt 0.384034 0.151955
vt 0.382888 0.151567
vt 0.384330 0.150630
vt 0.381213 0.017130
vt 0.381861 0.018492
vt 0.383475 0.149437
vt 0.381856 0.149891
vt 0.415785 0.083892
vt 0.471963 0.240338
vt 0.472462 0.242620
vt 0.375489 0.033922
vt 0.376433 0.130548
vt 0.180126 0.078753
vt 0.148274 0.094888
vt 0.142335 0.110477
vt 0.086603 0.207996
vt 0.087504 0.211076
vt 0.086793 0.212451
vt 0.085032 0.204433
vt 0.087198 0.206692
vt 0.087054 0.205345
vt 0.145876 0.125261
vt 0.147617 0.130238
vt 0.086426 0.201463
vt 0.086936 0.202539
vt 0.150548 0.134401
vt 0.159667 0.140085
vt 0.175378 0.144112
vt 0.027153 0.404399
vt 0.035145 0.408266
vt 0.027870 0.405494
vt 0.283045 0.026468
vt 0.235089 0.344677
vt 0.379300 0.020791
vt 0.379928 0.017985
vt 0.379167 0.147757
vt 0.383932 0.147494
vt 0.471648 0.431831
vt 0.470957 0.434247
vt 0.469683 0.432149
vt 0.377280 0.026373
vt 0.377779 0.143764
vt 0.380423 0.143392
vt 0.380010 0.142052
vt 0.379462 0.141308
vt 0.378207 0.139728
vt 0.156020 0.073514
vt 0.376136 0.131984
vt 0.180705 0.075456
vt 0.179490 0.077486
vt 0.178497 0.076467
vt 0.610042 0.533281
vt 0.610425 0.533737
vt 0.610042 0.534160
vt 0.150895 0.086092
vt 0.088062 0.219703
vt 0.143092 0.099912
vt 0.084611 0.221224
vt 0.142230 0.117900
vt 0.085781 0.203006
vt 0.086589 0.203600
vt 0.083321 0.197979
vt 0.083550 0.194162
vt 0.153910 0.138677
vt 0.179015 0.144477
vt 0.017269 0.396952
vt 0.020908 0.397507
vt 0.023070 0.401123
vt 0.035645 0.410159
vt 0.026959 0.405253
vt 0.520502 0.011253
vt 0.520357 0.012161
vt 0.519920 0.011615
vt 0.472551 0.292824
vt 0.120453 0.268125
vt 0.236739 0.347236
vt 0.374205 0.028927
vt 0.162929 0.067942
vt 0.375267 0.133945
vt 0.178811 0.072377
vt 0.087558 0.235681
vt 0.085662 0.232011
vt 0.144078 0.095016
vt 0.084588 0.212862
vt 0.081834 0.205396
vt 0.205283 0.114979
vt 0.204333 0.115798
vt 0.201894 0.113283
vt 0.147528 0.133742
vt 0.150668 0.137518
vt 0.081686 0.189612
vt 0.161300 0.144428
vt 0.180485 0.144720
vt 0.040075 0.410292
vt 0.037583 0.410949
vt 0.470226 0.293354
vt 0.031883 0.404751
vt 0.062188 0.439744
vt 0.142836 0.269537
vt 0.382553 0.152755
vt 0.380441 0.152274
vt 0.379461 0.014302
vt 0.379028 0.150801
vt 0.376618 0.023249
vt 0.443759 0.131562
vt 0.444607 0.133666
vt 0.442735 0.132664
vt 0.442837 0.135240
vt 0.374489 0.032508
vt 0.441738 0.137952
vt 0.443788 0.136956
vt 0.442345 0.138786
vt 0.444217 0.137693
vt 0.159479 0.067984
vt 0.163754 0.065357
vt 0.443915 0.138636
vt 0.181313 0.071224
vt 0.184936 0.080453
vt 0.201723 0.110176
vt 0.153858 0.141393
vt 0.166599 0.145058
vt 0.171614 0.145986
vt 0.046894 0.412792
vt 0.046693 0.413819
vt 0.044119 0.413584
vt 0.042546 0.412834
vt 0.470367 0.294709
vt 0.035251 0.481869
vt 0.030668 0.404390
vt 0.220493 0.362081
vt 0.219806 0.360729
vt 0.224459 0.363398
vt 0.138326 0.268857
vt 0.237620 0.352291
vt 0.471060 0.429449
vt 0.377486 0.140485
vt 0.374679 0.139267
vt 0.148955 0.078654
vt 0.495622 0.353301
vt 0.495883 0.350374
vt 0.496192 0.352901
vt 0.184738 0.074765
vt 0.187414 0.079311
vt 0.141995 0.093862
vt 0.083761 0.226747
vt 0.139661 0.107437
vt 0.082972 0.211185
vt 0.139226 0.124085
vt 0.081021 0.201022
vt 0.080373 0.192347
vt 0.013170 0.395773
vt 0.013271 0.392974
vt 0.028429 0.404790
vt 0.039373 0.408582
vt 0.034074 0.405766
vt 0.028989 0.404313
vt 0.062875 0.440256
vt 0.062472 0.446018
vt 0.233494 0.364746
vt 0.237052 0.355508
vt 0.377049 0.017605
vt 0.469215 0.347160
vt 0.470450 0.347324
vt 0.469200 0.348803
vt 0.470325 0.346130
vt 0.469972 0.351166
vt 0.469288 0.351572
vt 0.444833 0.136383
vt 0.153333 0.070600
vt 0.143874 0.085859
vt 0.188407 0.084028
vt 0.142783 0.088797
vt 0.083159 0.228491
vt 0.139469 0.099044
vt 0.138372 0.103729
vt 0.081123 0.218479
vt 0.080900 0.203263
vt 0.142857 0.131482
vt 0.079596 0.196306
vt 0.025560 0.399466
vt 0.028789 0.402000
vt 0.028651 0.403747
vt 0.029816 0.403592
vt 0.285122 0.030028
vt 0.117979 0.267922
vt 0.284768 0.027821
vt 0.228198 0.363713
vt 0.235573 0.362679
vt 0.144369 0.268232
vt 0.237772 0.349877
vt 0.376725 0.014171
vt 0.374987 0.146226
vt 0.375150 0.143879
vt 0.375241 0.023943
vt 0.158472 0.064917
vt 0.155413 0.067339
vt 0.180377 0.068906
vt 0.178449 0.068278
vt 0.182274 0.068457
vt 0.185547 0.072016
vt 0.187830 0.073573
vt 0.191020 0.085408
vt 0.079249 0.199593
vt 0.079849 0.194387
vt 0.142273 0.135471
vt 0.015221 0.391704
vt 0.154153 0.486766
vt 0.152740 0.484254
vt 0.154081 0.483355
vt 0.019992 0.393563
vt 0.043190 0.408858
vt 0.469170 0.292736
vt 0.469670 0.292688
vt 0.442120 0.103444
vt 0.444007 0.102989
vt 0.442475 0.106897
vt 0.031566 0.403542
vt 0.412276 0.330252
vt 0.411898 0.329761
vt 0.412895 0.326615
vt 0.412664 0.326324
vt 0.413051 0.324628
vt 0.413886 0.322894
vt 0.286634 0.030454
vt 0.129689 0.267650
vt 0.237911 0.359626
vt 0.376158 0.151651
vt 0.375671 0.017234
vt 0.179745 0.060899
vt 0.180318 0.059631
vt 0.181143 0.061335
vt 0.164124 0.062489
vt 0.162873 0.062626
vt 0.471670 0.348410
vt 0.471218 0.350607
vt 0.470472 0.351727
vt 0.374758 0.140875
vt 0.373823 0.137578
vt 0.373649 0.138352
vt 0.179456 0.066732
vt 0.186803 0.065999
vt 0.192359 0.080647
vt 0.191882 0.074687
vt 0.137688 0.113543
vt 0.079488 0.209986
vt 0.139298 0.127445
vt 0.077633 0.196785
vt 0.149684 0.140810
vt 0.076223 0.186234
vt 0.164101 0.145788
vt 0.168360 0.146157
vt 0.049748 0.413027
vt 0.022168 0.396618
vt 0.410001 0.332185
vt 0.410945 0.330999
vt 0.410028 0.333560
vt 0.412722 0.331257
vt 0.280673 0.033834
vt 0.222180 0.366186
vt 0.136004 0.266938
vt 0.143600 0.266826
vt 0.377284 0.011484
vt 0.378793 0.011874
vt 0.375191 0.149935
vt 0.374131 0.024971
vt 0.374085 0.146317
vt 0.165421 0.059869
vt 0.165425 0.058225
vt 0.183235 0.059212
vt 0.180746 0.056405
vt 0.186032 0.059340
vt 0.184029 0.061818
vt 0.186901 0.060955
vt 0.471299 0.346282
vt 0.182851 0.064409
vt 0.374149 0.140567
vt 0.178358 0.065740
vt 0.178134 0.067103
vt 0.149214 0.070686
vt 0.146076 0.077686
vt 0.188399 0.069763
vt 0.139747 0.093900
vt 0.077741 0.201300
vt 0.081486 0.186149
vt 0.047661 0.409204
vt 0.032641 0.401224
vt 0.037251 0.406241
vt 0.040374 0.404638
vt 0.031794 0.402856
vt 0.414709 0.334522
vt 0.442904 0.197869
vt 0.442848 0.197356
vt 0.443030 0.195038
vt 0.442276 0.191282
vt 0.117527 0.266116
vt 0.224948 0.367949
vt 0.146822 0.268348
vt 0.148728 0.266067
vt 0.238726 0.356851
vt 0.151444 0.265790
vt 0.149674 0.267439
vt 0.377425 0.153213
vt 0.374535 0.020257
vt 0.180863 0.052695
vt 0.182469 0.053553
vt 0.159831 0.060992
vt 0.178002 0.064674
vt 0.179170 0.063353
vt 0.188742 0.060837
vt 0.188792 0.065437
vt 0.194373 0.075216
vt 0.194738 0.086333
vt 0.194702 0.088707
vt 0.137501 0.099740
vt 0.135482 0.121901
vt 0.076944 0.202688
vt 0.077853 0.198412
vt 0.138155 0.130649
vt 0.077536 0.194585
vt 0.077829 0.193366
vt 0.519694 0.320596
vt 0.520522 0.321353
vt 0.519584 0.321429
vt 0.077903 0.192137
vt 0.075872 0.189278
vt 0.154577 0.144528
vt 0.251491 0.226596
vt 0.248495 0.225502
vt 0.255423 0.224664
vt 0.028530 0.400216
vt 0.025045 0.397522
vt 0.410900 0.335894
vt 0.442782 0.200005
vt 0.441951 0.199428
vt 0.470203 0.186643
vt 0.470407 0.187125
vt 0.469859 0.185286
vt 0.469597 0.187183
vt 0.469412 0.186308
vt 0.414287 0.332098
vt 0.469558 0.185369
vt 0.469544 0.183302
vt 0.469279 0.179083
vt 0.469164 0.179268
vt 0.130245 0.482623
vt 0.130522 0.481713
vt 0.129793 0.484337
vt 0.249183 0.030705
vt 0.062782 0.438267
vt 0.119808 0.265383
vt 0.122953 0.265639
vt 0.220469 0.363915
vt 0.129469 0.265546
vt 0.227767 0.367825
vt 0.231630 0.366732
vt 0.376324 0.153055
vt 0.432608 0.606493
vt 0.433002 0.606778
vt 0.432608 0.607367
vt 0.179777 0.050390
vt 0.180724 0.049509
vt 0.166577 0.055586
vt 0.187112 0.057361
vt 0.059980 0.484152
vt 0.060453 0.486573
vt 0.059592 0.486853
vt 0.060559 0.485619
vt 0.154712 0.062475
vt 0.151167 0.063686
vt 0.190222 0.062009
vt 0.193797 0.064457
vt 0.196708 0.078655
vt 0.136697 0.096882
vt 0.078082 0.221009
vt 0.077685 0.205780
vt 0.134838 0.114659
vt 0.135879 0.126452
vt 0.076259 0.192250
vt 0.143916 0.138240
vt 0.149679 0.142290
vt 0.012486 0.387952
vt 0.247558 0.223038
vt 0.054511 0.413197
vt 0.052170 0.414374
vt 0.022952 0.395652
vt 0.033115 0.400238
vt 0.412130 0.165742
vt 0.410745 0.165833
vt 0.409758 0.164579
vt 0.410137 0.160827
vt 0.033250 0.401847
vt 0.035799 0.401832
vt 0.033924 0.402353
vt 0.144408 0.264534
vt 0.147230 0.264936
vt 0.178366 0.048827
vt 0.175423 0.049369
vt 0.174335 0.048826
vt 0.375279 0.015013
vt 0.375768 0.012967
vt 0.173717 0.049873
vt 0.169808 0.051212
vt 0.169831 0.052255
vt 0.187200 0.049440
vt 0.163630 0.054961
vt 0.159519 0.057047
vt 0.189160 0.057668
vt 0.144941 0.072184
vt 0.139816 0.082350
vt 0.138407 0.091100
vt 0.197700 0.085942
vt 0.198060 0.089755
vt 0.133680 0.105371
vt 0.076317 0.198950
vt 0.075948 0.195632
vt 0.410657 0.158086
vt 0.414177 0.160468
vt 0.045328 0.406613
vt 0.414846 0.338425
vt 0.279244 0.035127
vt 0.249090 0.031577
vt 0.061868 0.437587
vt 0.283636 0.034584
vt 0.118120 0.264500
vt 0.220421 0.367616
vt 0.223530 0.370049
vt 0.136866 0.265140
vt 0.152876 0.263837
vt 0.156908 0.263547
vt 0.153328 0.265614
vt 0.180023 0.042507
vt 0.176285 0.045444
vt 0.168978 0.049610
vt 0.190875 0.053863
vt 0.058343 0.485384
vt 0.059959 0.482215
vt 0.197198 0.074045
vt 0.133056 0.118125
vt 0.075112 0.192412
vt 0.469346 0.213882
vt 0.470088 0.211195
vt 0.469868 0.215421
vt 0.471402 0.214719
vt 0.471770 0.214586
vt 0.146263 0.140772
vt 0.015221 0.389296
vt 0.052572 0.409799
vt 0.036276 0.400171
vt 0.415901 0.330353
vt 0.415422 0.330862
vt 0.415651 0.327695
vt 0.374171 0.068238
vt 0.373814 0.067247
vt 0.374505 0.067242
vt 0.287210 0.034918
vt 0.124672 0.264226
vt 0.373737 0.081395
vt 0.374465 0.080556
vt 0.374263 0.086735
vt 0.152408 0.262796
vt 0.239282 0.362757
vt 0.183893 0.043075
vt 0.170551 0.046219
vt 0.186688 0.043976
vt 0.162412 0.050291
vt 0.158477 0.050760
vt 0.196029 0.058315
vt 0.147097 0.068003
vt 0.197309 0.065871
vt 0.136256 0.094556
vt 0.135901 0.091163
vt 0.133973 0.097645
vt 0.074884 0.215926
vt 0.075410 0.208104
vt 0.132576 0.123487
vt 0.133908 0.127692
vt 0.075329 0.197736
vt 0.074778 0.193778
vt 0.073128 0.186692
vt 0.248478 0.220628
vt 0.020327 0.391931
vt 0.022013 0.393826
vt 0.413858 0.157916
vt 0.415487 0.336322
vt 0.031632 0.399289
vt 0.034420 0.398338
vt 0.415674 0.337861
vt 0.415924 0.333493
vt 0.250399 0.033324
vt 0.375546 0.069209
vt 0.119660 0.264099
vt 0.374449 0.074172
vt 0.373993 0.077399
vt 0.220882 0.370965
vt 0.376379 0.080259
vt 0.375801 0.083103
vt 0.375602 0.088070
vt 0.374880 0.091160
vt 0.373840 0.092655
vt 0.230973 0.370541
vt 0.145446 0.263910
vt 0.148126 0.263418
vt 0.236394 0.369821
vt 0.238030 0.369114
vt 0.156852 0.261873
vt 0.164621 0.040441
vt 0.163747 0.046364
vt 0.161271 0.045434
vt 0.190536 0.045740
vt 0.141308 0.073950
vt 0.199207 0.081870
vt 0.131727 0.107887
vt 0.073502 0.203504
vt 0.136972 0.134317
vt 0.260746 0.225314
vt 0.260415 0.222502
vt 0.410926 0.155297
vt 0.045816 0.403047
vt 0.030941 0.397402
vt 0.037625 0.400863
vt 0.495875 0.200776
vt 0.495564 0.200135
vt 0.495812 0.199761
vt 0.495361 0.200629
vt 0.082764 0.482239
vt 0.083158 0.485074
vt 0.083205 0.485645
vt 0.374115 0.070407
vt 0.289070 0.033987
vt 0.376791 0.077208
vt 0.376473 0.082321
vt 0.339395 0.158004
vt 0.340087 0.158083
vt 0.341539 0.162568
vt 0.341897 0.161849
vt 0.227881 0.372637
vt 0.342937 0.165481
vt 0.343087 0.164379
vt 0.344347 0.167051
vt 0.345655 0.168850
vt 0.374880 0.096195
vt 0.373939 0.096604
vt 0.171535 0.043194
vt 0.169683 0.041758
vt 0.153981 0.056854
vt 0.194387 0.052062
vt 0.200050 0.067323
vt 0.071247 0.228695
vt 0.075562 0.230452
vt 0.074626 0.233333
vt 0.073699 0.227471
vt 0.132394 0.102405
vt 0.129582 0.112808
vt 0.074050 0.190609
vt 0.264516 0.224932
vt 0.074081 0.184226
vt 0.076285 0.185007
vt 0.255774 0.221153
vt 0.017759 0.387462
vt 0.050877 0.406865
vt 0.414317 0.165936
vt 0.416219 0.164252
vt 0.041307 0.402548
vt 0.037874 0.400464
vt 0.083365 0.487001
vt 0.082594 0.483722
vt 0.376363 0.074397
vt 0.375459 0.070487
vt 0.376504 0.079190
vt 0.338492 0.154685
vt 0.339158 0.154654
vt 0.224079 0.374367
vt 0.166237 0.020250
vt 0.165743 0.018540
vt 0.168102 0.015968
vt 0.163256 0.021566
vt 0.161563 0.023796
vt 0.162272 0.025786
vt 0.159389 0.025690
vt 0.374633 0.097598
vt 0.373928 0.100943
vt 0.151677 0.261989
vt 0.161602 0.038782
vt 0.169343 0.037127
vt 0.166363 0.036895
vt 0.176096 0.038998
vt 0.157835 0.039352
vt 0.201191 0.060883
vt 0.138731 0.075731
vt 0.072346 0.235745
vt 0.071189 0.234777
vt 0.135408 0.085632
vt 0.204224 0.092542
vt 0.131027 0.100127
vt 0.200104 0.090924
vt 0.071770 0.208396
vt 0.071527 0.199724
vt 0.073525 0.196793
vt 0.072737 0.193856
vt 0.072818 0.193047
vt 0.072702 0.191645
vt 0.273904 0.222670
vt 0.270415 0.225656
vt 0.267831 0.225542
vt 0.012430 0.383603
vt 0.057527 0.410931
vt 0.417330 0.158809
vt 0.038801 0.399050
vt 0.040108 0.401558
vt 0.469718 0.099438
vt 0.470242 0.099768
vt 0.470013 0.101404
vt 0.082590 0.487533
vt 0.071292 0.296427
vt 0.074060 0.296013
vt 0.074612 0.296531
vt 0.334155 0.143790
vt 0.336258 0.142711
vt 0.334681 0.144745
vt 0.337100 0.148845
vt 0.336272 0.148436
vt 0.337544 0.151285
vt 0.338116 0.150234
vt 0.171258 0.012989
vt 0.158381 0.029402
vt 0.157761 0.027310
vt 0.156529 0.028601
vt 0.374752 0.098961
vt 0.234391 0.375400
vt 0.239082 0.370629
vt 0.160220 0.260539
vt 0.166243 0.028272
vt 0.163469 0.033077
vt 0.173266 0.038472
vt 0.184960 0.039743
vt 0.156070 0.046942
vt 0.196139 0.049324
vt 0.137493 0.081033
vt 0.454825 0.606899
vt 0.455185 0.606493
vt 0.455185 0.607403
vt 0.132276 0.094468
vt 0.068893 0.209405
vt 0.131350 0.125901
vt 0.071949 0.195331
vt 0.282348 0.224764
vt 0.278628 0.224111
vt 0.282290 0.223380
vt 0.070768 0.189383
vt 0.074785 0.189878
vt 0.071537 0.188511
vt 0.263643 0.221854
vt 0.013558 0.386257
vt 0.415543 0.155755
vt 0.410466 0.152151
vt 0.409855 0.190078
vt 0.410833 0.192907
vt 0.409923 0.192569
vt 0.269345 0.437227
vt 0.269388 0.437200
vt 0.269152 0.437636
vt 0.250447 0.036693
vt 0.284161 0.044715
vt 0.336700 0.144127
vt 0.168830 0.018963
vt 0.343274 0.158641
vt 0.341401 0.157556
vt 0.341020 0.154371
vt 0.343924 0.162901
vt 0.343710 0.160358
vt 0.345762 0.165191
vt 0.155203 0.029430
vt 0.160555 0.029860
vt 0.162248 0.027846
vt 0.565069 0.557410
vt 0.565595 0.557510
vt 0.565069 0.558097
vt 0.154020 0.031586
vt 0.164126 0.026628
vt 0.168610 0.027301
vt 0.156464 0.260476
vt 0.159261 0.034484
vt 0.163729 0.260093
vt 0.172365 0.035703
vt 0.180879 0.036091
vt 0.154392 0.042719
vt 0.188156 0.041518
vt 0.151898 0.052473
vt 0.201113 0.057090
vt 0.145246 0.063456
vt 0.142664 0.067163
vt 0.069890 0.232493
vt 0.069914 0.230401
vt 0.202885 0.083107
vt 0.201770 0.078536
vt 0.203823 0.079120
vt 0.207446 0.089766
vt 0.071439 0.215106
vt 0.128943 0.115926
vt 0.285198 0.222749
vt 0.268238 0.221486
vt 0.072241 0.183862
vt 0.411688 0.197007
vt 0.085859 0.438324
vt 0.084734 0.437147
vt 0.084888 0.437212
vt 0.268568 0.438948
vt 0.071415 0.296931
vt 0.293590 0.041940
vt 0.291916 0.037218
vt 0.173443 0.012959
vt 0.342688 0.155568
vt 0.165744 0.024149
vt 0.167281 0.022489
vt 0.565735 0.558021
vt 0.158219 0.031854
vt 0.374739 0.101382
vt 0.374539 0.103947
vt 0.153911 0.260634
vt 0.171303 0.028552
vt 0.236447 0.375833
vt 0.156894 0.033222
vt 0.151623 0.045508
vt 0.069151 0.253859
vt 0.071057 0.259641
vt 0.067638 0.256733
vt 0.150334 0.056739
vt 0.203656 0.063129
vt 0.069120 0.228475
vt 0.202498 0.077898
vt 0.102863 0.513667
vt 0.102516 0.512475
vt 0.103529 0.512688
vt 0.205566 0.084637
vt 0.208183 0.092235
vt 0.128552 0.104274
vt 0.070957 0.191721
vt 0.071375 0.186003
vt 0.833965 0.394588
vt 0.834078 0.395190
vt 0.833714 0.395190
vt 0.011463 0.380721
vt 0.176497 0.485124
vt 0.176640 0.483263
vt 0.178704 0.485720
vt 0.179121 0.482185
vt 0.410461 0.203163
vt 0.049314 0.403187
vt 0.419315 0.161409
vt 0.034008 0.392848
vt 0.031936 0.395609
vt 0.087353 0.440088
vt 0.174718 0.010966
vt 0.338813 0.147054
vt 0.340727 0.150533
vt 0.342484 0.153625
vt 0.169565 0.023145
vt 0.495932 0.476427
vt 0.496210 0.478188
vt 0.495511 0.478330
vt 0.151784 0.032702
vt 0.153301 0.031163
vt 0.151183 0.038716
vt 0.175179 0.035728
vt 0.069684 0.264534
vt 0.065519 0.250488
vt 0.067811 0.246087
vt 0.201211 0.068550
vt 0.134924 0.398834
vt 0.138619 0.400049
vt 0.136778 0.400701
vt 0.133583 0.401001
vt 0.132038 0.089003
vt 0.066167 0.204168
vt 0.277717 0.219303
vt 0.070671 0.193857
vt 0.069395 0.185218
vt 0.070591 0.183962
vt 0.016804 0.384976
vt 0.054032 0.407860
vt 0.055743 0.405528
vt 0.027652 0.390005
vt 0.024260 0.389239
vt 0.028685 0.389053
vt 0.026382 0.388319
vt 0.039389 0.395402
vt 0.269367 0.437422
vt 0.268492 0.439469
vt 0.086058 0.438331
vt 0.286355 0.040778
vt 0.220752 0.377665
vt 0.342361 0.151721
vt 0.168570 0.020873
vt 0.171950 0.022771
vt 0.231885 0.379068
vt 0.495705 0.479910
vt 0.152860 0.034467
vt 0.374911 0.106077
vt 0.374267 0.105698
vt 0.156637 0.259535
vt 0.159475 0.258869
vt 0.174845 0.032963
vt 0.153463 0.035248
vt 0.238105 0.375827
vt 0.164297 0.258377
vt 0.068789 0.267230
vt 0.071755 0.267692
vt 0.065478 0.244417
vt 0.065042 0.241367
vt 0.067375 0.242781
vt 0.202938 0.058971
vt 0.255367 0.653157
vt 0.255053 0.653563
vt 0.255053 0.652636
vt 0.067780 0.235784
vt 0.067067 0.233979
vt 0.134540 0.075189
vt 0.134357 0.081569
vt 0.066533 0.230450
vt 0.066161 0.219111
vt 0.069149 0.225594
vt 0.066964 0.222571
vt 0.209065 0.085662
vt 0.068588 0.213411
vt 0.067421 0.198745
vt 0.011016 0.381518
vt 0.409748 0.209316
vt 0.411245 0.208345
vt 0.057727 0.408375
vt 0.020615 0.385588
vt 0.022028 0.385402
vt 0.418526 0.164824
vt 0.044049 0.396626
vt 0.029835 0.390746
vt 0.068777 0.295760
vt 0.068632 0.295172
vt 0.284037 0.511420
vt 0.284662 0.513829
vt 0.284038 0.513792
vt 0.338426 0.143473
vt 0.290725 0.041970
vt 0.342283 0.150256
vt 0.169648 0.019817
vt 0.172874 0.025218
vt 0.150145 0.033723
vt 0.375290 0.107502
vt 0.374869 0.108026
vt 0.167847 0.257869
vt 0.070382 0.272474
vt 0.066820 0.271500
vt 0.138639 0.070959
vt 0.129056 0.399705
vt 0.065325 0.225835
vt 0.126945 0.096526
vt 0.069904 0.190565
vt 0.068428 0.187797
vt 0.272495 0.219835
vt 0.069029 0.183650
vt 0.263423 0.219181
vt 0.413369 0.205835
vt 0.052922 0.403253
vt 0.046722 0.399520
vt 0.419298 0.163626
vt 0.967045 0.588121
vt 0.967094 0.588342
vt 0.967045 0.588453
vt 0.086806 0.439525
vt 0.088124 0.440447
vt 0.284644 0.511566
vt 0.337861 0.138555
vt 0.340675 0.144202
vt 0.342402 0.148216
vt 0.170816 0.018481
vt 0.227696 0.380024
vt 0.070779 0.287178
vt 0.072310 0.280182
vt 0.073568 0.284099
vt 0.069699 0.281562
vt 0.234626 0.378926
vt 0.157670 0.258698
vt 0.158919 0.258184
vt 0.149336 0.036580
vt 0.148816 0.034485
vt 0.177260 0.034139
vt 0.148978 0.041774
vt 0.065505 0.267008
vt 0.064965 0.263552
vt 0.063325 0.255175
vt 0.145028 0.059032
vt 0.205002 0.065333
vt 0.205002 0.063482
vt 0.204078 0.067660
vt 0.065090 0.228283
vt 0.129321 0.092866
vt 0.064884 0.219347
vt 0.065533 0.208190
vt 0.293695 0.221038
vt 0.291442 0.220474
vt 0.139677 0.438193
vt 0.138649 0.441384
vt 0.139303 0.437650
vt 0.136547 0.443064
vt 0.256265 0.218118
vt 0.136221 0.447546
vt 0.654732 0.767535
vt 0.654494 0.767060
vt 0.654732 0.766677
vt 0.026426 0.385951
vt 0.041034 0.394871
vt 0.032447 0.390296
vt 0.036327 0.391121
vt 0.469948 0.012918
vt 0.469656 0.014671
vt 0.469296 0.015536
vt 0.339472 0.140818
vt 0.147158 0.035758
vt 0.068371 0.279967
vt 0.191033 0.536933
vt 0.190574 0.537845
vt 0.190458 0.537055
vt 0.236513 0.378764
vt 0.161633 0.257506
vt 0.164964 0.256729
vt 0.145516 0.052422
vt 0.145537 0.056330
vt 0.061812 0.241464
vt 0.065563 0.239081
vt 0.063057 0.237704
vt 0.346105 0.276737
vt 0.341602 0.270678
vt 0.346208 0.274739
vt 0.064803 0.222713
vt 0.063899 0.211334
vt 0.291084 0.217481
vt 0.280998 0.217890
vt 0.065657 0.192561
vt 0.066906 0.187731
vt 0.067435 0.185382
vt 0.067364 0.182738
vt 0.061592 0.407217
vt 0.024291 0.384565
vt 0.031216 0.388429
vt 0.469895 0.012758
vt 0.268136 0.443350
vt 0.267887 0.441238
vt 0.281073 0.042677
vt 0.296243 0.043727
vt 0.070165 0.293437
vt 0.071307 0.293141
vt 0.071671 0.292562
vt 0.072601 0.289321
vt 0.223775 0.378868
vt 0.542531 0.079724
vt 0.543115 0.080381
vt 0.542431 0.080363
vt 0.010911 0.537929
vt 0.011218 0.536811
vt 0.011632 0.537318
vt 0.145447 0.036533
vt 0.071008 0.278173
vt 0.146149 0.038652
vt 0.168943 0.255739
vt 0.070179 0.275211
vt 0.066677 0.273844
vt 0.147434 0.045052
vt 0.144081 0.048499
vt 0.061302 0.245547
vt 0.131982 0.078931
vt 0.342073 0.273877
vt 0.062810 0.218085
vt 0.062259 0.215287
vt 0.211363 0.087736
vt 0.211737 0.089460
vt 0.284030 0.217490
vt 0.268065 0.217966
vt 0.495716 0.145093
vt 0.496509 0.145263
vt 0.496270 0.147667
vt 0.139240 0.445822
vt 0.136758 0.449357
vt 0.413560 0.202073
vt 0.051864 0.399410
vt 0.029677 0.384732
vt 0.243065 0.445287
vt 0.244591 0.446973
vt 0.243251 0.447818
vt 0.040378 0.392676
vt 0.469797 0.016364
vt 0.339036 0.135556
vt 0.337154 0.138638
vt 0.342765 0.144279
vt 0.146012 0.536889
vt 0.146352 0.537322
vt 0.145877 0.538013
vt 0.610042 0.419738
vt 0.610418 0.420147
vt 0.610042 0.420626
vt 0.143559 0.037702
vt 0.237470 0.378273
vt 0.059744 0.249570
vt 0.142451 0.062606
vt 0.153514 0.394177
vt 0.150633 0.394889
vt 0.153131 0.391173
vt 0.145858 0.394928
vt 0.145535 0.391697
vt 0.066906 0.212639
vt 0.061909 0.212166
vt 0.127456 0.108279
vt 0.059989 0.210203
vt 0.065990 0.189399
vt 0.065481 0.186711
vt 0.064630 0.185751
vt 0.066520 0.176820
vt 0.068200 0.179586
vt 0.066373 0.180715
vt 0.017735 0.379833
vt 0.021372 0.380897
vt 0.058684 0.404349
vt 0.047798 0.396596
vt 0.041285 0.393468
vt 0.034390 0.388349
vt 0.244145 0.443373
vt 0.242897 0.444237
vt 0.245402 0.445867
vt 0.244371 0.442035
vt 0.244350 0.440922
vt 0.066637 0.294572
vt 0.062401 0.294372
vt 0.342896 0.146030
vt 0.068741 0.293928
vt 0.234496 0.383267
vt 0.143829 0.037024
vt 0.278754 0.560317
vt 0.278179 0.561029
vt 0.278162 0.560339
vt 0.565069 0.103121
vt 0.565069 0.102223
vt 0.565554 0.102739
vt 0.066264 0.277459
vt 0.171182 0.254967
vt 0.061838 0.270194
vt 0.144045 0.042923
vt 0.061444 0.231451
vt 0.061772 0.228475
vt 0.125410 0.395753
vt 0.123106 0.396910
vt 0.061967 0.226744
vt 0.060920 0.224508
vt 0.061670 0.218767
vt 0.059335 0.205649
vt 0.059507 0.201486
vt 0.288305 0.216511
vt 0.061393 0.195130
vt 0.064992 0.183309
vt 0.259622 0.216270
vt 0.252324 0.218714
vt 0.247757 0.215911
vt 0.058126 0.400916
vt 0.087607 0.442545
vt 0.086330 0.447123
vt 0.064169 0.294025
vt 0.339701 0.135759
vt 0.344100 0.140387
vt 0.064696 0.289034
vt 0.232675 0.382987
vt 0.164159 0.255354
vt 0.165506 0.254381
vt 0.168107 0.253403
vt 0.062243 0.264766
vt 0.060071 0.259542
vt 0.059018 0.241514
vt 0.062744 0.235579
vt 0.058709 0.236173
vt 0.338213 0.271502
vt 0.126200 0.100997
vt 0.113716 0.397668
vt 0.107814 0.399569
vt 0.113867 0.393229
vt 0.057385 0.208440
vt 0.300927 0.212350
vt 0.273188 0.214463
vt 0.412655 0.211602
vt 0.413154 0.212076
vt 0.018113 0.377512
vt 0.064242 0.404243
vt 0.033979 0.383356
vt 0.042144 0.392417
vt 0.085145 0.447646
vt 0.085142 0.448312
vt 0.470696 0.018049
vt 0.470457 0.018631
vt 0.469447 0.017836
vt 0.087429 0.446413
vt 0.246138 0.047395
vt 0.341349 0.135031
vt 0.065461 0.284073
vt 0.140788 0.038393
vt 0.141833 0.037827
vt 0.140630 0.038955
vt 0.059920 0.254732
vt 0.058666 0.245224
vt 0.058425 0.238442
vt 0.127951 0.082942
vt 0.059370 0.220235
vt 0.058862 0.213244
vt 0.303245 0.215585
vt 0.306776 0.211302
vt 0.064013 0.187026
vt 0.080455 0.512696
vt 0.079871 0.513478
vt 0.079630 0.511806
vt 0.063826 0.181982
vt 0.062416 0.177107
vt 0.253522 0.215362
vt 0.023783 0.380271
vt 0.046388 0.395138
vt 0.267800 0.443839
vt 0.287758 0.046344
vt 0.067445 0.294250
vt 0.065188 0.293734
vt 0.223128 0.381547
vt 0.230375 0.382729
vt 0.060858 0.275025
vt 0.254735 0.743901
vt 0.255084 0.744572
vt 0.254615 0.744572
vt 0.141508 0.055394
vt 0.336137 0.267397
vt 0.127925 0.088107
vt 0.058117 0.214901
vt 0.277398 0.214501
vt 0.062227 0.190754
vt 0.063347 0.188575
vt 0.063074 0.184520
vt 0.061384 0.180067
vt 0.014745 0.374362
vt 0.020647 0.376885
vt 0.042622 0.391096
vt 0.469573 0.018771
vt 0.340929 0.134526
vt 0.344188 0.141739
vt 0.293767 0.046406
vt 0.226941 0.381738
vt 0.063036 0.281620
vt 0.138730 0.039541
vt 0.139850 0.038717
vt 0.236021 0.382235
vt 0.166988 0.253085
vt 0.170379 0.251962
vt 0.059248 0.267742
vt 0.140201 0.045530
vt 0.057526 0.264700
vt 0.140446 0.060306
vt 0.140632 0.058734
vt 0.139946 0.394596
vt 0.139134 0.390293
vt 0.335743 0.269016
vt 0.134773 0.391052
vt 0.136385 0.394275
vt 0.120257 0.395432
vt 0.410639 0.630184
vt 0.410147 0.629860
vt 0.410767 0.629554
vt 0.080592 0.511114
vt 0.063071 0.187280
vt 0.060869 0.182005
vt 0.265069 0.214519
vt 0.246349 0.212454
vt 0.251686 0.213135
vt 0.066744 0.405147
vt 0.064766 0.406821
vt 0.063426 0.401500
vt 0.026261 0.379976
vt 0.047627 0.394587
vt 0.043499 0.391550
vt 0.088238 0.448077
vt 0.040379 0.385983
vt 0.268887 0.445698
vt 0.269529 0.445947
vt 0.269077 0.447483
vt 0.089095 0.445363
vt 0.244752 0.043125
vt 0.344368 0.138459
vt 0.291191 0.046929
vt 0.296659 0.047534
vt 0.062956 0.278086
vt 0.168725 0.251907
vt 0.137359 0.040521
vt 0.056897 0.255059
vt 0.339520 0.266681
vt 0.056335 0.228516
vt 0.058340 0.222195
vt 0.116684 0.394745
vt 0.111859 0.449858
vt 0.112969 0.448783
vt 0.112859 0.451310
vt 0.286743 0.213089
vt 0.342609 0.110887
vt 0.341961 0.112160
vt 0.341262 0.110853
vt 0.061831 0.186920
vt 0.061157 0.184384
vt 0.016997 0.373231
vt 0.259215 0.214449
vt 0.054094 0.396923
vt 0.045310 0.390512
vt 0.045992 0.390930
vt 0.267745 0.447382
vt 0.298561 0.045582
vt 0.299275 0.047969
vt 0.233163 0.386306
vt 0.167934 0.252094
vt 0.172645 0.249709
vt 0.173286 0.252892
vt 0.137648 0.043043
vt 0.057138 0.260200
vt 0.055955 0.247872
vt 0.055504 0.243292
vt 0.144072 0.388584
vt 0.054672 0.239457
vt 0.134496 0.393887
vt 0.130018 0.392508
vt 0.056623 0.230858
vt 0.059306 0.225307
vt 0.057259 0.218249
vt 0.283603 0.212022
vt 0.255927 0.213284
vt 0.050143 0.393623
vt 0.035895 0.383094
vt 0.043687 0.387986
vt 0.060302 0.295823
vt 0.061278 0.295718
vt 0.519404 0.203711
vt 0.519408 0.201899
vt 0.519988 0.203123
vt 0.519989 0.201874
vt 0.343322 0.135741
vt 0.060709 0.286432
vt 0.250832 0.484350
vt 0.251364 0.486705
vt 0.249950 0.486248
vt 0.137477 0.049276
vt 0.137238 0.053543
vt 0.054715 0.235831
vt 0.058060 0.235080
vt 0.342607 0.265659
vt 0.343966 0.266031
vt 0.345010 0.270211
vt 0.123813 0.391533
vt 0.057574 0.226348
vt 0.055088 0.214575
vt 0.111889 0.445481
vt 0.057667 0.196060
vt 0.059336 0.190232
vt 0.056993 0.192712
vt 0.341786 0.108267
vt 0.279301 0.210748
vt 0.059838 0.187968
vt 0.059302 0.181581
vt 0.058289 0.177661
vt 0.014529 0.372610
vt 0.025650 0.376198
vt 0.267930 0.448771
vt 0.089304 0.447406
vt 0.252537 0.065919
vt 0.345200 0.135725
vt 0.345617 0.136861
vt 0.062899 0.294494
vt 0.061849 0.293317
vt 0.058556 0.278678
vt 0.056519 0.271885
vt 0.175996 0.247798
vt 0.135172 0.041545
vt 0.136675 0.058256
vt 0.346408 0.269315
vt 0.345070 0.266240
vt 0.346708 0.267658
vt 0.057807 0.224053
vt 0.117636 0.389139
vt 0.113412 0.446665
vt 0.299719 0.208879
vt 0.057914 0.184441
vt 0.059917 0.176254
vt 0.263294 0.212561
vt 0.248811 0.211142
vt 0.061169 0.397554
vt 0.268516 0.448965
vt 0.283045 0.054421
vt 0.058670 0.282911
vt 0.190140 0.410109
vt 0.183950 0.411414
vt 0.186619 0.407124
vt 0.183349 0.409904
vt 0.170345 0.250230
vt 0.176444 0.249062
vt 0.053507 0.261834
vt 0.054937 0.252780
vt 0.154706 0.389026
vt 0.151521 0.386360
vt 0.334553 0.265391
vt 0.335367 0.262919
vt 0.056033 0.221091
vt 0.054212 0.216678
vt 0.269096 0.210393
vt 0.068057 0.404490
vt 0.066248 0.401201
vt 0.054206 0.392678
vt 0.057308 0.395745
vt 0.089305 0.450377
vt 0.087685 0.450231
vt 0.344115 0.134985
vt 0.060328 0.295121
vt 0.190073 0.406172
vt 0.056847 0.276933
vt 0.050805 0.267992
vt 0.236016 0.386413
vt 0.134592 0.045609
vt 0.054106 0.259168
vt 0.052688 0.244621
vt 0.137293 0.059993
vt 0.130364 0.388513
vt 0.054009 0.228787
vt 0.345600 0.264476
vt 0.347209 0.266521
vt 0.767055 0.102138
vt 0.766690 0.101591
vt 0.767055 0.101418
vt 0.052694 0.211971
vt 0.055652 0.211481
vt 0.053957 0.204258
vt 0.054360 0.200528
vt 0.055468 0.194680
vt 0.258908 0.211033
vt 0.253961 0.210461
vt 0.245786 0.210482
vt 0.033790 0.380103
vt 0.030567 0.376909
vt 0.049701 0.391172
vt 0.047173 0.388361
vt 0.048438 0.392163
vt 0.046776 0.391414
vt 0.038322 0.382460
vt 0.290135 0.052522
vt 0.294167 0.051749
vt 0.191555 0.408033
vt 0.229226 0.385612
vt 0.232556 0.388378
vt 0.234571 0.389121
vt 0.171716 0.248235
vt 0.053332 0.251927
vt 0.055929 0.222465
vt 0.113290 0.443000
vt 0.293177 0.207831
vt 0.055626 0.189519
vt 0.057398 0.187617
vt 0.274205 0.209634
vt 0.054192 0.181864
vt 0.055863 0.180126
vt 0.015495 0.369376
vt 0.022947 0.371503
vt 0.041542 0.382533
vt 0.345616 0.134606
vt 0.345796 0.134916
vt 0.055526 0.287439
vt 0.299920 0.051978
vt 0.172428 0.247721
vt 0.133493 0.042409
vt 0.055853 0.225106
vt 0.053519 0.219479
vt 0.051129 0.217425
vt 0.051615 0.210560
vt 0.052500 0.208352
vt 0.339286 0.107421
vt 0.340768 0.105479
vt 0.055814 0.177612
vt 0.013704 0.369558
vt 0.249719 0.206257
vt 0.068441 0.402302
vt 0.241934 0.209074
vt 0.243781 0.207758
vt 0.243553 0.211501
vt 0.066691 0.398735
vt 0.043814 0.383030
vt 0.058233 0.296644
vt 0.058281 0.295974
vt 0.286686 0.059825
vt 0.057201 0.294263
vt 0.056510 0.291629
vt 0.296587 0.052039
vt 0.175301 0.246051
vt 0.052696 0.256999
vt 0.050589 0.239377
vt 0.139821 0.385637
vt 0.050793 0.235681
vt 0.127022 0.385218
vt 0.343950 0.262565
vt 0.054441 0.223869
vt 0.053523 0.220709
vt 0.112018 0.442067
vt 0.054639 0.187341
vt 0.263795 0.207555
vt 0.020866 0.367808
vt 0.026564 0.371644
vt 0.033094 0.377024
vt 0.059946 0.394041
vt 0.052441 0.388002
vt 0.045696 0.384387
vt 0.183531 0.407359
vt 0.185448 0.405717
vt 0.052462 0.271772
vt 0.232974 0.390621
vt 0.050713 0.265949
vt 0.131248 0.043324
vt 0.132711 0.042550
vt 0.133068 0.051008
vt 0.133039 0.055853
vt 0.051056 0.248426
vt 0.051251 0.243926
vt 0.148093 0.382604
vt 0.142934 0.383300
vt 0.052572 0.234202
vt 0.132830 0.385517
vt 0.343222 0.260052
vt 0.051747 0.226527
vt 0.053764 0.225921
vt 0.344632 0.261067
vt 0.052237 0.225472
vt 0.053431 0.221860
vt 0.111981 0.388294
vt 0.111208 0.390479
vt 0.048542 0.213581
vt 0.050798 0.200371
vt 0.337709 0.105733
vt 0.338100 0.104213
vt 0.054446 0.183903
vt 0.012491 0.367277
vt 0.014439 0.367063
vt 0.017127 0.366505
vt 0.247065 0.205276
vt 0.240459 0.205223
vt 0.063405 0.395773
vt 0.057314 0.391098
vt 0.192333 0.404281
vt 0.054853 0.283172
vt 0.053000 0.278130
vt 0.051702 0.274849
vt 0.050356 0.263842
vt 0.235872 0.390463
vt 0.174272 0.245054
vt 0.050746 0.260204
vt 0.051572 0.252564
vt 0.051167 0.229292
vt 0.341396 0.261409
vt 0.052071 0.223244
vt 0.049267 0.215202
vt 0.304561 0.206694
vt 0.289318 0.206729
vt 0.053695 0.295155
vt 0.611020 0.652893
vt 0.610557 0.653402
vt 0.610557 0.652636
vt 0.179937 0.244247
vt 0.178668 0.246703
vt 0.051169 0.255437
vt 0.152489 0.384917
vt 0.149610 0.380729
vt 0.049008 0.239564
vt 0.122520 0.383492
vt 0.051126 0.218752
vt 0.308516 0.208350
vt 0.054362 0.193232
vt 0.050825 0.194464
vt 0.053383 0.179387
vt 0.253522 0.205383
vt 0.029603 0.371887
vt 0.038960 0.378973
vt 0.317570 0.437349
vt 0.319301 0.438526
vt 0.317079 0.437980
vt 0.052609 0.294101
vt 0.184424 0.404991
vt 0.183489 0.405887
vt 0.454412 0.789951
vt 0.453978 0.790084
vt 0.453978 0.789486
vt 0.178943 0.242683
vt 0.049553 0.252413
vt 0.049503 0.249458
vt 0.441855 0.075737
vt 0.442912 0.076130
vt 0.441958 0.078462
vt 0.049532 0.244354
vt 0.048361 0.236045
vt 0.047515 0.232004
vt 0.336297 0.257561
vt 0.049890 0.221574
vt 0.048142 0.204075
vt 0.339833 0.102011
vt 0.052625 0.189395
vt 0.052292 0.185511
vt 0.052716 0.176346
vt 0.013459 0.364952
vt 0.015087 0.364700
vt 0.260882 0.206483
vt 0.258012 0.202721
vt 0.241145 0.203737
vt 0.291166 0.060491
vt 0.191396 0.402393
vt 0.188111 0.402310
vt 0.234483 0.392215
vt 0.047512 0.260596
vt 0.128670 0.049589
vt 0.047754 0.255577
vt 0.136749 0.382319
vt 0.339580 0.259190
vt 0.047140 0.210867
vt 0.284283 0.202865
vt 0.287759 0.203535
vt 0.050858 0.188805
vt 0.050928 0.181949
vt 0.061505 0.392745
vt 0.051079 0.384953
vt 0.048933 0.382642
vt 0.299549 0.057996
vt 0.046490 0.268694
vt 0.047432 0.265819
vt 0.175579 0.243343
vt 0.129306 0.044843
vt 0.130004 0.044062
vt 0.048141 0.251036
vt 0.047170 0.247884
vt 0.046782 0.232901
vt 0.336703 0.255854
vt 0.341665 0.256633
vt 0.118046 0.381810
vt 0.049494 0.223503
vt 0.046445 0.212567
vt 0.049602 0.178382
vt 0.243172 0.203165
vt 0.069846 0.398865
vt 0.068020 0.395804
vt 0.070664 0.396296
vt 0.162632 0.446736
vt 0.162785 0.443471
vt 0.164570 0.444488
vt 0.038089 0.374361
vt 0.721942 0.396049
vt 0.721942 0.395274
vt 0.722317 0.395548
vt 0.043332 0.379057
vt 0.317846 0.441112
vt 0.045429 0.380825
vt 0.241869 0.054996
vt 0.242932 0.052875
vt 0.050433 0.292442
vt 0.049587 0.289604
vt 0.045743 0.281046
vt 0.343112 0.330079
vt 0.343262 0.331259
vt 0.342199 0.330124
vt 0.045745 0.262298
vt 0.476819 0.698198
vt 0.477016 0.698954
vt 0.476582 0.698951
vt 0.043286 0.257047
vt 0.130797 0.053597
vt 0.048081 0.241976
vt 0.442963 0.071676
vt 0.441926 0.072641
vt 0.049084 0.225268
vt 0.046789 0.217874
vt 0.310023 0.202107
vt 0.113609 0.438486
vt 0.046614 0.208473
vt 0.335783 0.101320
vt 0.335941 0.099046
vt 0.049976 0.187740
vt 0.274617 0.201409
vt 0.269877 0.206057
vt 0.013589 0.361611
vt 0.021562 0.364262
vt 0.064766 0.392842
vt 0.032019 0.371474
vt 0.167240 0.446571
vt 0.167003 0.443283
vt 0.057465 0.387886
vt 0.042000 0.376859
vt 0.441690 0.315645
vt 0.442665 0.313746
vt 0.442368 0.319853
vt 0.049571 0.286991
vt 0.178707 0.404637
vt 0.178116 0.403264
vt 0.179521 0.402363
vt 0.176812 0.242048
vt 0.044202 0.251645
vt 0.131581 0.058929
vt 0.046745 0.244585
vt 0.139322 0.380560
vt 0.441978 0.069287
vt 0.345127 0.256346
vt 0.345570 0.257551
vt 0.112295 0.438891
vt 0.046390 0.197861
vt 0.049818 0.175677
vt 0.016673 0.361768
vt 0.026063 0.366490
vt 0.061056 0.390167
vt 0.054836 0.384652
vt 0.320122 0.441210
vt 0.049808 0.294681
vt 0.296891 0.062764
vt 0.049180 0.283967
vt 0.341459 0.326910
vt 0.340506 0.331177
vt 0.337542 0.327063
vt 0.043557 0.264576
vt 0.232881 0.393552
vt 0.233736 0.393650
vt 0.178784 0.400304
vt 0.180894 0.240853
vt 0.128088 0.045726
vt 0.045656 0.235008
vt 0.338599 0.252384
vt 0.046637 0.221387
vt 0.045430 0.219953
vt 0.046598 0.201060
vt 0.046695 0.190920
vt 0.048601 0.183691
vt 0.048598 0.180939
vt 0.049094 0.173919
vt 0.049458 0.172924
vt 0.024773 0.363885
vt 0.029298 0.366548
vt 0.035429 0.372012
vt 0.044438 0.276205
vt 0.045705 0.270710
vt 0.182605 0.239772
vt 0.046379 0.239647
vt 0.042822 0.240783
vt 0.442567 0.068279
vt 0.043364 0.215450
vt 0.338856 0.097105
vt 0.047221 0.178416
vt 0.248032 0.201256
vt 0.244223 0.200889
vt 0.066934 0.391790
vt 0.316696 0.442296
vt 0.049617 0.380848
vt 0.239614 0.058621
vt 0.441975 0.312495
vt 0.294235 0.062648
vt 0.044889 0.278275
vt 0.178543 0.240171
vt 0.126930 0.046253
vt 0.126385 0.047260
vt 0.042413 0.261159
vt 0.045213 0.249954
vt 0.148004 0.377220
vt 0.145223 0.377941
vt 0.045358 0.230830
vt 0.345797 0.253783
vt 0.496578 0.452825
vt 0.496026 0.451807
vt 0.496637 0.451508
vt 0.113509 0.380269
vt 0.047171 0.195645
vt 0.279617 0.201732
vt 0.047603 0.175921
vt 0.019856 0.361621
vt 0.251431 0.199457
vt 0.032759 0.367225
vt 0.164694 0.440153
vt 0.058517 0.385835
vt 0.048043 0.378462
vt 0.282057 0.064724
vt 0.186905 0.401660
vt 0.187622 0.400686
vt 0.179115 0.239478
vt 0.127981 0.052407
vt 0.128393 0.055240
vt 0.414783 0.127875
vt 0.413390 0.125129
vt 0.414548 0.126111
vt 0.043490 0.247488
vt 0.043046 0.245080
vt 0.129412 0.379609
vt 0.341924 0.254065
vt 0.303783 0.194506
vt 0.044926 0.184320
vt 0.045672 0.179463
vt 0.014432 0.359279
vt 0.012500 0.360165
vt 0.012309 0.358439
vt 0.014210 0.361587
vt 0.047455 0.172626
vt 0.036292 0.367336
vt 0.038238 0.372140
vt 0.317517 0.444351
vt 0.046644 0.376829
vt 0.047042 0.293246
vt 0.045622 0.290741
vt 0.190691 0.395194
vt 0.041242 0.267097
vt 0.180612 0.398032
vt 0.180664 0.402225
vt 0.182277 0.237806
vt 0.043373 0.239041
vt 0.044718 0.234996
vt 0.044476 0.232451
vt 0.521713 0.630068
vt 0.521404 0.630501
vt 0.521404 0.629554
vt 0.495361 0.453998
vt 0.047302 0.222897
vt 0.041664 0.211555
vt 0.044600 0.188986
vt 0.045146 0.181659
vt 0.046164 0.173793
vt 0.262374 0.201344
vt 0.071784 0.391766
vt 0.072371 0.394785
vt 0.066636 0.389023
vt 0.063023 0.386070
vt 0.041904 0.373691
vt 0.319732 0.444205
vt 0.052504 0.381009
vt 0.301055 0.062127
vt 0.195301 0.395652
vt 0.194216 0.394378
vt 0.338817 0.324484
vt 0.040051 0.263124
vt 0.126842 0.048598
vt 0.039766 0.254160
vt 0.043450 0.237562
vt 0.470632 0.044541
vt 0.472613 0.044576
vt 0.472232 0.046361
vt 0.042594 0.234404
vt 0.043800 0.235435
vt 0.469426 0.043733
vt 0.469732 0.044895
vt 0.470356 0.042734
vt 0.472266 0.041424
vt 0.472863 0.041307
vt 0.123500 0.379191
vt 0.042815 0.229249
vt 0.347067 0.255272
vt 0.109725 0.382938
vt 0.042421 0.217801
vt 0.041790 0.213783
vt 0.043000 0.206580
vt 0.042527 0.204565
vt 0.037325 0.369243
vt 0.044208 0.375097
vt 0.046177 0.294147
vt 0.188410 0.399344
vt 0.040409 0.271918
vt 0.342008 0.322062
vt 0.180408 0.236682
vt 0.179614 0.237818
vt 0.127167 0.050269
vt 0.128609 0.057634
vt 0.039435 0.248375
vt 0.141764 0.374610
vt 0.134731 0.376358
vt 0.043347 0.230933
vt 0.340403 0.252070
vt 0.309182 0.198971
vt 0.344671 0.484936
vt 0.345409 0.483771
vt 0.345455 0.486875
vt 0.042886 0.201835
vt 0.042889 0.195929
vt 0.335076 0.092547
vt 0.012239 0.356993
vt 0.014540 0.356547
vt 0.017439 0.357292
vt 0.019225 0.358680
vt 0.016402 0.360273
vt 0.254620 0.199030
vt 0.053631 0.378724
vt 0.335133 0.319253
vt 0.268665 0.364189
vt 0.271660 0.365940
vt 0.271046 0.367242
vt 0.412975 0.121975
vt 0.041097 0.249337
vt 0.145999 0.374195
vt 0.037682 0.245145
vt 0.040807 0.238657
vt 0.040693 0.235398
vt 0.042265 0.232894
vt 0.038882 0.232597
vt 0.345299 0.252922
vt 0.044094 0.224357
vt 0.411680 0.037426
vt 0.410591 0.034010
vt 0.412789 0.036900
vt 0.041556 0.191501
vt 0.044106 0.178580
vt 0.044935 0.177523
vt 0.268952 0.198505
vt 0.244521 0.197643
vt 0.068905 0.385987
vt 0.038104 0.370728
vt 0.061476 0.383577
vt 0.054975 0.382644
vt 0.056376 0.379435
vt 0.043018 0.371942
vt 0.059471 0.380974
vt 0.319655 0.446044
vt 0.318864 0.445927
vt 0.034361 0.513230
vt 0.034945 0.514144
vt 0.034317 0.514185
vt 0.034560 0.513352
vt 0.285121 0.068685
vt 0.040724 0.292133
vt 0.298965 0.064573
vt 0.040586 0.287780
vt 0.041018 0.285182
vt 0.040118 0.268863
vt 0.039652 0.265422
vt 0.181869 0.400746
vt 0.411260 0.120706
vt 0.040764 0.237569
vt 0.038600 0.234246
vt 0.374637 0.365609
vt 0.374283 0.362254
vt 0.376897 0.363600
vt 0.342618 0.251796
vt 0.114261 0.377249
vt 0.046551 0.224890
vt 0.043419 0.222209
vt 0.043087 0.184087
vt 0.024631 0.360622
vt 0.028425 0.363435
vt 0.074797 0.391211
vt 0.074289 0.392388
vt 0.162628 0.439133
vt 0.163460 0.437536
vt 0.038172 0.369391
vt 0.050633 0.375616
vt 0.041144 0.370635
vt 0.039000 0.370069
vt 0.038505 0.370383
vt 0.034184 0.511567
vt 0.261905 0.514217
vt 0.262089 0.512054
vt 0.262178 0.514011
vt 0.042182 0.293303
vt 0.343255 0.321736
vt 0.336663 0.320217
vt 0.037768 0.261249
vt 0.182747 0.400862
vt 0.184280 0.394841
vt 0.179758 0.236741
vt 0.183289 0.235208
vt 0.263834 0.364085
vt 0.266015 0.365123
vt 0.036647 0.250484
vt 0.039799 0.250055
vt 0.039827 0.242455
vt 0.374348 0.360692
vt 0.378565 0.357587
vt 0.378532 0.360768
vt 0.040727 0.228606
vt 0.346169 0.251757
vt 0.043133 0.224538
vt 0.306694 0.194965
vt 0.041721 0.181303
vt 0.024795 0.358703
vt 0.074295 0.385064
vt 0.046616 0.373263
vt 0.262143 0.513337
vt 0.274475 0.069535
vt 0.039691 0.275848
vt 0.180576 0.394553
vt 0.184694 0.233662
vt 0.272203 0.363707
vt 0.147187 0.374006
vt 0.036701 0.231094
vt 0.377218 0.365803
vt 0.338766 0.250769
vt 0.117881 0.376534
vt 0.040465 0.218593
vt 0.302369 0.191515
vt 0.296990 0.192965
vt 0.337761 0.088783
vt 0.249650 0.197010
vt 0.034517 0.363498
vt 0.039077 0.369139
vt 0.495757 0.014199
vt 0.495667 0.015619
vt 0.495464 0.014900
vt 0.496067 0.015026
vt 0.039530 0.290362
vt 0.040203 0.279533
vt 0.182263 0.395170
vt 0.035467 0.257130
vt 0.179347 0.395665
vt 0.264046 0.360533
vt 0.144080 0.372216
vt 0.036419 0.243654
vt 0.520502 0.225927
vt 0.519837 0.227041
vt 0.519540 0.226298
vt 0.519745 0.225677
vt 0.040202 0.226614
vt 0.041430 0.227515
vt 0.341343 0.249162
vt 0.042385 0.222866
vt 0.039093 0.217013
vt 0.345060 0.482009
vt 0.412108 0.030686
vt 0.040768 0.178040
vt 0.042107 0.177519
vt 0.012942 0.355223
vt 0.014140 0.353587
vt 0.014958 0.354518
vt 0.495792 0.429177
vt 0.496228 0.427315
vt 0.496867 0.428937
vt 0.030224 0.360616
vt 0.066687 0.385156
vt 0.039699 0.367350
vt 0.041881 0.368518
vt 0.036978 0.273087
vt 0.036806 0.266373
vt 0.339950 0.320789
vt 0.181360 0.232570
vt 0.038464 0.237257
vt 0.470638 0.128205
vt 0.472752 0.125612
vt 0.473128 0.128410
vt 0.470869 0.126771
vt 0.036024 0.233322
vt 0.444423 0.043655
vt 0.442562 0.043819
vt 0.443143 0.041751
vt 0.444631 0.045857
vt 0.038102 0.215145
vt 0.105056 0.376274
vt 0.039774 0.208208
vt 0.040127 0.198715
vt 0.292819 0.192068
vt 0.041698 0.186096
vt 0.017913 0.352674
vt 0.020522 0.354081
vt 0.241840 0.196802
vt 0.241277 0.195432
vt 0.243576 0.194926
vt 0.469411 0.376422
vt 0.471546 0.374920
vt 0.470202 0.378637
vt 0.055105 0.373437
vt 0.046713 0.370869
vt 0.241362 0.082636
vt 0.288678 0.066926
vt 0.035969 0.268645
vt 0.180309 0.234801
vt 0.269764 0.359543
vt 0.261929 0.363979
vt 0.344609 0.444705
vt 0.344911 0.447785
vt 0.343261 0.445348
vt 0.035312 0.241467
vt 0.033764 0.240090
vt 0.038587 0.235969
vt 0.036401 0.234574
vt 0.033356 0.231437
vt 0.381147 0.361895
vt 0.446542 0.044675
vt 0.038430 0.205765
vt 0.038647 0.202724
vt 0.041046 0.188253
vt 0.039395 0.179387
vt 0.040038 0.182065
vt 0.260557 0.197702
vt 0.024883 0.355434
vt 0.253127 0.195015
vt 0.248253 0.192752
vt 0.291788 0.067049
vt 0.272530 0.359632
vt 0.272992 0.361937
vt 0.035036 0.254499
vt 0.035557 0.247861
vt 0.034943 0.245675
vt 0.036728 0.238327
vt 0.127443 0.371335
vt 0.123744 0.370460
vt 0.446451 0.042716
vt 0.039267 0.220479
vt 0.587386 0.790099
vt 0.587386 0.789486
vt 0.587799 0.790057
vt 0.409730 0.030096
vt 0.040643 0.193065
vt 0.282027 0.194575
vt 0.039992 0.186621
vt 0.265576 0.189962
vt 0.028494 0.358403
vt 0.063338 0.379064
vt 0.061236 0.376441
vt 0.034542 0.249752
vt 0.145607 0.371486
vt 0.409961 0.116446
vt 0.411459 0.116908
vt 0.036983 0.236293
vt 0.038138 0.235265
vt 0.037020 0.224266
vt 0.037877 0.223255
vt 0.106583 0.372711
vt 0.035988 0.212329
vt 0.287470 0.193042
vt 0.038522 0.177796
vt 0.015671 0.350733
vt 0.013139 0.351993
vt 0.236670 0.063185
vt 0.234925 0.066449
vt 0.295812 0.067529
vt 0.038665 0.283692
vt 0.037546 0.278966
vt 0.033085 0.263187
vt 0.183820 0.391677
vt 0.179794 0.392570
vt 0.033852 0.244590
vt 0.397616 0.511331
vt 0.398183 0.511523
vt 0.398066 0.512766
vt 0.472641 0.129795
vt 0.470037 0.129241
vt 0.033081 0.232957
vt 0.382297 0.366425
vt 0.037125 0.220053
vt 0.446474 0.041338
vt 0.036955 0.218308
vt 0.039541 0.191015
vt 0.039110 0.189073
vt 0.038995 0.184493
vt 0.420107 0.512810
vt 0.420102 0.511263
vt 0.420595 0.512630
vt 0.038371 0.181872
vt 0.023345 0.352386
vt 0.241380 0.193650
vt 0.243377 0.190192
vt 0.041099 0.363599
vt 0.044859 0.366019
vt 0.032766 0.266743
vt 0.033202 0.261287
vt 0.140690 0.370362
vt 0.134994 0.369210
vt 0.034830 0.238239
vt 0.035928 0.237210
vt 0.496277 0.093623
vt 0.496913 0.095005
vt 0.495640 0.094283
vt 0.035093 0.236002
vt 0.032724 0.236943
vt 0.497176 0.092474
vt 0.382469 0.357770
vt 0.335959 0.082824
vt 0.037863 0.192950
vt 0.037194 0.180224
vt 0.013178 0.350361
vt 0.256655 0.194406
vt 0.073045 0.380131
vt 0.049089 0.367683
vt 0.037275 0.292731
vt 0.036220 0.291738
vt 0.037672 0.286729
vt 0.300476 0.070842
vt 0.196165 0.387861
vt 0.191978 0.387910
vt 0.035606 0.275299
vt 0.340919 0.315297
vt 0.031816 0.264874
vt 0.337501 0.315801
vt 0.182449 0.391138
vt 0.032671 0.254166
vt 0.031617 0.243890
vt 0.434197 0.561273
vt 0.434279 0.560407
vt 0.434637 0.560860
vt 0.130000 0.368653
vt 0.381474 0.355552
vt 0.114411 0.370022
vt 0.031928 0.197948
vt 0.276461 0.190252
vt 0.014584 0.348824
vt 0.021991 0.350617
vt 0.069728 0.379817
vt 0.236769 0.072783
vt 0.037011 0.289970
vt 0.298952 0.070250
vt 0.183943 0.228487
vt 0.032016 0.247957
vt 0.342785 0.441064
vt 0.384061 0.370449
vt 0.382726 0.370128
vt 0.035361 0.218916
vt 0.037709 0.190524
vt 0.036409 0.182531
vt 0.036017 0.178340
vt 0.055881 0.369284
vt 0.235296 0.070494
vt 0.036034 0.284055
vt 0.035197 0.279611
vt 0.031966 0.257765
vt 0.185399 0.231079
vt 0.411260 0.113252
vt 0.145069 0.369359
vt 0.032702 0.238918
vt 0.030571 0.233631
vt 0.029684 0.232500
vt 0.383964 0.366734
vt 0.033860 0.218102
vt 0.101922 0.368473
vt 0.101267 0.372104
vt 0.032447 0.209068
vt 0.030282 0.206625
vt 0.338532 0.084056
vt 0.035812 0.180243
vt 0.036991 0.176872
vt 0.019358 0.348922
vt 0.031213 0.356685
vt 0.252033 0.189124
vt 0.038206 0.359071
vt 0.033269 0.274996
vt 0.030679 0.272339
vt 0.342914 0.310628
vt 0.028546 0.270066
vt 0.030616 0.261706
vt 0.184672 0.390517
vt 0.271036 0.356121
vt 0.267236 0.356218
vt 0.030830 0.254420
vt 0.409759 0.112049
vt 0.264125 0.353589
vt 0.262168 0.357856
vt 0.263108 0.353506
vt 0.031996 0.248662
vt 0.343960 0.440997
vt 0.031811 0.241471
vt 0.030661 0.230788
vt 0.031871 0.230260
vt 0.108170 0.367950
vt 0.410449 0.026150
vt 0.034181 0.202893
vt 0.034927 0.189520
vt 0.035552 0.186824
vt 0.270646 0.189570
vt 0.017391 0.346185
vt 0.026137 0.351871
vt 0.068000 0.373906
vt 0.045219 0.362729
vt 0.035423 0.289529
vt 0.035310 0.286422
vt 0.191129 0.383779
vt 0.334865 0.314850
vt 0.181724 0.225238
vt 0.273828 0.355066
vt 0.273291 0.359819
vt 0.031097 0.250127
vt 0.263087 0.358825
vt 0.029832 0.245718
vt 0.139124 0.362690
vt 0.031258 0.238291
vt 0.030243 0.236936
vt 0.384539 0.355593
vt 0.384953 0.361121
vt 0.386016 0.366776
vt 0.386082 0.370613
vt 0.030662 0.217222
vt 0.306960 0.188160
vt 0.035292 0.192608
vt 0.013771 0.347278
vt 0.014693 0.346536
vt 0.014322 0.348076
vt 0.034126 0.177508
vt 0.258461 0.189696
vt 0.255313 0.190583
vt 0.030469 0.352859
vt 0.034777 0.356869
vt 0.048156 0.363537
vt 0.034242 0.293235
vt 0.439968 0.482998
vt 0.439093 0.484762
vt 0.439085 0.483138
vt 0.294035 0.072452
vt 0.028627 0.264395
vt 0.180900 0.385883
vt 0.273302 0.354049
vt 0.030788 0.241093
vt 0.032666 0.213477
vt 0.300779 0.187572
vt 0.034582 0.180933
vt 0.034820 0.179049
vt 0.261620 0.189335
vt 0.042546 0.359349
vt 0.185127 0.223848
vt 0.029243 0.258520
vt 0.270704 0.353485
vt 0.122140 0.367186
vt 0.098964 0.366781
vt 0.284267 0.189485
vt 0.031730 0.182662
vt 0.034043 0.176451
vt 0.024085 0.347455
vt 0.034812 0.354137
vt 0.075420 0.380582
vt 0.076325 0.383400
vt 0.060805 0.370570
vt 0.065658 0.371554
vt 0.052850 0.365433
vt 0.034271 0.292192
vt 0.440108 0.485136
vt 0.288797 0.074007
vt 0.296380 0.073632
vt 0.033090 0.285333
vt 0.033091 0.280785
vt 0.029014 0.267091
vt 0.183618 0.224165
vt 0.142491 0.363117
vt 0.343198 0.438677
vt 0.344900 0.438757
vt 0.028633 0.234838
vt 0.126616 0.366038
vt 0.028759 0.231443
vt 0.386780 0.358555
vt 0.387207 0.370518
vt 0.032549 0.218876
vt 0.031080 0.200348
vt 0.034738 0.193974
vt 0.015099 0.347364
vt 0.016663 0.345930
vt 0.019068 0.345560
vt 0.246631 0.185089
vt 0.029458 0.013995
vt 0.028404 0.014181
vt 0.029161 0.011832
vt 0.291766 0.074236
vt 0.034134 0.290464
vt 0.033436 0.288452
vt 0.027672 0.262827
vt 0.179761 0.385454
vt 0.267704 0.352654
vt 0.028946 0.249531
vt 0.028595 0.248972
vt 0.346774 0.035962
vt 0.347724 0.036579
vt 0.346613 0.039045
vt 0.348816 0.035320
vt 0.348000 0.034763
vt 0.387309 0.366443
vt 0.026659 0.215579
vt 0.099056 0.364064
vt 0.032806 0.190911
vt 0.520836 0.790094
vt 0.520762 0.789486
vt 0.521183 0.789486
vt 0.034054 0.351245
vt 0.040952 0.355264
vt 0.240578 0.185517
vt 0.192498 0.382596
vt 0.030325 0.275790
vt 0.340349 0.310479
vt 0.184279 0.384988
vt 0.028425 0.255050
vt 0.028683 0.251130
vt 0.412575 0.109445
vt 0.029647 0.244360
vt 0.345538 0.037583
vt 0.346156 0.033778
vt 0.132504 0.364122
vt 0.386648 0.355597
vt 0.345607 0.017864
vt 0.349592 0.026934
vt 0.347552 0.024319
vt 0.031173 0.219656
vt 0.104213 0.365271
vt 0.029100 0.185583
vt 0.031316 0.180322
vt 0.015870 0.343303
vt 0.015717 0.344783
vt 0.027103 0.347801
vt 0.031001 0.349582
vt 0.298411 0.076411
vt 0.031618 0.281465
vt 0.337866 0.308142
vt 0.410482 0.109768
vt 0.346529 0.043601
vt 0.344810 0.042151
vt 0.347106 0.042367
vt 0.345251 0.034519
vt 0.349751 0.031908
vt 0.351288 0.031751
vt 0.349808 0.033215
vt 0.350873 0.030493
vt 0.305130 0.185158
vt 0.029388 0.204316
vt 0.279185 0.185700
vt 0.519949 0.083990
vt 0.519811 0.083079
vt 0.520402 0.083610
vt 0.811805 0.258790
vt 0.811386 0.258790
vt 0.811646 0.258195
vt 0.047387 0.357714
vt 0.279768 0.084249
vt 0.029558 0.011001
vt 0.033714 0.011502
vt 0.031290 0.015298
vt 0.029205 0.016902
vt 0.195059 0.381770
vt 0.026651 0.268543
vt 0.182654 0.384790
vt 0.265173 0.349898
vt 0.344088 0.437167
vt 0.343597 0.039696
vt 0.344545 0.033039
vt 0.442464 0.431449
vt 0.442963 0.429360
vt 0.443671 0.430938
vt 0.347832 0.029153
vt 0.341947 0.019090
vt 0.343613 0.012648
vt 0.341307 0.013112
vt 0.342595 0.011817
vt 0.027523 0.208564
vt 0.296431 0.187278
vt 0.341373 0.074266
vt 0.339248 0.083105
vt 0.288865 0.187854
vt 0.029173 0.193372
vt 0.018656 0.342049
vt 0.020180 0.344020
vt 0.021638 0.344100
vt 0.038000 0.352242
vt 0.243091 0.180332
vt 0.030753 0.280820
vt 0.026450 0.266686
vt 0.335187 0.309469
vt 0.012459 0.041585
vt 0.013838 0.042762
vt 0.012612 0.046047
vt 0.270231 0.350448
vt 0.027709 0.253150
vt 0.344641 0.043803
vt 0.342200 0.035059
vt 0.343256 0.032701
vt 0.441881 0.430609
vt 0.344137 0.032193
vt 0.444787 0.431651
vt 0.444831 0.433302
vt 0.347783 0.030803
vt 0.029154 0.219085
vt 0.027570 0.213254
vt 0.018882 0.344145
vt 0.520149 0.272777
vt 0.520098 0.273412
vt 0.519647 0.274056
vt 0.253828 0.185594
vt 0.073735 0.373990
vt 0.051259 0.357154
vt 0.060563 0.366733
vt 0.058584 0.363750
vt 0.275526 0.085538
vt 0.235977 0.072998
vt 0.031689 0.019563
vt 0.029071 0.020552
vt 0.026256 0.265077
vt 0.012793 0.035354
vt 0.014278 0.035635
vt 0.012769 0.037065
vt 0.497047 0.224144
vt 0.496848 0.226194
vt 0.495947 0.224932
vt 0.014725 0.046292
vt 0.027250 0.246727
vt 0.442306 0.433280
vt 0.345752 0.025594
vt 0.342161 0.024372
vt 0.340196 0.014003
vt 0.337234 0.012896
vt 0.340998 0.011288
vt 0.337725 0.075886
vt 0.027386 0.181973
vt 0.016706 0.340979
vt 0.053955 0.360798
vt 0.063598 0.366070
vt 0.028963 0.024731
vt 0.027841 0.022793
vt 0.028040 0.277412
vt 0.014747 0.038973
vt 0.181631 0.383030
vt 0.274360 0.350489
vt 0.273902 0.352957
vt 0.274132 0.349490
vt 0.180550 0.221092
vt 0.180327 0.382873
vt 0.012717 0.050858
vt 0.412430 0.107639
vt 0.414097 0.107255
vt 0.012729 0.053115
vt 0.015144 0.053647
vt 0.012526 0.053703
vt 0.027015 0.249060
vt 0.027283 0.249882
vt 0.441667 0.431251
vt 0.339351 0.016618
vt 0.337074 0.013948
vt 0.339714 0.011309
vt 0.100003 0.361661
vt 0.027339 0.343128
vt 0.045811 0.354150
vt 0.034504 0.012377
vt 0.284464 0.085607
vt 0.034926 0.014972
vt 0.025910 0.272108
vt 0.270479 0.347397
vt 0.413366 0.106566
vt 0.339982 0.039298
vt 0.442431 0.434952
vt 0.344986 0.032004
vt 0.346696 0.032467
vt 0.116357 0.360616
vt 0.108828 0.362843
vt 0.336717 0.016180
vt 0.308355 0.185276
vt 0.026578 0.198485
vt 0.028542 0.194820
vt 0.029319 0.191635
vt 0.018112 0.340424
vt 0.266489 0.182970
vt 0.030506 0.345917
vt 0.238803 0.077188
vt 0.237217 0.075347
vt 0.299579 0.078442
vt 0.034813 0.022757
vt 0.196828 0.380018
vt 0.027375 0.027652
vt 0.030089 0.027000
vt 0.017919 0.035464
vt 0.015190 0.033992
vt 0.018182 0.045641
vt 0.265197 0.346665
vt 0.141068 0.358877
vt 0.132825 0.360568
vt 0.442579 0.346474
vt 0.442911 0.345772
vt 0.445488 0.347881
vt 0.443906 0.344836
vt 0.446324 0.347783
vt 0.343112 0.028964
vt 0.340481 0.022553
vt 0.338298 0.018895
vt 0.335416 0.015803
vt 0.025182 0.217241
vt 0.024843 0.207472
vt 0.302585 0.184065
vt 0.410284 0.020534
vt 0.410456 0.016929
vt 0.411849 0.021066
vt 0.291803 0.185911
vt 0.026739 0.189083
vt 0.026104 0.186856
vt 0.028019 0.180803
vt 0.017784 0.338724
vt 0.021554 0.342507
vt 0.033696 0.345068
vt 0.035851 0.346862
vt 0.072814 0.369450
vt 0.274292 0.347106
vt 0.018279 0.051435
vt 0.144189 0.360733
vt 0.340368 0.042727
vt 0.445352 0.344675
vt 0.441887 0.434630
vt 0.335657 0.017180
vt 0.029229 0.227002
vt 0.028812 0.224026
vt 0.029609 0.224898
vt 0.025573 0.218733
vt 0.104254 0.361810
vt 0.024997 0.211764
vt 0.442670 0.372611
vt 0.441838 0.376363
vt 0.441840 0.371210
vt 0.262673 0.182208
vt 0.038501 0.348519
vt 0.236564 0.179878
vt 0.069102 0.366381
vt 0.287735 0.087295
vt 0.185053 0.377352
vt 0.184750 0.221055
vt 0.565493 0.010929
vt 0.565492 0.011880
vt 0.565069 0.011232
vt 0.120501 0.359790
vt 0.027804 0.227769
vt 0.027957 0.225586
vt 0.022430 0.215081
vt 0.307028 0.181963
vt 0.024863 0.205484
vt 0.297933 0.184644
vt 0.412781 0.014108
vt 0.026711 0.180231
vt 0.273960 0.181244
vt 0.022723 0.340542
vt 0.171561 0.512654
vt 0.172123 0.511509
vt 0.172135 0.513545
vt 0.025274 0.340472
vt 0.256299 0.182733
vt 0.250690 0.179823
vt 0.038788 0.019861
vt 0.297320 0.080341
vt 0.191164 0.375154
vt 0.017284 0.037728
vt 0.179960 0.220470
vt 0.179258 0.218255
vt 0.274697 0.348293
vt 0.180755 0.378659
vt 0.181069 0.216842
vt 0.143235 0.357830
vt 0.019173 0.054080
vt 0.015329 0.054619
vt 0.339440 0.033862
vt 0.340938 0.034636
vt 0.445648 0.343745
vt 0.125494 0.357969
vt 0.342208 0.030133
vt 0.340282 0.026348
vt 0.339356 0.023731
vt 0.374263 0.393756
vt 0.375053 0.394063
vt 0.373701 0.394587
vt 0.026282 0.222970
vt 0.028219 0.220654
vt 0.098354 0.361150
vt 0.026691 0.203996
vt 0.024770 0.201248
vt 0.026716 0.192432
vt 0.281410 0.182196
vt 0.025326 0.184280
vt 0.019695 0.337278
vt 0.021023 0.338477
vt 0.042263 0.013418
vt 0.292207 0.083748
vt 0.193536 0.375781
vt 0.410169 0.721196
vt 0.410169 0.721913
vt 0.409734 0.721431
vt 0.341269 0.302191
vt 0.183555 0.377676
vt 0.015417 0.052290
vt 0.144720 0.358204
vt 0.023925 0.253129
vt 0.023100 0.250643
vt 0.340299 0.044546
vt 0.139417 0.356222
vt 0.133835 0.356377
vt 0.338190 0.034289
vt 0.441746 0.344855
vt 0.341870 0.031704
vt 0.339290 0.027521
vt 0.377481 0.393223
vt 0.380560 0.393176
vt 0.382237 0.394209
vt 0.378907 0.395670
vt 0.106849 0.358514
vt 0.102153 0.357703
vt 0.023974 0.190091
vt 0.024746 0.180668
vt 0.024973 0.338832
vt 0.270859 0.180460
vt 0.677515 0.532831
vt 0.677163 0.533150
vt 0.677163 0.532302
vt 0.031735 0.342842
vt 0.063938 0.360815
vt 0.030737 0.295808
vt 0.028922 0.298180
vt 0.026707 0.299005
vt 0.039871 0.012326
vt 0.343010 0.301733
vt 0.023098 0.276533
vt 0.023257 0.272013
vt 0.016918 0.032641
vt 0.020634 0.034008
vt 0.337048 0.304228
vt 0.443065 0.343860
vt 0.444178 0.343247
vt 0.376151 0.396087
vt 0.374339 0.396547
vt 0.026324 0.226537
vt 0.303254 0.180944
vt 0.023567 0.183477
vt 0.025130 0.179718
vt 0.240073 0.175375
vt 0.243363 0.089346
vt 0.039826 0.016176
vt 0.036074 0.027389
vt 0.023784 0.033327
vt 0.179970 0.376840
vt 0.274778 0.344647
vt 0.337845 0.040797
vt 0.336944 0.038095
vt 0.026390 0.228614
vt 0.024779 0.224362
vt 0.020551 0.219587
vt 0.299535 0.181835
vt 0.025749 0.194752
vt 0.025249 0.194210
vt 0.022468 0.187303
vt 0.258730 0.178806
vt 0.040140 0.346261
vt 0.053630 0.352905
vt 0.057057 0.357079
vt 0.032515 0.029184
vt 0.025704 0.280005
vt 0.023728 0.036882
vt 0.182522 0.375986
vt 0.178029 0.216164
vt 0.178540 0.217676
vt 0.275076 0.345597
vt 0.181586 0.215787
vt 0.271559 0.342876
vt 0.266549 0.341436
vt 0.321635 0.482097
vt 0.322385 0.482816
vt 0.321549 0.484879
vt 0.145412 0.351981
vt 0.022138 0.254891
vt 0.338501 0.030395
vt 0.339295 0.030452
vt 0.020514 0.221998
vt 0.023567 0.210102
vt 0.442925 0.377457
vt 0.028706 0.339782
vt 0.235011 0.176758
vt 0.236726 0.172188
vt 0.022158 0.040291
vt 0.143724 0.351821
vt 0.141648 0.352934
vt 0.023599 0.236564
vt 0.023105 0.238444
vt 0.023867 0.235541
vt 0.021680 0.236799
vt 0.024565 0.233516
vt 0.024596 0.225717
vt 0.021802 0.185769
vt 0.021663 0.181154
vt 0.023853 0.334665
vt 0.587998 0.147842
vt 0.587580 0.147836
vt 0.587805 0.147305
vt 0.034578 0.343056
vt 0.037891 0.344171
vt 0.047138 0.349817
vt 0.240153 0.081406
vt 0.279522 0.089717
vt 0.294888 0.084352
vt 0.297943 0.083235
vt 0.197549 0.377214
vt 0.197172 0.375348
vt 0.177617 0.213415
vt 0.023875 0.044434
vt 0.022323 0.046304
vt 0.264134 0.341636
vt 0.337271 0.044531
vt 0.381077 0.400258
vt 0.379157 0.400315
vt 0.375978 0.399538
vt 0.023476 0.227917
vt 0.020252 0.223005
vt 0.022836 0.211946
vt 0.023975 0.199722
vt 0.285890 0.181409
vt 0.338386 0.073162
vt 0.252227 0.177695
vt 0.247769 0.176246
vt 0.049053 0.350049
vt 0.021590 0.275171
vt 0.275007 0.342511
vt 0.322598 0.485136
vt 0.020411 0.253850
vt 0.021530 0.251424
vt 0.135844 0.352589
vt 0.022158 0.245797
vt 0.021116 0.244481
vt 0.023655 0.241881
vt 0.120905 0.355193
vt 0.789307 0.258543
vt 0.789301 0.259334
vt 0.789044 0.258951
vt 0.114996 0.356097
vt 0.383692 0.398302
vt 0.023080 0.229937
vt 0.443561 0.225402
vt 0.442209 0.227154
vt 0.442492 0.223776
vt 0.410199 0.014204
vt 0.023111 0.334060
vt 0.025838 0.335342
vt 0.026765 0.337688
vt 0.057477 0.352926
vt 0.064304 0.358255
vt 0.072400 0.361975
vt 0.041783 0.022284
vt 0.177021 0.215241
vt 0.176520 0.213743
vt 0.275636 0.342611
vt 0.024438 0.049825
vt 0.335269 0.042600
vt 0.019079 0.244274
vt 0.012722 0.105261
vt 0.015037 0.105479
vt 0.012694 0.108019
vt 0.021121 0.182113
vt 0.021132 0.183303
vt 0.266947 0.177582
vt 0.032233 0.337134
vt 0.036464 0.339419
vt 0.040001 0.026504
vt 0.181605 0.371318
vt 0.275560 0.340943
vt 0.023785 0.052024
vt 0.322308 0.486556
vt 0.019080 0.241211
vt 0.384800 0.396611
vt 0.386387 0.399213
vt 0.377664 0.401384
vt 0.021716 0.225829
vt 0.017546 0.218762
vt 0.099206 0.358001
vt 0.016322 0.112522
vt 0.029770 0.335794
vt 0.262912 0.175100
vt 0.242049 0.172229
vt 0.075101 0.364694
vt 0.046318 0.015928
vt 0.197088 0.372062
vt 0.033604 0.031761
vt 0.028362 0.031107
vt 0.027326 0.032869
vt 0.027633 0.036268
vt 0.185649 0.373483
vt 0.275853 0.341209
vt 0.020446 0.256191
vt 0.335392 0.040985
vt 0.019699 0.249431
vt 0.018715 0.239877
vt 0.377016 0.402546
vt 0.018380 0.225136
vt 0.443333 0.229425
vt 0.012697 0.102687
vt 0.020110 0.189239
vt 0.020070 0.333666
vt 0.022750 0.333494
vt 0.020852 0.335345
vt 0.276842 0.179428
vt 0.034303 0.338109
vt 0.043679 0.342046
vt 0.048772 0.346990
vt 0.052986 0.349951
vt 0.067446 0.359203
vt 0.269189 0.099358
vt 0.027201 0.038397
vt 0.177359 0.211282
vt 0.275393 0.337350
vt 0.271545 0.336588
vt 0.335619 0.045527
vt 0.334281 0.044788
vt 0.127380 0.351539
vt 0.021052 0.228725
vt 0.015475 0.099755
vt 0.012638 0.099693
vt 0.309204 0.177835
vt 0.306980 0.176737
vt 0.303381 0.174767
vt 0.014026 0.112973
vt 0.021488 0.202870
vt 0.542751 0.286416
vt 0.542817 0.287213
vt 0.542416 0.287095
vt 0.286039 0.178348
vt 0.342746 0.069325
vt 0.019950 0.196310
vt 0.019685 0.187192
vt 0.022165 0.331902
vt 0.041624 0.340217
vt 0.248349 0.173101
vt 0.050345 0.347885
vt 0.055868 0.351243
vt 0.025411 0.300897
vt 0.022863 0.301804
vt 0.294464 0.091865
vt 0.190945 0.369557
vt 0.038345 0.030148
vt 0.188769 0.373806
vt 0.028901 0.034773
vt 0.340498 0.299863
vt 0.341391 0.299259
vt 0.184904 0.369245
vt 0.174182 0.210806
vt 0.175431 0.212962
vt 0.265192 0.338348
vt 0.017257 0.247048
vt 0.376382 0.402006
vt 0.020652 0.230415
vt 0.100358 0.356282
vt 0.103116 0.354324
vt 0.299726 0.177535
vt 0.019777 0.197620
vt 0.020304 0.193586
vt 0.278317 0.584596
vt 0.277984 0.584011
vt 0.278317 0.583599
vt 0.034641 0.336503
vt 0.253591 0.172714
vt 0.049632 0.345119
vt 0.054716 0.347420
vt 0.044966 0.012857
vt 0.296696 0.087469
vt 0.183158 0.370318
vt 0.276006 0.338538
vt 0.178735 0.211228
vt 0.027745 0.042456
vt 0.026005 0.045257
vt 0.267854 0.337266
vt 0.018642 0.254118
vt 0.019586 0.251482
vt 0.115437 0.351887
vt 0.019928 0.226683
vt 0.105650 0.349618
vt 0.017580 0.217649
vt 0.442023 0.230920
vt 0.017992 0.191109
vt 0.024076 0.330737
vt 0.033339 0.721588
vt 0.033038 0.722058
vt 0.033038 0.721191
vt 0.271725 0.176529
vt 0.235885 0.168987
vt 0.075650 0.362726
vt 0.046048 0.013896
vt 0.046360 0.019677
vt 0.196208 0.367626
vt 0.174225 0.209766
vt 0.019542 0.257325
vt 0.141068 0.349085
vt 0.018301 0.226490
vt 0.277994 0.176677
vt 0.015985 0.188907
vt 0.238182 0.167921
vt 0.064559 0.353526
vt 0.067502 0.356124
vt 0.058144 0.347452
vt 0.242669 0.086997
vt 0.289963 0.089324
vt 0.045520 0.025496
vt 0.034653 0.035030
vt 0.018306 0.263397
vt 0.017604 0.262963
vt 0.019278 0.259741
vt 0.263314 0.335435
vt 0.016583 0.244267
vt 0.385716 0.402208
vt 0.020935 0.077822
vt 0.022271 0.080147
vt 0.020737 0.079663
vt 0.378997 0.404013
vt 0.375341 0.405794
vt 0.471589 0.069813
vt 0.471444 0.068640
vt 0.472876 0.068975
vt 0.470473 0.070730
vt 0.469312 0.068878
vt 0.015743 0.221306
vt 0.017246 0.105154
vt 0.018174 0.109015
vt 0.019032 0.120706
vt 0.017708 0.121178
vt 0.393790 0.481996
vt 0.392971 0.484796
vt 0.392440 0.483229
vt 0.026489 0.331419
vt 0.024239 0.332557
vt 0.469731 0.265604
vt 0.471355 0.266155
vt 0.470820 0.269266
vt 0.469928 0.268451
vt 0.029511 0.332444
vt 0.016695 0.143857
vt 0.015014 0.142910
vt 0.014560 0.141413
vt 0.071614 0.356427
vt 0.044401 0.028915
vt 0.029465 0.038103
vt 0.276119 0.337505
vt 0.016853 0.264214
vt 0.016495 0.257530
vt 0.145663 0.346030
vt 0.147054 0.347218
vt 0.142915 0.345824
vt 0.123038 0.349670
vt 0.472854 0.070967
vt 0.442771 0.231468
vt 0.018427 0.186087
vt 0.471963 0.268667
vt 0.016574 0.142025
vt 0.260759 0.171731
vt 0.040239 0.337938
vt 0.059380 0.351476
vt 0.062789 0.348826
vt 0.059082 0.349129
vt 0.042033 0.031356
vt 0.040465 0.032747
vt 0.189518 0.366281
vt 0.174454 0.207490
vt 0.266872 0.333288
vt 0.015944 0.250603
vt 0.130034 0.347314
vt 0.020222 0.065252
vt 0.022261 0.068508
vt 0.018633 0.069864
vt 0.019394 0.228070
vt 0.018063 0.228692
vt 0.016190 0.224792
vt 0.018521 0.100558
vt 0.026613 0.329889
vt 0.032272 0.331632
vt 0.268661 0.173827
vt 0.018045 0.142851
vt 0.038526 0.335875
vt 0.256764 0.172144
vt 0.247435 0.166950
vt 0.075096 0.357442
vt 0.283022 0.092165
vt 0.295735 0.090649
vt 0.050221 0.027436
vt 0.173244 0.209558
vt 0.171975 0.207432
vt 0.031103 0.041263
vt 0.275738 0.334714
vt 0.028864 0.045808
vt 0.027150 0.047066
vt 0.135119 0.345345
vt 0.020479 0.070860
vt 0.382063 0.404599
vt 0.022782 0.076479
vt 0.023749 0.078912
vt 0.022568 0.082309
vt 0.024978 0.084137
vt 0.022190 0.083261
vt 0.375842 0.406692
vt 0.017414 0.097513
vt 0.018161 0.197452
vt 0.017568 0.195938
vt 0.017038 0.186301
vt 0.017654 0.185477
vt 0.025378 0.330077
vt 0.471270 0.270614
vt 0.249270 0.169969
vt 0.047914 0.341232
vt 0.055468 0.346212
vt 0.052433 0.343820
vt 0.291937 0.092003
vt 0.015700 0.258928
vt 0.014772 0.253197
vt 0.014930 0.248692
vt 0.126030 0.345840
vt 0.377053 0.406352
vt 0.025292 0.082648
vt 0.109130 0.346332
vt 0.016626 0.227910
vt 0.015613 0.219832
vt 0.016200 0.095084
vt 0.018462 0.095215
vt 0.015222 0.096529
vt 0.310064 0.175600
vt 0.311341 0.169605
vt 0.020184 0.115168
vt 0.288180 0.173595
vt 0.018981 0.122677
vt 0.017908 0.122726
vt 0.016448 0.187179
vt 0.273403 0.174225
vt 0.033702 0.334730
vt 0.035467 0.332499
vt 0.035861 0.334956
vt 0.038079 0.334837
vt 0.471677 0.403448
vt 0.470204 0.405366
vt 0.469558 0.402354
vt 0.236479 0.164375
vt 0.019611 0.303063
vt 0.020389 0.303406
vt 0.100483 0.583655
vt 0.100477 0.584106
vt 0.099860 0.583599
vt 0.099860 0.584252
vt 0.048771 0.015648
vt 0.039449 0.039800
vt 0.180591 0.370532
vt 0.180675 0.364298
vt 0.174296 0.205547
vt 0.275345 0.332915
vt 0.271272 0.332112
vt 0.262419 0.330916
vt 0.385051 0.405059
vt 0.471506 0.073158
vt 0.470217 0.071928
vt 0.020727 0.105014
vt 0.308501 0.170936
vt 0.015380 0.193583
vt 0.015032 0.192232
vt 0.020163 0.143347
vt 0.018780 0.145263
vt 0.237014 0.161868
vt 0.373856 0.308124
vt 0.375306 0.309288
vt 0.373978 0.310735
vt 0.285829 0.093463
vt 0.276009 0.333366
vt 0.182238 0.364593
vt 0.170384 0.205907
vt 0.014896 0.258712
vt 0.015068 0.260513
vt 0.118096 0.344885
vt 0.024799 0.080989
vt 0.377992 0.406538
vt 0.016981 0.230358
vt 0.017470 0.230961
vt 0.107777 0.482934
vt 0.106393 0.481719
vt 0.107198 0.481837
vt 0.013626 0.222669
vt 0.011765 0.133870
vt 0.011727 0.132345
vt 0.014375 0.134416
vt 0.029829 0.330416
vt 0.265833 0.170130
vt 0.037188 0.333922
vt 0.255181 0.167690
vt 0.041203 0.335191
vt 0.044011 0.337099
vt 0.375090 0.312472
vt 0.050800 0.017425
vt 0.287762 0.094575
vt 0.051966 0.023682
vt 0.195103 0.363843
vt 0.040437 0.036878
vt 0.043694 0.035483
vt 0.035625 0.040092
vt 0.184213 0.363632
vt 0.030305 0.051528
vt 0.148689 0.340972
vt 0.149813 0.343035
vt 0.022729 0.063431
vt 0.381627 0.407144
vt 0.374198 0.408590
vt 0.373668 0.407905
vt 0.015388 0.230044
vt 0.021995 0.108543
vt 0.021801 0.121789
vt 0.014940 0.198876
vt 0.282062 0.173309
vt 0.277440 0.173390
vt 0.015197 0.190688
vt 0.013409 0.132634
vt 0.030252 0.327461
vt 0.033999 0.329943
vt 0.020454 0.145409
vt 0.051059 0.340090
vt 0.055261 0.344493
vt 0.239471 0.160021
vt 0.072229 0.351625
vt 0.471786 0.405459
vt 0.394714 0.437997
vt 0.395667 0.439059
vt 0.392994 0.439984
vt 0.374404 0.313807
vt 0.049791 0.030899
vt 0.048626 0.033328
vt 0.168525 0.204421
vt 0.169686 0.205795
vt 0.023375 0.071402
vt 0.025904 0.076570
vt 0.016088 0.232304
vt 0.107816 0.486027
vt 0.106647 0.484042
vt 0.013053 0.130083
vt 0.015080 0.129037
vt 0.028660 0.328203
vt 0.032272 0.327397
vt 0.037732 0.332732
vt 0.046770 0.333756
vt 0.057842 0.344138
vt 0.396369 0.440845
vt 0.394447 0.443063
vt 0.470686 0.406949
vt 0.520018 0.391672
vt 0.519456 0.391819
vt 0.520475 0.391020
vt 0.246055 0.100581
vt 0.243113 0.096568
vt 0.197060 0.364009
vt 0.275373 0.331172
vt 0.275914 0.331612
vt 0.170187 0.203398
vt 0.034081 0.044807
vt 0.265775 0.328520
vt 0.144915 0.342095
vt 0.023870 0.057795
vt 0.026231 0.056971
vt 0.129732 0.344129
vt 0.113572 0.345909
vt 0.014915 0.227630
vt 0.013041 0.226167
vt 0.310928 0.167045
vt 0.024305 0.101910
vt 0.022477 0.123627
vt 0.044275 0.334000
vt 0.052438 0.337744
vt 0.395454 0.444872
vt 0.067365 0.346972
vt 0.015310 0.302680
vt 0.016850 0.302538
vt 0.376719 0.309075
vt 0.378229 0.309320
vt 0.017494 0.302434
vt 0.052797 0.019888
vt 0.188395 0.361988
vt 0.274619 0.328470
vt 0.269887 0.328625
vt 0.025810 0.063539
vt 0.136125 0.341152
vt 0.026391 0.072769
vt 0.029256 0.079368
vt 0.028414 0.081155
vt 0.028564 0.084758
vt 0.026889 0.085748
vt 0.106751 0.486988
vt 0.022604 0.096516
vt 0.021280 0.094000
vt 0.024381 0.099077
vt 0.307272 0.166609
vt 0.026004 0.105532
vt 0.291982 0.169248
vt 0.013504 0.195752
vt 0.016894 0.133474
vt 0.275110 0.170924
vt 0.270064 0.170312
vt 0.037514 0.330970
vt 0.261439 0.167481
vt 0.042207 0.333232
vt 0.253685 0.165024
vt 0.245002 0.162048
vt 0.062236 0.346788
vt 0.063840 0.346601
vt 0.075566 0.353395
vt 0.375290 0.315468
vt 0.275685 0.330872
vt 0.275569 0.328376
vt 0.121192 0.341482
vt 0.012986 0.233702
vt 0.296593 0.168712
vt 0.025620 0.114978
vt 0.018421 0.130939
vt 0.040149 0.331877
vt 0.039256 0.332827
vt 0.022971 0.143143
vt 0.024160 0.145256
vt 0.021693 0.146511
vt 0.022818 0.146443
vt 0.249557 0.163545
vt 0.057681 0.341192
vt 0.274225 0.096961
vt 0.241265 0.093682
vt 0.378220 0.308683
vt 0.379811 0.309176
vt 0.052597 0.018200
vt 0.290476 0.098390
vt 0.048478 0.038051
vt 0.045059 0.041167
vt 0.180561 0.358457
vt 0.263182 0.327619
vt 0.028068 0.061358
vt 0.026019 0.068154
vt 0.014371 0.234318
vt 0.107526 0.488258
vt 0.013761 0.230323
vt 0.017441 0.126620
vt 0.018946 0.127859
vt 0.015963 0.126971
vt 0.017552 0.135581
vt 0.015260 0.135407
vt 0.379665 0.310041
vt 0.378077 0.313368
vt 0.054560 0.019132
vt 0.053931 0.032625
vt 0.182492 0.358793
vt 0.271623 0.327118
vt 0.039260 0.044257
vt 0.266530 0.327270
vt 0.034175 0.051868
vt 0.152178 0.337406
vt 0.154492 0.338833
vt 0.029704 0.057375
vt 0.145834 0.338778
vt 0.125100 0.342025
vt 0.106259 0.345162
vt 0.303327 0.162533
vt 0.025986 0.123236
vt 0.280408 0.169650
vt 0.266627 0.167778
vt 0.039264 0.328694
vt 0.044550 0.332646
vt 0.074959 0.349950
vt 0.283085 0.100266
vt 0.377814 0.317252
vt 0.288580 0.098665
vt 0.291984 0.098598
vt 0.195633 0.358720
vt 0.056179 0.030705
vt 0.052813 0.036228
vt 0.184298 0.358671
vt 0.275305 0.327401
vt 0.166108 0.200449
vt 0.166239 0.202354
vt 0.168190 0.200678
vt 0.274412 0.326265
vt 0.085565 0.042214
vt 0.086174 0.043373
vt 0.084521 0.045512
vt 0.030655 0.083474
vt 0.031750 0.082237
vt 0.011860 0.228012
vt 0.025200 0.093218
vt 0.286776 0.168018
vt 0.011812 0.198126
vt 0.012438 0.194991
vt 0.270665 0.168273
vt 0.016562 0.136382
vt 0.026384 0.143795
vt 0.025423 0.146861
vt 0.242913 0.158319
vt 0.375915 0.318821
vt 0.057939 0.021410
vt 0.056607 0.025825
vt 0.186440 0.359878
vt 0.163761 0.200563
vt 0.164690 0.201690
vt 0.163643 0.201060
vt 0.085918 0.049954
vt 0.081521 0.049670
vt 0.130178 0.339242
vt 0.028882 0.069927
vt 0.031129 0.077996
vt 0.012668 0.236999
vt 0.116121 0.341999
vt 0.109426 0.342861
vt 0.027247 0.090877
vt 0.026317 0.095097
vt 0.028366 0.111873
vt 0.025783 0.124341
vt 0.020448 0.130210
vt 0.019494 0.134927
vt 0.035041 0.327096
vt 0.250821 0.159981
vt 0.237373 0.157563
vt 0.071991 0.347850
vt 0.242147 0.096470
vt 0.380962 0.310975
vt 0.191922 0.358895
vt 0.179297 0.359742
vt 0.083444 0.041198
vt 0.084346 0.054990
vt 0.085240 0.052137
vt 0.029652 0.066107
vt 0.029303 0.074365
vt 0.011655 0.236022
vt 0.309596 0.163870
vt 0.030752 0.102924
vt 0.277429 0.167193
vt 0.020293 0.133209
vt 0.273992 0.166356
vt 0.041853 0.330265
vt 0.025531 0.142094
vt 0.261332 0.164874
vt 0.254014 0.162430
vt 0.027308 0.146469
vt 0.052137 0.334869
vt 0.061092 0.339560
vt 0.067993 0.343977
vt 0.380853 0.312982
vt 0.379511 0.316070
vt 0.377155 0.322422
vt 0.057107 0.033856
vt 0.161719 0.199543
vt 0.162835 0.200528
vt 0.161267 0.198013
vt 0.084586 0.039204
vt 0.086240 0.039539
vt 0.056455 0.039296
vt 0.046553 0.047687
vt 0.041583 0.045225
vt 0.149645 0.335988
vt 0.032346 0.059311
vt 0.136870 0.337879
vt 0.811386 0.303046
vt 0.811853 0.303277
vt 0.811386 0.303593
vt 0.020860 0.126668
vt 0.024121 0.126484
vt 0.020984 0.137791
vt 0.022517 0.140181
vt 0.029548 0.144779
vt 0.047870 0.333284
vt 0.027748 0.147714
vt 0.277787 0.100248
vt 0.285757 0.100429
vt 0.376043 0.322643
vt 0.375497 0.321861
vt 0.059713 0.027550
vt 0.194465 0.356964
vt 0.084796 0.038519
vt 0.081702 0.039304
vt 0.163316 0.197163
vt 0.079912 0.044569
vt 0.040401 0.051711
vt 0.036714 0.053615
vt 0.081040 0.057253
vt 0.032781 0.074986
vt 0.034058 0.082528
vt 0.030881 0.085699
vt 0.011032 0.232790
vt 0.029047 0.091500
vt 0.029794 0.098374
vt 0.311510 0.164392
vt 0.028749 0.124159
vt 0.227488 0.482610
vt 0.227860 0.485203
vt 0.226387 0.484635
vt 0.011284 0.199694
vt 0.022352 0.135027
vt 0.266849 0.164552
vt 0.023947 0.139660
vt 0.023560 0.137638
vt 0.030085 0.143141
vt 0.071076 0.342292
vt 0.074915 0.346488
vt 0.052947 0.014405
vt 0.049337 0.013976
vt 0.050579 0.013831
vt 0.050367 0.014646
vt 0.060345 0.022528
vt 0.191577 0.356588
vt 0.186289 0.357348
vt 0.059834 0.037734
vt 0.160785 0.199279
vt 0.159172 0.198479
vt 0.083603 0.037951
vt 0.079307 0.037540
vt 0.168477 0.199948
vt 0.164980 0.197389
vt 0.076053 0.036954
vt 0.054096 0.042623
vt 0.147046 0.334742
vt 0.128328 0.337338
vt 0.123029 0.337937
vt 0.114410 0.339831
vt 0.031339 0.106830
vt 0.028323 0.124947
vt 0.284004 0.165622
vt 0.024230 0.129335
vt 0.025344 0.133447
vt 0.270471 0.164959
vt 0.032822 0.145879
vt 0.033674 0.147758
vt 0.241793 0.154158
vt 0.380560 0.315655
vt 0.375551 0.325752
vt 0.083229 0.037407
vt 0.081914 0.037148
vt 0.077610 0.036462
vt 0.057506 0.042202
vt 0.154707 0.333570
vt 0.154542 0.331221
vt 0.034600 0.066030
vt 0.033220 0.086292
vt 0.030386 0.093052
vt 0.306670 0.161810
vt 0.029843 0.118492
vt 0.032292 0.122144
vt 0.030878 0.124753
vt 0.024276 0.125629
vt 0.026732 0.125778
vt 0.025701 0.136541
vt 0.261179 0.161196
vt 0.247341 0.155473
vt 0.256072 0.157517
vt 0.065419 0.339903
vt 0.237571 0.155252
vt 0.244483 0.098377
vt 0.275523 0.103834
vt 0.271503 0.103029
vt 0.057370 0.018188
vt 0.055495 0.017586
vt 0.059241 0.020918
vt 0.062786 0.024540
vt 0.156914 0.197538
vt 0.155792 0.197667
vt 0.154234 0.197073
vt 0.078925 0.034934
vt 0.080495 0.035982
vt 0.179499 0.354512
vt 0.158924 0.195255
vt 0.035562 0.060141
vt 0.033320 0.070622
vt 0.119108 0.337274
vt 0.035473 0.083862
vt 0.033795 0.114414
vt 0.296906 0.162242
vt 0.220157 0.438422
vt 0.219611 0.439213
vt 0.219667 0.437831
vt 0.026747 0.127211
vt 0.028139 0.130311
vt 0.027196 0.133637
vt 0.027412 0.138957
vt 0.055718 0.335385
vt 0.058402 0.016253
vt 0.376932 0.325893
vt 0.374882 0.327986
vt 0.062789 0.030032
vt 0.182971 0.353878
vt 0.077110 0.034959
vt 0.074852 0.034684
vt 0.153647 0.195188
vt 0.076584 0.047284
vt 0.075588 0.042585
vt 0.049352 0.048511
vt 0.077241 0.052709
vt 0.138809 0.332984
vt 0.036773 0.080122
vt 0.108274 0.338853
vt 0.034634 0.095126
vt 0.107365 0.341821
vt 0.308320 0.160475
vt 0.034553 0.123992
vt 0.218219 0.438575
vt 0.218150 0.438029
vt 0.026386 0.128920
vt 0.281817 0.161850
vt 0.027952 0.135626
vt 0.267307 0.158121
vt 0.034361 0.142289
vt 0.038914 0.147045
vt 0.043998 0.147131
vt 0.043001 0.149059
vt 0.410053 0.383305
vt 0.409836 0.383971
vt 0.409534 0.382522
vt 0.012253 0.437746
vt 0.012721 0.442562
vt 0.011167 0.437996
vt 0.279974 0.103164
vt 0.062641 0.017953
vt 0.062355 0.022205
vt 0.289365 0.101724
vt 0.195239 0.353644
vt 0.065112 0.026486
vt 0.065559 0.030780
vt 0.072056 0.032104
vt 0.072678 0.034577
vt 0.070079 0.031503
vt 0.075969 0.033476
vt 0.151893 0.196078
vt 0.072291 0.037755
vt 0.064899 0.040044
vt 0.063111 0.044134
vt 0.044114 0.052107
vt 0.039928 0.056919
vt 0.038329 0.077208
vt 0.131552 0.333360
vt 0.036358 0.085880
vt 0.035144 0.088635
vt 0.304433 0.160154
vt 0.033582 0.118531
vt 0.029037 0.126276
vt 0.270385 0.159878
vt 0.028605 0.136893
vt 0.284124 0.106223
vt 0.374437 0.331199
vt 0.068604 0.029563
vt 0.067938 0.033079
vt 0.074817 0.031622
vt 0.186538 0.351782
vt 0.077150 0.032983
vt 0.179258 0.351588
vt 0.178268 0.353611
vt 0.063216 0.047327
vt 0.063120 0.049584
vt 0.038875 0.061364
vt 0.040332 0.085637
vt 0.113813 0.335113
vt 0.039171 0.102081
vt 0.040426 0.109500
vt 0.291145 0.160078
vt 0.218202 0.440302
vt 0.217298 0.439718
vt 0.029833 0.128059
vt 0.029491 0.131034
vt 0.028649 0.133477
vt 0.444561 0.283312
vt 0.444263 0.284320
vt 0.443453 0.283081
vt 0.035529 0.140122
vt 0.061133 0.336678
vt 0.013884 0.438968
vt 0.065377 0.020330
vt 0.282737 0.106090
vt 0.066925 0.024579
vt 0.189994 0.352178
vt 0.071107 0.029371
vt 0.150262 0.193918
vt 0.148917 0.195318
vt 0.071623 0.043403
vt 0.074488 0.046885
vt 0.066837 0.046978
vt 0.057527 0.048164
vt 0.049017 0.052807
vt 0.076409 0.055486
vt 0.044932 0.055936
vt 0.147307 0.330826
vt 0.151292 0.330514
vt 0.123191 0.335415
vt 0.039456 0.087608
vt 0.038602 0.100516
vt 0.302049 0.158293
vt 0.033349 0.124882
vt 0.032048 0.125417
vt 0.030850 0.126345
vt 0.261629 0.156428
vt 0.368292 0.438402
vt 0.370017 0.439189
vt 0.367837 0.440636
vt 0.048378 0.148589
vt 0.046874 0.149134
vt 0.239855 0.152464
vt 0.242618 0.149519
vt 0.410180 0.381316
vt 0.014170 0.437790
vt 0.013553 0.442770
vt 0.013369 0.445287
vt 0.196089 0.348843
vt 0.196869 0.354241
vt 0.073568 0.029139
vt 0.075683 0.031088
vt 0.146579 0.194288
vt 0.146788 0.195009
vt 0.471515 0.152060
vt 0.471562 0.156533
vt 0.469580 0.154512
vt 0.470584 0.151939
vt 0.470980 0.151638
vt 0.178187 0.349902
vt 0.158142 0.193455
vt 0.068735 0.048758
vt 0.054540 0.053156
vt 0.042304 0.068036
vt 0.044054 0.060917
vt 0.042752 0.079072
vt 0.126916 0.333368
vt 0.040898 0.082559
vt 0.104118 0.338451
vt 0.107274 0.335891
vt 0.105501 0.339377
vt 0.035008 0.122495
vt 0.031361 0.128166
vt 0.271096 0.154963
vt 0.443081 0.287582
vt 0.444526 0.288118
vt 0.369656 0.444018
vt 0.037687 0.438387
vt 0.037459 0.437628
vt 0.038649 0.438782
vt 0.037215 0.441137
vt 0.037574 0.439811
vt 0.013896 0.446273
vt 0.013556 0.449833
vt 0.280497 0.105442
vt 0.068770 0.023677
vt 0.070795 0.025942
vt 0.193748 0.348310
vt 0.072189 0.026771
vt 0.073302 0.027961
vt 0.142531 0.193904
vt 0.143557 0.194385
vt 0.152722 0.193210
vt 0.072745 0.051564
vt 0.073279 0.054194
vt 0.075608 0.060763
vt 0.080339 0.060577
vt 0.136443 0.330057
vt 0.121410 0.333844
vt 0.298499 0.157418
vt 0.036768 0.117704
vt 0.036046 0.121350
vt 0.441976 0.286556
vt 0.261116 0.152488
vt 0.041874 0.143382
vt 0.047640 0.144136
vt 0.247292 0.151201
vt 0.299020 0.484277
vt 0.296973 0.484117
vt 0.297960 0.482203
vt 0.052963 0.147742
vt 0.051581 0.150075
vt 0.410908 0.379728
vt 0.037726 0.437250
vt 0.038686 0.437469
vt 0.411576 0.380020
vt 0.036343 0.445971
vt 0.039028 0.441525
vt 0.038876 0.445053
vt 0.036797 0.449286
vt 0.014268 0.450234
vt 0.014092 0.453004
vt 0.013407 0.454396
vt 0.013900 0.455759
vt 0.299393 0.653293
vt 0.299393 0.652636
vt 0.299970 0.652890
vt 0.070071 0.024394
vt 0.138375 0.193984
vt 0.139071 0.193309
vt 0.140101 0.193978
vt 0.144641 0.192669
vt 0.277494 0.629554
vt 0.277494 0.630482
vt 0.277164 0.629989
vt 0.154251 0.192146
vt 0.061611 0.053739
vt 0.066659 0.052901
vt 0.051673 0.058022
vt 0.042840 0.091901
vt 0.102772 0.337429
vt 0.104222 0.335479
vt 0.217104 0.441847
vt 0.218882 0.441690
vt 0.216449 0.442173
vt 0.444311 0.289330
vt 0.030857 0.133508
vt 0.370907 0.442612
vt 0.038835 0.140180
vt 0.050333 0.146090
vt 0.055699 0.149262
vt 0.117576 0.193138
vt 0.118982 0.192479
vt 0.119036 0.193607
vt 0.122108 0.192921
vt 0.038957 0.449691
vt 0.036866 0.452714
vt 0.038198 0.453649
vt 0.037021 0.455660
vt 0.037657 0.456770
vt 0.140382 0.192112
vt 0.181475 0.350047
vt 0.183057 0.347423
vt 0.149575 0.191241
vt 0.058545 0.054715
vt 0.071832 0.057715
vt 0.078516 0.066117
vt 0.080728 0.064257
vt 0.046846 0.094233
vt 0.043772 0.105371
vt 0.219433 0.443078
vt 0.217641 0.443611
vt 0.216112 0.440933
vt 0.352479 0.511513
vt 0.352530 0.512969
vt 0.351861 0.511975
vt 0.351645 0.512861
vt 0.033004 0.130373
vt 0.032977 0.128529
vt 0.251885 0.148751
vt 0.117785 0.191357
vt 0.124966 0.191851
vt 0.125650 0.192541
vt 0.038738 0.454875
vt 0.191920 0.348364
vt 0.136840 0.191732
vt 0.187210 0.348113
vt 0.144485 0.191471
vt 0.064567 0.054699
vt 0.048364 0.067504
vt 0.046329 0.076197
vt 0.098335 0.085394
vt 0.099316 0.082869
vt 0.101120 0.086721
vt 0.045162 0.087727
vt 0.114369 0.331541
vt 0.110007 0.333096
vt 0.219727 0.445928
vt 0.218303 0.445053
vt 0.220037 0.444695
vt 0.032963 0.126313
vt 0.034248 0.127926
vt 0.274287 0.153771
vt 0.442860 0.289040
vt 0.031598 0.135172
vt 0.268322 0.152627
vt 0.030308 0.135963
vt 0.031340 0.137228
vt 0.241300 0.148470
vt 0.242128 0.147187
vt 0.244680 0.108535
vt 0.244364 0.104446
vt 0.411550 0.377628
vt 0.117119 0.190791
vt 0.121003 0.190409
vt 0.130471 0.192102
vt 0.131070 0.191179
vt 0.133581 0.192074
vt 0.378737 0.238610
vt 0.376958 0.239865
vt 0.375994 0.236818
vt 0.374756 0.238464
vt 0.375908 0.233774
vt 0.373913 0.235148
vt 0.056039 0.058380
vt 0.067653 0.056449
vt 0.050665 0.064814
vt 0.151990 0.326479
vt 0.142346 0.328212
vt 0.148425 0.327213
vt 0.050449 0.073345
vt 0.128755 0.330438
vt 0.100414 0.089198
vt 0.101523 0.095841
vt 0.050286 0.096189
vt 0.302976 0.156329
vt 0.301331 0.155827
vt 0.036565 0.123331
vt 0.284451 0.155253
vt 0.036874 0.128497
vt 0.067814 0.336310
vt 0.065698 0.334706
vt 0.065196 0.332260
vt 0.244517 0.146593
vt 0.070729 0.336039
vt 0.072738 0.338903
vt 0.273985 0.109619
vt 0.136817 0.190253
vt 0.143596 0.190037
vt 0.338060 0.355134
vt 0.339987 0.358448
vt 0.336975 0.355394
vt 0.337990 0.357416
vt 0.337515 0.354144
vt 0.340098 0.360222
vt 0.057905 0.056724
vt 0.341579 0.362986
vt 0.340562 0.362820
vt 0.340977 0.365342
vt 0.342247 0.365843
vt 0.073362 0.062648
vt 0.055645 0.065252
vt 0.050236 0.068177
vt 0.134415 0.329068
vt 0.048081 0.083145
vt 0.126509 0.331498
vt 0.039971 0.114648
vt 0.039351 0.120077
vt 0.036006 0.125504
vt 0.032790 0.125553
vt 0.034929 0.124846
vt 0.038074 0.127087
vt 0.441981 0.289139
vt 0.037707 0.137744
vt 0.060904 0.331225
vt 0.249046 0.147054
vt 0.278688 0.109874
vt 0.131678 0.189953
vt 0.144432 0.188436
vt 0.148814 0.189416
vt 0.338790 0.360048
vt 0.060051 0.055972
vt 0.060130 0.055290
vt 0.057458 0.061092
vt 0.342041 0.368428
vt 0.054960 0.067662
vt 0.096740 0.095661
vt 0.046488 0.099820
vt 0.109223 0.330269
vt 0.297972 0.152755
vt 0.041446 0.116266
vt 0.294011 0.152535
vt 0.217098 0.444729
vt 0.217564 0.445785
vt 0.038083 0.124336
vt 0.039000 0.125829
vt 0.038096 0.130275
vt 0.033608 0.131621
vt 0.033564 0.133302
vt 0.037429 0.135603
vt 0.053999 0.327076
vt 0.056554 0.326489
vt 0.057025 0.329561
vt 0.060091 0.327257
vt 0.067844 0.332466
vt 0.410799 0.376051
vt 0.187469 0.345185
vt 0.374284 0.231766
vt 0.497333 0.275471
vt 0.496269 0.276288
vt 0.495847 0.274308
vt 0.060643 0.057653
vt 0.057571 0.066597
vt 0.077372 0.069162
vt 0.056324 0.067700
vt 0.058528 0.068470
vt 0.061151 0.069946
vt 0.059398 0.070082
vt 0.061336 0.071482
vt 0.055624 0.071302
vt 0.061112 0.074643
vt 0.091360 0.074972
vt 0.087098 0.075974
vt 0.087256 0.072446
vt 0.092096 0.077961
vt 0.051865 0.080145
vt 0.099426 0.095384
vt 0.049210 0.088386
vt 0.219302 0.448760
vt 0.037360 0.123847
vt 0.042827 0.139512
vt 0.263653 0.150537
vt 0.059191 0.145097
vt 0.062813 0.146041
vt 0.059945 0.146922
vt 0.269845 0.118343
vt 0.118507 0.186669
vt 0.279711 0.109950
vt 0.196602 0.344183
vt 0.196689 0.347060
vt 0.126838 0.188150
vt 0.133756 0.188087
vt 0.180602 0.345248
vt 0.335666 0.356646
vt 0.335808 0.358758
vt 0.339916 0.365739
vt 0.340730 0.368865
vt 0.343325 0.371697
vt 0.342423 0.373315
vt 0.060047 0.066773
vt 0.075646 0.066899
vt 0.060314 0.068107
vt 0.080546 0.070197
vt 0.470516 0.318676
vt 0.471106 0.319071
vt 0.469706 0.320347
vt 0.149019 0.513282
vt 0.148611 0.511462
vt 0.148902 0.511114
vt 0.058470 0.071567
vt 0.082047 0.074486
vt 0.148465 0.514422
vt 0.148479 0.512970
vt 0.054638 0.076016
vt 0.094971 0.089411
vt 0.301629 0.151883
vt 0.043315 0.110839
vt 0.040424 0.123458
vt 0.040706 0.127961
vt 0.038749 0.132703
vt 0.269641 0.150346
vt 0.254338 0.146713
vt 0.063749 0.327811
vt 0.245600 0.112595
vt 0.410310 0.371034
vt 0.495970 0.302714
vt 0.495366 0.301137
vt 0.495885 0.298699
vt 0.276495 0.110694
vt 0.195692 0.342032
vt 0.193697 0.344130
vt 0.137722 0.187106
vt 0.375603 0.228250
vt 0.337628 0.365047
vt 0.060428 0.061447
vt 0.471911 0.321138
vt 0.058014 0.075766
vt 0.059359 0.075414
vt 0.057074 0.080031
vt 0.091173 0.081609
vt 0.095291 0.082365
vt 0.055341 0.088489
vt 0.052164 0.091971
vt 0.099660 0.101392
vt 0.048990 0.102522
vt 0.101941 0.107209
vt 0.102771 0.104866
vt 0.104196 0.106448
vt 0.299389 0.151099
vt 0.285084 0.151245
vt 0.041164 0.119719
vt 0.279492 0.151752
vt 0.042541 0.125004
vt 0.062431 0.143069
vt 0.123198 0.186238
vt 0.184452 0.342396
vt 0.145533 0.187782
vt 0.336423 0.362711
vt 0.061998 0.064852
vt 0.340269 0.372923
vt 0.471843 0.319030
vt 0.079330 0.073562
vt 0.064312 0.071994
vt 0.064436 0.073510
vt 0.062265 0.076773
vt 0.061286 0.077087
vt 0.059027 0.078072
vt 0.061350 0.079536
vt 0.092597 0.085070
vt 0.292515 0.149379
vt 0.045583 0.110965
vt 0.272912 0.150074
vt 0.045455 0.137878
vt 0.067614 0.140370
vt 0.069046 0.143638
vt 0.190303 0.342688
vt 0.141416 0.187083
vt 0.376890 0.234393
vt 0.379260 0.233602
vt 0.062817 0.055421
vt 0.064281 0.057090
vt 0.337653 0.369448
vt 0.339321 0.371894
vt 0.062504 0.067294
vt 0.472423 0.320036
vt 0.470891 0.323649
vt 0.084390 0.080196
vt 0.058050 0.082248
vt 0.060664 0.082072
vt 0.058574 0.089155
vt 0.055094 0.093880
vt 0.101743 0.111945
vt 0.098749 0.110807
vt 0.283181 0.148394
vt 0.089768 0.135112
vt 0.084768 0.138767
vt 0.081449 0.136423
vt 0.072686 0.142109
vt 0.047231 0.139895
vt 0.374332 0.266030
vt 0.374095 0.263121
vt 0.376983 0.267349
vt 0.271528 0.113896
vt 0.126364 0.185171
vt 0.130966 0.184626
vt 0.383883 0.231735
vt 0.380059 0.229745
vt 0.335148 0.362319
vt 0.334549 0.359331
vt 0.066244 0.056037
vt 0.064672 0.055012
vt 0.063874 0.060767
vt 0.066731 0.058926
vt 0.062790 0.063014
vt 0.340140 0.377118
vt 0.343672 0.375937
vt 0.340601 0.379860
vt 0.063797 0.080077
vt 0.091030 0.088116
vt 0.055430 0.098274
vt 0.051131 0.103654
vt 0.045535 0.114497
vt 0.276140 0.148090
vt 0.044212 0.130251
vt 0.089920 0.132500
vt 0.049549 0.135383
vt 0.072836 0.138900
vt 0.051622 0.140266
vt 0.064522 0.141449
vt 0.409992 0.374245
vt 0.409835 0.371853
vt 0.187826 0.339895
vt 0.373785 0.222392
vt 0.375205 0.221134
vt 0.065424 0.062316
vt 0.064171 0.063991
vt 0.062268 0.068460
vt 0.064559 0.069699
vt 0.472066 0.322948
vt 0.343050 0.379720
vt 0.080012 0.077394
vt 0.064542 0.077994
vt 0.462213 0.481482
vt 0.464027 0.482530
vt 0.462643 0.483650
vt 0.094760 0.101461
vt 0.096509 0.103004
vt 0.097783 0.106883
vt 0.051352 0.107971
vt 0.098370 0.113739
vt 0.050468 0.114588
vt 0.287448 0.146820
vt 0.095448 0.118301
vt 0.098171 0.120973
vt 0.096815 0.120934
vt 0.046546 0.120410
vt 0.272481 0.148023
vt 0.055270 0.139428
vt 0.057974 0.143356
vt 0.055154 0.143167
vt 0.120240 0.183140
vt 0.195173 0.340048
vt 0.129798 0.182861
vt 0.135086 0.184571
vt 0.376946 0.224844
vt 0.335621 0.366886
vt 0.066564 0.065171
vt 0.066032 0.067614
vt 0.066341 0.071873
vt 0.063045 0.084411
vt 0.092000 0.097949
vt 0.588127 0.465663
vt 0.587766 0.466404
vt 0.587580 0.465663
vt 0.085341 0.130363
vt 0.080555 0.131277
vt 0.050774 0.137813
vt 0.376573 0.270645
vt 0.122596 0.183178
vt 0.193463 0.339315
vt 0.334499 0.364301
vt 0.334178 0.362122
vt 0.068101 0.060854
vt 0.337472 0.373073
vt 0.338860 0.375663
vt 0.375344 0.512730
vt 0.374558 0.513450
vt 0.374588 0.511964
vt 0.375212 0.511810
vt 0.066831 0.073744
vt 0.342288 0.381732
vt 0.341200 0.382346
vt 0.066294 0.075485
vt 0.062044 0.088543
vt 0.088176 0.088716
vt 0.057310 0.093589
vt 0.291408 0.146882
vt 0.090605 0.127767
vt 0.061657 0.140286
vt 0.274696 0.113977
vt 0.196988 0.339862
vt 0.197080 0.341372
vt 0.277003 0.112767
vt 0.380710 0.227353
vt 0.069939 0.058411
vt 0.336332 0.370923
vt 0.067957 0.063625
vt 0.067870 0.066945
vt 0.012132 0.483377
vt 0.012214 0.487387
vt 0.011183 0.484855
vt 0.067296 0.069565
vt 0.068410 0.070663
vt 0.445332 0.015175
vt 0.444342 0.017521
vt 0.443793 0.014591
vt 0.065754 0.077403
vt 0.089187 0.094922
vt 0.091206 0.104055
vt 0.059320 0.099354
vt 0.095320 0.106499
vt 0.094976 0.113907
vt 0.055379 0.110225
vt 0.054397 0.119311
vt 0.092742 0.124354
vt 0.048387 0.126269
vt 0.374375 0.283448
vt 0.377034 0.279844
vt 0.377507 0.283702
vt 0.049643 0.133058
vt 0.072284 0.136030
vt 0.495369 0.303271
vt 0.191171 0.337476
vt 0.383294 0.229947
vt 0.380687 0.225218
vt 0.379681 0.224117
vt 0.071502 0.061337
vt 0.369659 0.482631
vt 0.369317 0.484330
vt 0.368289 0.483030
vt 0.368774 0.481876
vt 0.367519 0.484669
vt 0.338509 0.379284
vt 0.339196 0.381120
vt 0.064883 0.083184
vt 0.085768 0.087439
vt 0.063201 0.089846
vt 0.091363 0.112333
vt 0.056575 0.114589
vt 0.092406 0.117526
vt 0.089428 0.119586
vt 0.065094 0.138601
vt 0.061420 0.137372
vt 0.245722 0.123782
vt 0.125222 0.182208
vt 0.134933 0.181778
vt 0.188357 0.336364
vt 0.137600 0.182421
vt 0.137787 0.183848
vt 0.187400 0.338057
vt 0.335290 0.370447
vt 0.074615 0.062793
vt 0.070470 0.062326
vt 0.069651 0.065454
vt 0.011217 0.487109
vt 0.442237 0.018639
vt 0.442328 0.016374
vt 0.443513 0.012437
vt 0.339549 0.384728
vt 0.067211 0.080507
vt 0.079234 0.084351
vt 0.079199 0.077829
vt 0.341170 0.386220
vt 0.085271 0.124075
vt 0.078012 0.127195
vt 0.050489 0.129949
vt 0.376053 0.273005
vt 0.379233 0.273968
vt 0.053945 0.136530
vt 0.065652 0.137475
vt 0.196533 0.335456
vt 0.072423 0.065738
vt 0.336125 0.375632
vt 0.337242 0.376385
vt 0.069517 0.068483
vt 0.068885 0.069034
vt 0.078735 0.538228
vt 0.078315 0.536767
vt 0.078740 0.537313
vt 0.442780 0.011430
vt 0.078889 0.084204
vt 0.079029 0.081730
vt 0.067518 0.083233
vt 0.064454 0.087150
vt 0.082444 0.091134
vt 0.063288 0.095693
vt 0.087089 0.099939
vt 0.089011 0.102816
vt 0.060090 0.105338
vt 0.058302 0.119692
vt 0.055834 0.123760
vt 0.053618 0.128531
vt 0.078071 0.130415
vt 0.060485 0.135901
vt 0.194982 0.335997
vt 0.128195 0.180233
vt 0.191730 0.335189
vt 0.132526 0.179904
vt 0.185441 0.335695
vt 0.186660 0.334218
vt 0.074371 0.065856
vt 0.076172 0.065431
vt 0.335245 0.373470
vt 0.071319 0.068164
vt 0.336583 0.379862
vt 0.441746 0.016556
vt 0.441814 0.012182
vt 0.412721 0.299642
vt 0.411113 0.296848
vt 0.410449 0.294352
vt 0.067571 0.076626
vt 0.067855 0.078438
vt 0.066948 0.085158
vt 0.069382 0.086531
vt 0.067193 0.087088
vt 0.080100 0.087453
vt 0.067867 0.089973
vt 0.088273 0.108026
vt 0.087824 0.113469
vt 0.060609 0.112904
vt 0.077006 0.129297
vt 0.053575 0.132824
vt 0.057828 0.135438
vt 0.410109 0.361627
vt 0.272420 0.116480
vt 0.141324 0.181255
vt 0.138476 0.178980
vt 0.073172 0.070133
vt 0.069654 0.071713
vt 0.068103 0.073857
vt 0.412021 0.294030
vt 0.410332 0.292436
vt 0.069751 0.081625
vt 0.070767 0.084083
vt 0.077546 0.087329
vt 0.064782 0.091722
vt 0.067618 0.093591
vt 0.084266 0.096742
vt 0.063173 0.100355
vt 0.084074 0.103592
vt 0.065429 0.106815
vt 0.084636 0.118357
vt 0.061984 0.122451
vt 0.059036 0.127500
vt 0.061556 0.132401
vt 0.379059 0.280042
vt 0.380892 0.276135
vt 0.060980 0.134558
vt 0.381342 0.273053
vt 0.380528 0.270899
vt 0.257314 0.122508
vt 0.120488 0.179757
vt 0.125498 0.179093
vt 0.077496 0.069140
vt 0.334848 0.376554
vt 0.069344 0.077040
vt 0.414386 0.300216
vt 0.409662 0.289259
vt 0.410042 0.288231
vt 0.068363 0.088561
vt 0.076884 0.090638
vt 0.076850 0.088371
vt 0.067764 0.091655
vt 0.081460 0.107054
vt 0.081651 0.115682
vt 0.067017 0.117409
vt 0.079129 0.119956
vt 0.074342 0.125919
vt 0.074683 0.128444
vt 0.067833 0.129982
vt 0.070894 0.126441
vt 0.072031 0.128803
vt 0.075613 0.129505
vt 0.064457 0.131797
vt 0.410328 0.366806
vt 0.410409 0.368727
vt 0.119325 0.179026
vt 0.272934 0.117037
vt 0.195907 0.333283
vt 0.189011 0.332215
vt 0.076970 0.071470
vt 0.335429 0.379559
vt 0.076006 0.073773
vt 0.071920 0.072106
vt 0.070808 0.074837
vt 0.411627 0.289838
vt 0.496330 0.376485
vt 0.496411 0.378197
vt 0.495627 0.376423
vt 0.766876 0.327754
vt 0.766690 0.327262
vt 0.766996 0.327120
vt 0.069764 0.091339
vt 0.079749 0.096642
vt 0.071118 0.093506
vt 0.080021 0.103608
vt 0.066554 0.103284
vt 0.066240 0.111258
vt 0.078159 0.114806
vt 0.066021 0.115929
vt 0.066666 0.119998
vt 0.074928 0.117911
vt 0.070814 0.130958
vt 0.381035 0.281552
vt 0.378243 0.285120
vt 0.068054 0.133250
vt 0.065623 0.134676
vt 0.123583 0.176305
vt 0.135618 0.177378
vt 0.072472 0.074515
vt 0.074314 0.075702
vt 0.335325 0.382395
vt 0.415091 0.298078
vt 0.414180 0.293722
vt 0.070708 0.079144
vt 0.071880 0.077702
vt 0.074333 0.078633
vt 0.074942 0.081393
vt 0.072687 0.081613
vt 0.074879 0.085176
vt 0.072824 0.086224
vt 0.072911 0.087249
vt 0.070819 0.087777
vt 0.410600 0.285879
vt 0.495534 0.379130
vt 0.071119 0.089276
vt 0.409868 0.285577
vt 0.410555 0.283753
vt 0.075606 0.091620
vt 0.074381 0.092757
vt 0.410640 0.282465
vt 0.409855 0.282884
vt 0.071931 0.092232
vt 0.074101 0.092128
vt 0.074742 0.096249
vt 0.068197 0.099933
vt 0.075483 0.109847
vt 0.069349 0.110505
vt 0.070016 0.112428
vt 0.068222 0.112538
vt 0.070363 0.117024
vt 0.072754 0.131414
vt 0.381710 0.279294
vt 0.269329 0.120180
vt 0.271667 0.118234
vt 0.192226 0.333051
vt 0.141316 0.178819
vt 0.078844 0.071700
vt 0.078732 0.073019
vt 0.334466 0.380146
vt 0.075453 0.101008
vt 0.077723 0.102124
vt 0.071178 0.101562
vt 0.068658 0.103130
vt 0.070515 0.103535
vt 0.068719 0.106432
vt 0.381920 0.276586
vt 0.194311 0.330816
vt 0.131947 0.176756
vt 0.415320 0.294966
vt 0.077089 0.077145
vt 0.076171 0.083197
vt 0.075335 0.085969
vt 0.012238 0.511998
vt 0.011608 0.513686
vt 0.010929 0.511715
vt 0.071934 0.090648
vt 0.442608 0.253612
vt 0.443983 0.255876
vt 0.442031 0.255168
vt 0.382107 0.277225
vt 0.126504 0.175933
vt 0.334165 0.382575
vt 0.078322 0.077111
vt 0.293892 0.448850
vt 0.293505 0.445816
vt 0.294473 0.444783
vt 0.413414 0.287610
vt 0.292535 0.437602
vt 0.294438 0.437974
vt 0.293685 0.439544
vt 0.412100 0.286072
vt 0.413335 0.284474
vt 0.412901 0.283139
vt 0.442021 0.257212
vt 0.444272 0.258315
vt 0.071187 0.132554
vt 0.120349 0.173869
vt 0.192624 0.328450
vt 0.138048 0.176348
vt 0.079644 0.079283
vt 0.335233 0.384496
vt 0.334413 0.385345
vt 0.292579 0.442851
vt 0.294262 0.441964
vt 0.292206 0.440461
vt 0.442095 0.258723
vt 0.443766 0.260161
vt 0.196789 0.332217
vt 0.136463 0.174870
vt 0.190210 0.329656
vt 0.139427 0.174390
vt 0.077253 0.082137
vt 0.078568 0.083596
vt 0.519404 0.179212
vt 0.520352 0.179427
vt 0.519799 0.179751
vt 0.414878 0.288834
vt 0.075215 0.087793
vt 0.074141 0.089609
vt 0.265465 0.123567
vt 0.131536 0.175081
vt 0.079964 0.085763
vt 0.414769 0.285843
vt 0.075416 0.090508
vt 0.445020 0.257996
vt 0.445063 0.259598
vt 0.194960 0.328110
vt 0.194086 0.511379
vt 0.194780 0.512383
vt 0.194285 0.513268
vt 0.076428 0.085702
vt 0.076942 0.091127
vt 0.074801 0.091336
vt 0.856009 0.236128
vt 0.856009 0.235511
vt 0.856304 0.235795
vt 0.135012 0.173395
vt 0.131896 0.173214
vt 0.076787 0.088609
vt 0.415861 0.288261
vt 0.414552 0.283870
vt 0.410837 0.362202
vt 0.127641 0.173659
vt 0.078762 0.089429
vt 0.415591 0.286033
vt 0.078651 0.090640
vt 0.266445 0.123579
vt 0.195589 0.327393
vt 0.196263 0.328703
vt 0.123538 0.172830
vt 0.495911 0.325601
vt 0.497343 0.327004
vt 0.495836 0.327275
vt 0.259472 0.123891
vt 0.255110 0.124033
vt 0.250351 0.123871
vt 0.412336 0.236073
vt 0.412579 0.235273
vt 0.413149 0.235681
vt 0.412951 0.260075
vt 0.411946 0.259697
vt 0.412038 0.258538
vt 0.193549 0.326532
vt 0.411332 0.257736
vt 0.411279 0.254775
vt 0.120726 0.172747
vt 0.190650 0.326264
vt 0.191288 0.325691
vt 0.057476 0.514167
vt 0.056894 0.514082
vt 0.057427 0.511730
vt 0.127288 0.172801
vt 0.246343 0.124148
vt 0.413122 0.258516
vt 0.413175 0.252425
vt 0.412875 0.237190
vt 0.413091 0.241969
vt 0.413039 0.247280
vt 0.409690 0.241611
vt 0.411209 0.238040
vt 0.410362 0.248141
vt 0.410484 0.240527
vt 0.410704 0.251858
vt 0.496911 0.327676
vt 0.409690 0.247027
s 1
usemtl Material.002
f 2/1/1 3/2/2 1/3/3
f 4/4/4 3/2/2 2/1/1
f 1/5/3 6/6/5 2/7/1
f 2/7/1 6/6/5 7/8/6
f 1/3/7 8/9/8 5/10/9
f 3/2/2 8/9/10 1/3/3
f 9/11/11 7/12/6 10/13/12
f 7/12/6 4/4/4 2/1/1
f 3/2/2 11/14/13 8/9/10
f 9/11/11 4/4/4 7/12/6
f 13/15/14 9/16/11 10/17/12
f 12/18/15 11/14/16 3/2/2
f 4/4/4 12/18/15 3/2/2
f 9/11/17 13/19/18 4/4/4
f 7/20/6 6/21/5 14/22/19
f 15/23/20 10/17/12 7/24/6
f 16/25/21 8/9/10 11/14/13
f 13/15/18 10/17/12 15/23/20
f 12/26/15 17/27/22 11/28/13
f 12/26/15 4/29/4 18/30/23
f 18/30/23 4/29/4 13/15/18
f 5/31/24 20/32/25 1/33/3
f 16/25/26 5/10/9 8/9/8
f 17/27/22 16/34/21 11/28/13
f 12/26/15 19/35/27 17/27/22
f 12/26/15 18/30/23 19/35/27
f 16/36/26 17/27/22 37/37/28
f 13/15/18 15/23/20 21/38/29
f 13/15/18 21/38/29 18/30/23
f 5/31/30 22/39/31 20/32/32
f 7/24/33 24/40/34 15/23/20
f 5/10/9 16/25/26 23/41/35
f 18/30/23 21/38/29 30/42/36
f 32/43/37 25/44/38 31/45/39
f 25/44/40 26/46/40 31/45/40
f 27/47/41 26/46/42 25/44/43
f 28/48/44 7/49/6 14/50/19
f 7/24/45 28/51/46 24/40/47
f 15/23/20 29/52/48 21/38/29
f 37/37/28 17/27/22 45/53/49
f 18/30/23 30/42/36 19/35/27
f 31/45/50 33/54/51 38/55/52
f 32/43/37 31/45/39 48/56/53
f 31/45/50 26/46/54 33/54/51
f 26/46/55 35/57/56 33/54/57
f 34/58/58 25/44/38 32/43/37
f 27/47/59 35/57/56 26/46/55
f 36/59/60 22/60/31 5/10/30
f 36/59/61 5/10/9 23/41/35
f 24/40/34 29/52/48 15/23/20
f 16/61/26 37/62/28 23/63/35
f 19/35/27 45/53/49 17/27/22
f 67/64/62 31/45/50 38/55/52
f 48/56/53 31/45/39 67/64/62
f 32/65/37 48/66/53 39/67/63
f 32/65/37 39/67/63 34/68/58
f 25/44/38 34/58/58 40/69/64
f 40/69/65 27/47/41 25/44/43
f 56/70/66 42/71/67 41/72/68
f 43/73/69 42/71/70 56/70/71
f 14/22/19 6/21/5 44/74/72
f 19/35/27 46/75/73 45/53/49
f 19/35/27 30/42/36 46/75/73
f 68/76/74 48/56/53 67/64/62
f 48/56/75 68/76/76 57/77/77
f 57/78/77 50/79/78 48/66/75
f 38/55/79 49/80/80 82/81/81
f 67/64/62 38/55/52 82/81/81
f 50/79/78 39/67/82 48/66/75
f 49/80/80 38/55/79 51/82/83
f 51/82/84 38/55/84 33/54/84
f 34/68/85 39/67/86 52/83/87
f 51/84/88 33/85/88 35/86/88
f 35/86/89 53/87/90 51/84/91
f 35/86/89 54/88/92 53/87/90
f 27/89/93 54/88/94 35/86/95
f 27/90/41 40/91/65 55/92/96
f 55/92/97 54/93/94 27/90/93
f 44/94/72 28/48/98 14/50/19
f 28/51/46 77/95/99 24/40/47
f 24/40/47 77/95/99 29/52/48
f 50/79/100 58/96/101 39/67/102
f 39/67/102 58/96/101 60/97/103
f 59/98/104 49/99/80 51/84/83
f 39/67/102 60/97/103 52/83/105
f 52/83/87 61/100/106 34/68/85
f 62/101/107 34/68/108 61/100/109
f 40/102/110 34/68/111 62/101/112
f 56/70/66 41/72/68 63/103/113
f 43/104/114 56/105/66 64/106/115
f 75/107/116 41/72/116 42/71/116
f 42/71/70 43/73/69 65/108/117
f 65/108/118 75/107/119 42/71/120
f 29/52/48 79/109/121 21/38/29
f 46/75/73 66/110/122 45/53/49
f 30/42/36 47/111/123 46/75/73
f 81/112/124 57/113/77 68/76/76
f 57/78/125 69/114/125 50/79/125
f 50/79/100 69/114/126 58/96/101
f 60/97/127 70/115/128 52/83/129
f 62/116/112 72/117/130 40/91/110
f 72/117/131 55/92/97 40/91/132
f 63/103/133 41/72/134 73/118/135
f 41/72/134 75/107/136 74/119/137
f 43/73/138 126/120/139 65/108/140
f 22/39/141 129/121/142 20/32/25
f 36/59/61 23/41/35 76/122/143
f 23/41/144 78/123/145 76/122/146
f 37/124/147 78/123/145 23/41/148
f 111/125/149 21/38/29 79/109/121
f 66/110/122 92/126/150 45/53/49
f 30/42/36 111/125/149 47/111/123
f 21/38/29 111/125/149 30/42/36
f 80/127/151 68/76/151 93/128/151
f 68/76/74 67/64/62 93/128/152
f 81/112/124 68/76/76 80/127/153
f 67/64/62 82/81/81 93/128/152
f 81/129/154 83/130/155 57/78/156
f 82/131/81 49/132/80 84/133/157
f 83/130/155 69/114/158 57/78/156
f 49/132/80 59/134/159 84/133/157
f 58/96/101 69/114/126 85/135/160
f 85/136/160 70/137/161 58/138/101
f 58/138/162 70/137/128 60/139/127
f 52/83/163 70/115/163 86/140/163
f 52/83/164 86/140/164 71/141/164
f 54/88/165 87/142/166 53/87/90
f 55/92/97 88/143/167 54/93/94
f 54/93/168 88/143/169 100/144/170
f 63/103/133 73/118/135 101/145/171
f 56/105/66 63/146/113 64/106/115
f 73/118/135 74/119/137 103/147/172
f 41/72/134 74/119/137 73/118/135
f 74/119/137 127/148/173 103/147/172
f 126/120/174 64/149/115 90/150/175
f 64/149/115 126/120/174 43/73/114
f 75/107/136 127/148/173 74/119/137
f 75/107/176 104/151/177 127/148/173
f 75/107/176 106/152/178 104/151/177
f 65/108/118 108/153/179 75/107/119
f 75/107/176 108/153/180 106/152/178
f 65/108/118 91/154/181 108/153/179
f 110/155/182 37/37/28 45/53/49
f 92/126/150 110/155/182 45/53/49
f 46/75/73 47/111/123 66/110/122
f 167/156/183 80/127/184 93/128/185
f 93/157/152 82/131/81 84/133/157
f 69/114/186 83/130/187 95/158/188
f 83/130/187 94/159/189 95/158/188
f 95/158/188 85/135/160 69/114/186
f 85/135/160 96/160/190 70/115/161
f 59/98/159 51/84/91 115/161/191
f 51/84/91 97/162/192 115/161/191
f 70/115/161 96/160/190 86/140/193
f 97/162/192 51/84/91 53/87/90
f 98/163/194 71/141/194 86/140/194
f 61/100/195 52/83/196 99/164/197
f 52/83/198 71/141/198 99/164/198
f 100/165/170 87/142/199 54/88/168
f 123/166/200 122/167/201 101/145/202
f 101/145/171 73/118/135 123/166/200
f 124/168/203 64/149/115 63/103/113
f 64/149/115 124/168/203 102/169/204
f 123/166/200 103/147/172 125/170/205
f 73/118/135 103/147/172 123/166/200
f 127/148/173 125/170/205 103/147/172
f 65/108/140 126/120/139 105/171/206
f 91/154/181 65/108/118 107/172/207
f 65/108/140 105/171/206 107/172/207
f 36/173/60 109/174/208 22/39/31
f 76/122/143 109/175/209 36/59/61
f 81/176/124 80/177/153 113/178/210
f 167/156/211 93/128/211 112/179/211
f 93/157/212 133/180/213 112/181/214
f 83/130/215 81/129/215 113/182/215
f 93/157/216 84/133/157 133/180/217
f 170/183/218 135/184/219 114/185/220
f 170/183/218 114/185/220 136/186/221
f 84/187/157 59/98/159 115/161/191
f 85/135/160 95/158/188 96/160/190
f 116/188/222 86/189/223 96/190/224
f 71/191/225 98/192/226 99/193/227
f 61/100/195 99/164/197 175/194/228
f 97/162/192 53/87/90 87/142/166
f 61/100/109 175/194/229 62/101/107
f 55/92/97 72/117/131 88/143/167
f 151/195/230 89/196/231 117/197/232
f 89/196/233 154/198/234 117/197/232
f 154/198/234 119/199/235 152/200/236
f 119/199/235 156/201/237 155/202/238
f 157/203/239 121/204/240 119/199/235
f 120/205/241 156/201/237 119/199/235
f 121/204/240 120/205/241 119/199/235
f 120/205/241 160/206/242 156/201/237
f 122/167/201 120/205/241 121/204/240
f 123/166/200 160/206/242 120/205/241
f 122/167/201 123/166/200 120/205/241
f 123/166/200 125/170/205 160/206/242
f 124/168/203 101/145/202 122/167/201
f 124/168/203 63/103/113 101/145/202
f 90/207/175 64/208/115 102/209/204
f 125/170/205 127/148/173 162/210/243
f 104/151/177 106/152/178 188/211/244
f 128/212/245 188/211/244 106/152/178
f 108/153/180 128/212/245 106/152/178
f 108/153/179 91/154/181 163/213/246
f 1/33/3 20/32/25 1205/214/247
f 6/21/5 1/33/3 1205/214/247
f 129/121/248 22/39/249 109/174/250
f 29/52/48 77/95/99 130/215/251
f 130/215/251 79/109/121 29/52/48
f 66/110/122 47/111/123 131/216/252
f 47/111/123 166/217/253 131/216/252
f 111/125/149 166/217/254 47/111/123
f 167/156/255 112/179/255 252/218/255
f 113/219/210 80/127/153 132/220/256
f 113/182/257 134/221/258 83/130/259
f 83/130/187 134/221/260 94/159/189
f 94/159/261 134/221/262 136/222/221
f 114/185/220 94/223/261 136/186/221
f 135/184/219 138/224/263 114/185/220
f 94/223/261 114/185/220 172/225/264
f 115/161/191 137/226/265 84/187/157
f 94/223/189 139/227/266 95/228/188
f 172/225/267 139/227/266 94/223/189
f 138/224/263 140/229/268 114/185/220
f 140/229/268 172/225/264 114/185/220
f 139/227/266 96/190/269 95/228/188
f 116/188/270 96/190/271 139/227/266
f 86/189/223 116/188/222 141/230/272
f 115/161/191 97/162/192 142/231/273
f 86/140/274 141/232/274 98/163/274
f 143/233/275 142/231/273 97/162/192
f 143/233/275 97/162/192 87/142/276
f 143/233/277 87/142/277 144/234/277
f 72/117/278 62/116/107 145/235/279
f 144/236/280 87/237/280 100/238/280
f 72/117/281 145/235/281 88/143/281
f 144/236/282 146/239/283 176/240/284
f 100/238/285 147/241/285 144/236/285
f 100/238/170 88/242/169 147/241/286
f 147/241/287 146/239/283 144/236/288
f 146/239/283 179/243/289 176/240/284
f 146/239/283 149/244/290 179/243/289
f 150/245/291 149/244/290 146/239/283
f 148/246/292 150/245/291 146/239/283
f 150/245/291 117/197/232 149/244/290
f 180/247/293 151/195/230 150/245/291
f 149/244/290 152/200/236 232/248/294
f 151/195/230 117/197/232 150/245/291
f 117/197/232 152/200/236 149/244/290
f 180/247/293 89/196/295 151/195/230
f 153/249/296 89/196/295 180/247/293
f 152/200/236 117/197/232 154/198/234
f 152/200/236 155/202/238 211/250/297
f 89/196/233 118/251/298 154/198/234
f 118/251/298 89/196/233 153/249/296
f 155/202/238 212/252/299 211/250/297
f 119/199/235 155/202/238 152/200/236
f 182/253/300 212/252/299 156/201/237
f 155/202/238 156/201/237 212/252/299
f 154/198/234 118/251/298 119/199/235
f 118/251/298 157/203/239 119/199/235
f 156/201/237 158/254/301 182/253/300
f 157/203/239 159/255/302 121/204/240
f 160/206/242 158/254/301 156/201/237
f 159/255/303 161/256/304 121/204/240
f 161/256/304 122/167/201 121/204/240
f 158/254/301 160/206/242 184/257/305
f 160/206/242 214/258/306 184/257/305
f 161/256/304 124/168/203 122/167/201
f 102/169/204 124/168/203 161/256/304
f 125/170/205 214/258/306 160/206/242
f 125/170/205 162/210/243 214/258/306
f 102/209/204 213/259/307 90/207/175
f 90/207/175 213/259/307 126/260/174
f 127/148/173 186/261/308 162/210/243
f 127/148/173 104/151/177 186/261/308
f 107/262/207 190/263/309 91/264/181
f 196/265/310 110/266/182 92/267/150
f 66/110/122 198/268/311 92/126/150
f 66/110/122 131/216/252 198/269/311
f 80/127/153 199/270/312 132/220/256
f 167/156/183 199/270/313 80/127/184
f 252/271/314 112/181/314 169/272/314
f 168/273/315 113/219/316 132/220/317
f 112/181/214 133/180/213 169/272/318
f 200/274/319 136/186/221 134/275/258
f 170/183/218 136/186/221 200/274/319
f 133/276/217 84/187/157 137/226/265
f 135/277/219 202/278/320 138/279/263
f 140/229/268 173/280/321 172/225/264
f 171/281/322 115/161/323 142/231/324
f 172/225/267 116/188/270 139/227/266
f 141/230/272 116/188/222 172/225/264
f 173/282/321 141/232/272 172/283/264
f 173/282/325 174/284/325 141/232/325
f 141/232/326 174/284/326 98/163/326
f 143/285/327 144/236/282 207/286/328
f 207/286/329 176/240/284 229/287/330
f 207/286/328 144/236/282 176/240/284
f 88/288/331 177/289/331 147/241/331
f 145/235/332 177/290/332 88/143/332
f 177/289/333 178/291/334 147/241/335
f 146/239/283 147/241/287 178/291/334
f 148/246/292 146/239/283 178/291/334
f 180/247/293 150/245/291 148/246/292
f 153/249/296 180/247/293 148/246/292
f 152/200/236 211/250/297 232/248/294
f 212/252/299 182/253/300 234/292/336
f 183/293/337 118/251/298 181/294/338
f 118/251/298 183/293/337 157/203/239
f 236/295/339 182/253/300 158/254/301
f 159/255/302 157/203/239 183/293/337
f 158/254/301 184/257/305 236/295/339
f 162/210/243 215/296/340 214/258/306
f 162/210/243 242/297/341 215/296/340
f 162/210/243 217/298/342 242/297/341
f 126/260/174 216/299/343 185/300/344
f 186/261/308 217/298/342 162/210/243
f 185/300/344 105/301/206 126/260/139
f 105/301/206 185/300/344 187/302/345
f 104/151/177 188/211/244 186/261/308
f 107/262/207 105/303/206 218/304/346
f 128/212/245 108/153/180 189/305/347
f 163/213/246 189/305/348 108/153/179
f 190/306/309 163/213/246 91/154/181
f 191/307/349 245/308/350 189/305/347
f 191/307/349 193/309/351 245/308/350
f 192/310/352 193/309/351 191/307/349
f 192/310/353 194/311/354 193/309/355
f 20/32/25 129/121/142 1205/214/247
f 28/48/356 44/94/356 195/312/356
f 195/313/357 77/95/99 28/51/46
f 37/124/147 249/314/358 78/123/145
f 249/314/358 37/124/28 110/266/182
f 197/315/359 166/217/253 111/125/149
f 198/316/311 196/265/310 92/267/150
f 199/270/313 167/156/183 252/218/360
f 251/317/361 132/220/256 199/270/312
f 251/317/362 168/273/315 132/220/317
f 113/219/316 168/273/315 253/318/363
f 253/318/363 200/274/319 113/219/257
f 134/221/258 113/182/257 200/319/319
f 170/183/218 200/274/319 201/320/364
f 135/184/219 170/183/218 201/320/364
f 223/321/365 135/277/366 201/322/364
f 202/278/320 135/277/219 223/321/367
f 137/226/368 115/161/369 204/323/370
f 204/324/371 115/325/323 171/326/322
f 140/327/268 206/328/372 173/329/373
f 171/281/374 142/231/375 205/330/376
f 205/330/376 142/231/375 207/331/329
f 208/332/377 209/333/378 99/164/379
f 99/193/227 98/192/226 174/334/380
f 209/333/381 175/194/228 99/164/197
f 142/335/382 143/336/382 207/286/382
f 62/116/107 230/337/383 145/235/279
f 176/240/284 263/338/384 229/287/330
f 177/289/385 145/339/386 231/340/387
f 176/240/284 179/243/289 263/338/384
f 231/340/388 178/291/334 177/289/333
f 261/341/389 262/342/390 178/291/334
f 179/243/289 232/248/294 263/338/384
f 149/244/290 232/248/294 179/243/289
f 262/342/390 148/246/292 178/291/334
f 262/342/390 210/343/391 148/246/292
f 210/343/391 153/249/296 148/246/292
f 211/250/297 212/252/299 265/344/392
f 212/252/299 234/292/336 265/344/392
f 210/343/391 118/251/298 153/249/296
f 182/253/300 236/295/339 234/292/336
f 235/345/393 183/293/337 181/294/338
f 235/345/393 159/255/302 183/293/337
f 236/295/339 184/257/305 267/346/394
f 102/347/204 161/348/304 238/349/395
f 213/350/307 102/347/204 238/349/395
f 241/351/396 239/352/397 184/257/305
f 214/258/306 241/351/396 184/257/305
f 241/351/396 214/258/306 215/296/340
f 216/299/343 126/260/174 213/259/307
f 218/353/346 105/171/206 187/354/345
f 188/211/244 128/212/245 186/261/308
f 107/262/207 219/355/398 190/263/309
f 245/308/399 193/309/400 270/356/401
f 192/310/353 164/357/402 194/311/354
f 165/358/403 111/125/149 79/109/121
f 249/314/358 110/266/182 196/265/310
f 111/125/149 165/358/403 197/315/359
f 198/316/311 295/359/404 196/265/310
f 220/360/405 131/216/252 166/217/253
f 131/216/252 221/361/406 198/269/311
f 250/362/407 199/270/312 252/218/408
f 251/317/361 199/270/312 250/362/407
f 252/271/409 169/272/410 222/363/411
f 223/364/412 200/274/319 253/318/363
f 169/272/413 133/180/217 255/365/414
f 223/364/365 201/320/364 200/274/319
f 255/366/414 133/276/217 224/367/415
f 202/278/320 223/321/416 225/368/417
f 133/276/217 137/226/265 224/367/415
f 225/368/417 203/369/418 202/278/320
f 203/369/418 226/370/419 202/278/320
f 202/278/320 226/370/419 138/279/263
f 140/327/268 228/371/420 206/328/372
f 171/372/421 205/373/422 227/374/423
f 206/328/372 174/375/424 173/329/373
f 174/334/424 208/376/425 99/193/426
f 205/373/376 207/286/329 279/377/427
f 207/286/329 229/287/330 279/377/427
f 175/194/229 230/378/383 62/101/107
f 230/337/428 231/379/387 145/235/386
f 229/287/330 263/338/384 260/380/429
f 261/341/389 178/291/334 231/340/388
f 232/248/294 211/250/297 265/344/392
f 210/343/391 233/381/430 118/251/298
f 233/381/430 181/294/338 118/251/298
f 233/381/430 235/345/393 181/294/338
f 237/382/431 159/255/302 235/345/393
f 159/255/303 238/383/395 161/256/304
f 237/382/432 238/383/395 159/255/303
f 184/257/305 239/352/397 267/346/394
f 240/384/433 216/385/343 213/386/307
f 242/297/341 217/298/342 268/387/434
f 217/298/342 186/261/308 268/387/434
f 107/262/207 218/304/346 219/355/398
f 219/355/398 218/304/346 243/388/435
f 128/212/245 244/389/436 186/261/308
f 244/389/437 128/212/245 189/305/347
f 163/390/438 190/263/439 246/391/440
f 189/305/348 163/213/246 191/307/441
f 192/392/442 271/393/443 164/394/402
f 44/74/72 6/21/5 247/395/444
f 78/123/145 248/396/445 76/122/146
f 295/359/404 249/314/358 196/265/310
f 220/360/405 166/217/253 197/315/359
f 274/397/446 168/273/315 251/317/362
f 274/397/446 253/318/363 168/273/315
f 222/363/447 169/272/448 254/398/449
f 254/398/450 169/272/451 255/399/414
f 256/400/452 223/364/412 253/318/363
f 224/401/453 137/402/453 257/403/453
f 257/403/454 137/402/368 204/324/370
f 225/368/455 258/404/456 203/369/418
f 259/405/457 204/324/371 171/326/322
f 227/374/423 259/406/457 171/372/322
f 138/407/263 228/371/420 140/327/268
f 227/374/423 205/373/422 279/377/427
f 208/408/425 174/409/424 206/410/372
f 229/287/330 260/380/429 279/377/427
f 231/340/388 230/411/383 261/341/389
f 263/338/384 232/248/294 302/412/458
f 264/413/459 210/343/391 262/342/390
f 265/344/392 281/414/460 302/412/458
f 232/248/294 265/344/392 302/412/458
f 234/292/336 266/415/461 265/344/392
f 236/295/339 266/415/461 234/292/336
f 282/416/462 235/345/393 233/381/430
f 282/416/462 237/382/431 235/345/393
f 237/382/431 282/416/462 307/417/463
f 213/386/307 238/383/395 237/382/432
f 240/384/464 213/386/464 237/382/464
f 239/352/397 241/351/396 309/418/465
f 241/351/396 284/419/466 309/418/465
f 215/296/340 310/420/467 241/351/396
f 215/296/340 242/297/341 310/420/467
f 185/300/344 216/299/343 285/421/468
f 242/297/341 286/422/469 310/420/467
f 286/422/469 242/297/341 268/387/434
f 187/423/345 269/424/470 218/304/346
f 218/304/346 269/424/470 243/388/435
f 268/387/434 186/261/308 311/425/471
f 311/425/471 186/261/308 244/389/436
f 189/305/347 245/308/350 244/389/437
f 270/356/401 244/389/472 245/308/399
f 194/426/473 331/427/474 193/428/475
f 6/21/5 1205/214/247 247/395/444
f 195/313/357 272/429/476 77/95/99
f 272/429/476 130/215/251 77/95/99
f 248/430/477 109/174/209 76/431/143
f 295/359/404 198/316/311 314/432/478
f 220/360/405 221/361/406 131/216/252
f 250/362/407 273/433/479 297/434/480
f 298/435/481 250/362/407 297/434/480
f 251/317/361 250/362/407 298/435/482
f 274/397/446 251/317/362 298/435/483
f 273/436/484 252/271/409 222/363/411
f 273/433/479 250/362/407 252/218/408
f 275/437/485 253/318/363 274/397/446
f 256/438/486 276/439/486 223/321/486
f 276/439/487 225/368/455 223/321/488
f 203/369/418 258/404/456 277/440/489
f 226/370/419 278/441/490 138/279/263
f 259/406/457 227/374/423 344/442/491
f 138/279/263 278/441/490 228/443/420
f 227/374/423 279/377/427 321/444/492
f 279/377/427 260/380/429 321/444/492
f 208/332/377 280/445/493 209/333/378
f 209/333/494 280/445/494 175/194/494
f 321/444/492 260/380/429 323/446/495
f 230/378/383 175/194/229 280/445/496
f 230/411/383 262/342/390 261/341/389
f 260/380/429 263/338/384 323/446/495
f 323/446/495 263/338/384 302/412/458
f 264/413/459 233/381/430 210/343/391
f 265/344/392 266/415/461 346/447/497
f 236/295/339 305/448/498 266/415/461
f 236/295/339 267/346/394 305/448/498
f 267/346/394 283/449/499 305/448/498
f 267/346/394 239/352/397 283/449/499
f 283/449/499 239/352/397 309/418/465
f 241/351/396 310/420/467 284/419/466
f 185/300/344 288/450/500 187/302/345
f 286/422/469 268/387/434 287/451/501
f 288/450/500 269/452/470 187/302/345
f 268/387/434 311/425/471 287/451/501
f 311/425/471 244/389/436 327/453/502
f 190/263/309 219/355/398 246/391/503
f 327/453/502 244/389/436 270/356/504
f 246/391/505 289/454/505 163/390/505
f 192/310/506 191/307/506 163/213/506
f 270/455/507 193/428/475 290/456/508
f 192/392/509 289/457/509 271/393/509
f 291/458/510 194/426/354 164/459/402
f 129/121/142 293/460/511 292/461/512
f 109/174/250 293/460/511 129/121/248
f 78/123/145 294/462/513 248/396/445
f 78/123/145 249/314/358 334/463/514
f 249/314/358 295/359/404 335/464/515
f 197/315/359 296/465/516 220/360/405
f 314/432/478 198/316/311 221/466/406
f 222/363/447 254/398/449 299/467/517
f 299/467/517 273/436/518 222/363/519
f 256/438/452 253/468/363 275/469/485
f 256/470/520 318/471/520 276/472/520
f 224/401/521 257/403/522 317/473/523
f 276/472/487 258/474/456 225/475/455
f 228/476/420 300/477/524 206/478/372
f 206/478/525 300/477/525 208/332/525
f 300/477/526 280/445/527 208/332/528
f 321/444/492 323/446/495 400/479/529
f 322/480/530 262/342/390 230/411/383
f 301/481/531 262/482/390 322/483/530
f 262/482/390 301/481/531 264/484/459
f 303/485/532 264/484/459 301/481/531
f 265/344/392 346/447/497 281/414/460
f 264/413/459 304/486/533 233/381/430
f 304/486/533 282/416/462 233/381/430
f 324/487/534 282/416/462 304/486/533
f 240/488/433 237/489/535 308/490/536
f 308/490/536 216/299/343 240/488/433
f 288/450/500 185/300/344 285/421/468
f 310/420/467 286/422/469 352/491/537
f 352/491/537 286/422/469 287/451/501
f 327/453/502 270/356/538 329/492/539
f 289/457/540 192/392/540 163/493/540
f 193/494/475 331/495/474 290/496/508
f 289/457/541 312/497/541 271/393/541
f 332/498/542 164/499/402 271/500/443
f 194/426/354 291/458/510 331/427/543
f 129/121/142 454/501/544 1205/214/247
f 249/314/358 335/464/515 334/463/514
f 197/315/359 358/502/545 296/465/516
f 165/358/403 358/502/545 197/315/359
f 313/503/546 335/464/515 295/359/404
f 295/359/404 372/504/547 313/503/546
f 295/359/404 314/432/478 372/504/547
f 297/434/548 315/505/548 298/435/548
f 315/506/549 316/507/549 298/508/549
f 315/509/550 297/510/480 273/436/479
f 274/511/446 298/508/483 336/512/551
f 255/399/414 317/473/552 254/398/450
f 224/367/415 317/513/552 255/366/414
f 318/471/553 319/514/554 276/472/555
f 341/515/556 258/474/557 276/472/558
f 204/324/559 259/405/559 320/516/559
f 320/516/560 257/403/561 204/324/562
f 277/440/489 226/370/419 203/369/418
f 344/442/491 227/374/423 321/444/492
f 300/517/524 228/443/420 278/441/490
f 322/480/530 230/411/383 280/518/496
f 323/446/495 302/412/458 345/519/563
f 302/412/458 281/414/460 345/519/563
f 305/448/498 384/520/564 266/415/461
f 306/521/565 282/522/462 324/523/534
f 306/521/565 325/524/566 282/525/462
f 325/524/567 307/526/463 282/525/462
f 305/448/498 283/449/499 386/527/568
f 283/449/499 326/528/569 386/527/568
f 347/529/570 237/489/431 307/530/463
f 308/490/536 237/489/535 347/529/570
f 283/449/499 309/418/465 326/528/569
f 309/418/465 348/531/571 326/528/569
f 310/420/467 352/491/537 351/532/572
f 311/425/471 353/533/573 287/451/501
f 246/391/574 357/534/574 289/454/574
f 270/455/575 290/456/576 330/535/577
f 291/458/510 164/459/402 332/536/542
f 333/537/578 293/460/511 109/174/250
f 248/430/579 333/537/579 109/174/579
f 294/462/513 78/123/145 334/463/514
f 221/466/406 220/538/405 314/432/478
f 336/512/551 298/508/483 316/507/580
f 273/436/518 337/539/581 376/540/582
f 376/540/583 315/509/584 273/436/585
f 273/436/518 299/467/517 337/539/581
f 338/541/586 274/542/446 336/512/551
f 275/543/485 274/544/446 338/545/586
f 254/398/450 317/473/552 339/546/587
f 256/438/452 340/547/588 318/548/553
f 341/515/556 276/472/558 319/514/554
f 341/549/589 342/550/590 258/404/591
f 258/404/591 342/550/590 277/440/592
f 342/550/593 343/551/594 277/440/489
f 344/442/491 321/444/492 399/552/595
f 321/444/492 400/479/529 399/552/595
f 226/370/419 300/553/524 278/441/490
f 381/554/596 280/555/527 300/556/526
f 322/557/530 280/558/496 381/559/596
f 400/479/529 323/446/495 382/560/597
f 323/446/495 345/519/563 382/560/597
f 303/485/532 304/561/533 264/484/459
f 281/414/460 346/447/497 416/562/598
f 346/447/497 266/415/461 384/520/564
f 324/523/534 304/561/533 401/563/599
f 386/527/568 385/564/600 305/448/498
f 347/565/570 307/566/463 325/524/601
f 216/299/343 308/490/536 387/567/602
f 285/421/468 216/299/343 387/567/603
f 349/568/604 285/421/468 387/567/605
f 348/531/571 309/418/465 367/569/606
f 309/418/465 284/419/466 367/569/606
f 367/569/606 284/419/466 351/532/572
f 284/419/466 310/420/467 351/532/572
f 352/491/537 287/451/501 353/533/573
f 354/570/607 353/533/573 311/425/471
f 243/388/435 368/571/608 219/355/398
f 354/570/607 311/425/471 327/453/502
f 355/572/609 328/573/610 246/391/611
f 246/391/611 328/573/610 357/534/612
f 270/455/575 330/535/577 329/574/613
f 289/454/614 357/534/614 312/575/614
f 357/576/615 356/577/616 312/578/617
f 271/393/443 312/497/618 332/579/542
f 79/109/121 130/215/251 371/580/619
f 358/502/545 165/358/403 79/109/121
f 220/538/405 359/581/620 314/432/478
f 299/467/517 254/398/449 337/539/581
f 275/469/485 340/547/588 256/438/452
f 317/473/523 257/403/522 360/582/621
f 259/406/457 344/442/491 320/583/560
f 320/583/560 344/442/491 399/552/595
f 300/553/526 226/370/622 362/584/623
f 381/554/596 300/556/526 362/585/623
f 301/481/531 322/483/530 363/586/624
f 301/481/531 363/586/624 364/587/625
f 345/519/563 383/588/626 382/560/597
f 401/563/599 365/589/627 324/523/534
f 384/520/564 305/448/498 385/564/600
f 306/521/628 324/523/534 365/589/627
f 306/521/628 366/590/629 325/524/630
f 387/591/602 308/592/536 347/593/570
f 388/594/631 326/528/569 348/531/571
f 388/594/631 348/531/571 389/595/632
f 389/595/632 348/531/571 367/569/606
f 350/596/633 285/421/468 349/568/604
f 285/421/468 350/596/633 288/450/500
f 351/532/572 352/491/537 390/597/634
f 269/424/470 368/571/608 243/388/435
f 219/355/398 368/571/608 246/391/503
f 327/453/502 423/598/635 354/570/607
f 329/574/539 423/599/635 327/600/502
f 329/574/539 330/535/636 423/599/635
f 312/497/617 369/601/637 332/579/638
f 331/427/543 291/458/510 393/602/639
f 129/121/142 292/461/512 454/501/544
f 195/312/640 44/94/72 370/603/641
f 272/429/476 371/580/619 130/215/251
f 359/604/620 220/360/405 296/465/516
f 316/507/642 315/506/584 373/605/643
f 316/507/642 373/605/643 374/606/644
f 315/509/584 376/540/583 373/607/643
f 374/606/644 375/608/645 316/507/642
f 336/512/551 316/507/646 375/608/647
f 337/539/648 254/398/450 377/609/649
f 254/398/450 339/546/587 377/609/649
f 340/610/588 378/611/650 318/612/553
f 378/611/650 319/613/554 318/612/553
f 361/614/651 360/582/621 257/403/522
f 341/615/556 319/613/554 379/616/652
f 257/403/561 320/516/560 361/614/651
f 379/616/653 342/617/653 341/615/653
f 380/618/654 342/617/655 379/616/656
f 411/619/657 361/620/651 320/583/560
f 342/617/655 380/618/654 343/621/594
f 320/583/560 399/552/595 411/619/657
f 413/622/658 381/554/596 362/585/623
f 381/554/596 363/623/624 322/480/530
f 301/481/531 364/587/625 303/485/532
f 345/519/563 416/562/598 383/588/626
f 345/519/563 281/414/460 416/562/598
f 304/561/533 303/485/532 401/563/599
f 346/447/497 384/520/564 416/562/598
f 365/589/627 366/590/629 306/521/628
f 325/624/601 387/591/602 347/593/570
f 351/532/572 421/625/659 367/569/606
f 352/491/537 405/626/660 390/597/634
f 352/491/537 391/627/661 405/626/660
f 352/491/537 353/533/573 391/627/661
f 392/628/662 391/629/661 353/630/573
f 392/628/662 353/630/573 354/631/607
f 355/572/609 246/391/611 368/571/608
f 312/497/617 356/632/616 369/601/637
f 331/495/543 393/633/639 290/496/663
f 394/634/664 393/602/664 291/458/664
f 395/635/665 333/636/665 248/396/665
f 248/396/445 294/462/513 395/635/666
f 334/463/514 335/464/515 431/637/667
f 359/604/668 296/465/516 397/638/669
f 314/432/478 398/639/670 372/504/547
f 359/581/620 398/639/670 314/432/478
f 340/640/588 275/543/485 338/545/586
f 339/546/587 317/473/552 377/609/649
f 379/616/652 319/613/554 378/611/650
f 380/641/654 277/440/489 343/551/594
f 412/642/671 277/440/489 380/641/654
f 277/440/489 412/642/671 226/370/419
f 463/643/672 399/552/595 400/479/529
f 413/644/658 414/645/673 381/646/596
f 400/479/529 382/560/597 463/643/672
f 363/623/624 381/554/596 414/647/673
f 441/648/674 363/623/624 414/647/673
f 382/560/597 383/588/626 466/649/675
f 303/485/532 415/650/676 401/563/599
f 417/651/677 416/562/598 384/520/564
f 365/589/627 402/652/678 366/590/629
f 444/653/679 385/564/600 386/527/568
f 387/567/680 325/524/681 403/654/682
f 386/527/568 326/528/569 444/653/679
f 387/567/605 404/655/683 349/568/604
f 421/625/659 351/532/572 390/597/634
f 288/656/500 422/657/684 269/424/470
f 354/631/607 423/599/635 392/628/662
f 357/534/615 328/573/685 356/658/616
f 330/535/577 425/659/686 423/599/635
f 290/456/576 428/660/687 330/535/577
f 290/456/688 393/602/689 428/660/690
f 332/536/542 369/661/691 291/458/510
f 195/312/357 406/662/692 272/663/476
f 334/463/514 431/637/667 294/462/513
f 397/638/669 296/465/516 358/502/545
f 396/664/693 335/464/515 313/503/546
f 432/665/694 372/504/547 398/639/670
f 337/539/648 407/666/695 376/540/696
f 336/512/551 375/608/647 338/541/586
f 337/539/648 377/609/649 407/666/695
f 317/473/523 360/582/621 377/609/697
f 340/667/588 409/668/698 378/669/650
f 409/668/699 340/667/588 408/670/700
f 410/671/701 378/669/650 409/668/702
f 379/672/652 378/669/650 410/671/701
f 380/618/654 379/616/656 410/673/703
f 411/619/657 399/552/595 438/674/704
f 226/370/419 412/642/671 362/584/705
f 438/674/704 399/552/595 463/643/672
f 463/643/672 382/560/597 555/675/706
f 441/648/674 364/676/625 363/623/624
f 382/560/597 466/649/675 505/677/707
f 442/678/708 415/650/676 364/587/625
f 303/485/532 364/587/625 415/650/676
f 467/679/709 416/562/598 468/680/710
f 416/562/598 417/651/677 468/680/710
f 365/589/627 401/563/599 443/681/711
f 443/681/711 402/652/678 365/589/627
f 325/524/630 366/590/629 418/682/712
f 325/524/681 418/682/713 403/654/682
f 444/653/679 326/528/569 419/683/714
f 419/683/714 326/528/569 388/594/631
f 420/684/715 404/655/683 387/567/605
f 349/568/604 404/655/683 350/596/633
f 389/595/632 367/569/606 421/625/659
f 424/685/716 356/658/717 328/573/610
f 426/686/718 369/687/637 356/658/616
f 369/661/719 427/688/720 291/458/721
f 427/688/722 394/634/722 291/458/722
f 333/537/578 429/689/723 293/460/511
f 371/580/619 272/429/476 406/690/692
f 395/691/724 429/689/724 333/537/724
f 79/109/121 371/580/619 358/502/545
f 431/637/667 395/635/666 294/462/513
f 495/692/725 431/637/667 335/464/515
f 495/692/725 335/464/515 396/664/693
f 313/503/546 372/504/547 590/693/726
f 397/638/669 433/694/727 359/604/728
f 398/639/670 359/581/620 433/695/729
f 376/540/696 434/696/730 373/607/731
f 436/697/732 338/541/586 375/608/647
f 436/697/732 340/547/588 338/541/586
f 408/698/700 340/547/588 436/697/732
f 377/609/697 360/582/621 435/699/733
f 361/620/651 411/619/657 501/700/734
f 534/701/735 411/619/657 438/674/704
f 439/702/736 362/585/736 412/703/736
f 413/622/658 362/585/623 439/702/737
f 461/704/738 413/622/658 439/702/737
f 440/705/739 413/622/658 461/704/738
f 414/647/673 413/622/658 440/705/739
f 440/705/740 464/706/741 414/647/673
f 555/675/706 382/560/597 505/677/707
f 441/648/674 442/707/708 364/676/625
f 383/588/626 467/679/709 466/649/675
f 383/588/626 416/562/598 467/679/709
f 415/650/676 443/681/711 401/563/599
f 403/654/682 469/708/742 387/567/680
f 420/684/743 445/709/744 404/655/683
f 389/595/632 541/710/745 388/594/631
f 422/657/684 470/711/746 269/424/470
f 269/424/470 470/711/746 368/571/608
f 405/712/660 391/713/661 446/714/747
f 447/715/748 355/572/609 368/571/608
f 355/572/609 424/685/716 328/573/610
f 448/716/749 392/628/662 423/599/635
f 424/685/716 426/686/750 356/658/717
f 425/659/686 448/716/749 423/599/635
f 369/601/719 426/717/751 427/718/720
f 330/719/577 428/720/687 425/721/686
f 427/688/720 426/686/751 449/722/752
f 393/602/753 394/634/754 449/722/755
f 427/688/756 449/722/756 394/634/756
f 450/723/757 473/724/758 452/725/759
f 451/726/760 452/725/761 473/724/762
f 453/727/763 475/728/764 451/726/760
f 475/728/765 452/725/761 451/726/760
f 195/312/357 370/603/766 406/662/692
f 430/729/767 429/689/723 395/691/768
f 371/580/619 455/730/769 358/502/545
f 358/502/545 455/730/769 397/638/669
f 590/693/726 396/664/693 313/503/546
f 372/504/547 527/731/770 590/693/726
f 375/608/647 374/606/644 456/732/771
f 434/696/730 376/540/696 407/666/695
f 407/666/772 377/609/773 457/733/774
f 457/733/775 377/609/697 435/699/733
f 409/734/699 408/735/700 459/736/776
f 360/737/621 361/620/651 458/738/777
f 458/738/777 361/620/651 501/700/734
f 409/668/778 460/739/779 410/671/780
f 437/740/781 410/671/780 460/739/779
f 410/671/782 437/740/782 380/741/782
f 380/641/654 437/742/783 412/642/671
f 439/743/784 412/642/784 462/744/784
f 461/704/738 439/702/737 462/745/785
f 486/746/786 440/705/739 461/704/738
f 441/648/674 414/647/673 464/706/741
f 465/747/787 441/648/674 504/748/788
f 465/747/787 442/707/708 441/648/674
f 384/520/564 489/749/789 417/651/677
f 384/520/564 385/564/600 489/749/789
f 366/590/629 402/652/678 490/750/790
f 385/564/600 444/653/679 489/749/789
f 444/653/679 419/683/714 511/751/791
f 469/708/742 513/752/792 387/567/793
f 387/567/605 513/752/794 420/684/715
f 419/683/714 388/594/631 541/710/795
f 389/595/632 421/625/659 518/753/796
f 543/754/797 288/450/500 350/596/633
f 491/755/798 390/597/634 405/626/660
f 491/755/798 405/626/660 446/756/747
f 392/628/662 446/757/747 391/629/661
f 471/758/799 424/685/716 355/572/609
f 449/759/755 472/760/800 393/761/753
f 472/760/801 473/724/758 393/761/689
f 473/724/758 450/723/757 474/762/802
f 292/461/512 522/763/803 454/501/544
f 395/635/804 431/637/804 477/764/804
f 455/730/769 478/765/805 397/638/669
f 478/765/805 479/766/806 397/638/669
f 479/766/806 433/694/727 397/638/669
f 432/665/694 527/731/770 372/504/547
f 373/607/731 434/696/730 480/767/807
f 373/607/643 480/767/808 374/768/644
f 375/608/647 456/732/771 481/769/809
f 375/608/647 481/769/809 436/697/732
f 457/733/810 435/699/733 530/770/811
f 481/769/809 482/771/812 436/697/732
f 435/772/733 360/737/621 530/773/811
f 530/773/813 360/737/814 458/738/777
f 482/774/812 408/735/700 436/775/732
f 482/774/812 459/736/815 408/735/700
f 482/774/816 500/776/817 484/777/818
f 482/774/816 484/777/818 459/736/819
f 483/778/820 484/777/821 500/776/822
f 409/668/823 459/779/824 460/739/825
f 501/700/734 411/619/657 534/701/735
f 484/777/821 485/780/826 459/736/824
f 483/778/820 486/746/786 484/777/821
f 486/746/786 485/780/826 484/777/821
f 487/781/827 412/642/671 437/742/783
f 485/780/826 461/704/738 462/745/785
f 487/782/828 462/745/829 412/783/830
f 485/780/826 486/746/786 461/704/738
f 553/784/831 438/674/704 463/643/672
f 553/784/831 463/643/672 503/785/832
f 488/786/833 440/705/739 486/746/786
f 464/706/741 440/705/740 488/786/833
f 504/748/788 441/648/674 464/706/741
f 466/649/675 506/787/834 505/677/707
f 467/679/709 506/787/834 466/649/675
f 402/652/678 443/681/711 490/750/790
f 510/788/835 403/654/682 418/682/713
f 469/708/742 403/654/682 510/788/835
f 518/753/796 541/710/745 389/595/632
f 288/450/500 543/754/797 422/789/684
f 470/711/746 447/715/748 368/571/608
f 492/790/836 392/628/662 448/716/749
f 426/686/837 493/791/838 449/722/839
f 425/792/686 428/660/840 494/793/841
f 449/722/842 493/791/842 472/794/842
f 393/761/689 473/724/758 564/795/843
f 473/796/762 521/797/844 451/798/760
f 451/798/760 521/797/844 453/799/763
f 292/461/512 293/460/511 522/763/803
f 371/580/619 406/690/692 523/800/845
f 570/801/846 477/764/847 431/637/667
f 398/802/670 433/694/729 496/803/848
f 496/803/849 433/694/727 479/766/806
f 497/804/850 527/731/770 432/665/694
f 398/802/670 497/805/850 432/806/694
f 496/803/851 497/805/850 398/802/852
f 456/732/771 374/606/644 480/807/808
f 457/733/774 434/696/853 407/666/772
f 498/808/854 457/733/774 530/770/813
f 481/809/855 499/810/856 482/774/816
f 458/738/777 501/700/734 532/811/857
f 437/812/781 460/813/779 487/782/858
f 459/736/824 485/780/826 460/813/825
f 533/814/859 502/815/860 483/778/820
f 460/813/861 462/745/829 487/782/828
f 485/780/826 462/745/785 460/813/825
f 502/815/860 486/746/786 483/778/820
f 504/748/788 464/706/741 488/786/833
f 503/785/832 463/643/672 555/675/706
f 574/816/862 465/747/787 504/748/788
f 507/817/863 442/707/708 465/747/787
f 442/707/708 507/817/863 415/818/676
f 537/819/864 506/787/834 467/679/709
f 467/679/709 468/680/710 537/819/865
f 489/749/789 468/680/710 417/651/677
f 489/749/789 444/653/679 539/820/866
f 418/682/712 366/590/629 558/821/867
f 418/682/868 558/821/867 510/788/869
f 513/752/792 469/708/742 512/822/870
f 511/751/791 419/683/714 540/823/871
f 445/709/872 514/824/872 515/825/872
f 516/826/873 445/827/874 515/828/875
f 445/709/744 516/829/876 404/655/683
f 562/830/877 404/655/683 516/829/876
f 350/596/633 404/655/683 562/830/877
f 421/625/659 390/597/634 563/831/878
f 390/832/634 491/833/798 563/834/878
f 447/715/748 471/758/799 355/572/609
f 392/628/662 492/790/836 446/757/747
f 426/686/879 424/685/716 519/835/880
f 519/835/880 493/791/838 426/686/837
f 547/836/881 519/835/880 424/685/716
f 448/716/749 425/659/686 494/793/841
f 393/761/689 564/795/843 428/837/690
f 472/838/882 520/839/882 521/797/882
f 473/840/758 472/841/801 521/842/883
f 521/842/884 520/843/885 474/844/886
f 473/724/758 474/762/802 564/795/843
f 474/762/887 549/845/888 564/795/889
f 521/842/884 474/844/886 450/846/890
f 452/847/759 521/842/891 450/846/757
f 521/842/891 452/847/759 453/848/892
f 453/848/893 452/847/893 476/849/893
f 475/850/894 476/851/894 452/852/894
f 370/853/641 44/74/72 247/395/444
f 370/603/766 523/854/845 406/662/692
f 523/800/895 524/855/896 371/580/619
f 524/855/896 525/856/897 371/580/619
f 525/856/897 455/730/769 371/580/619
f 430/857/898 395/635/899 477/764/900
f 526/858/901 455/730/769 525/856/897
f 526/858/901 478/765/805 455/730/769
f 431/637/667 495/692/725 617/859/902
f 617/859/902 495/692/725 619/860/903
f 619/860/903 495/692/725 396/664/693
f 456/732/904 480/807/905 528/861/906
f 529/862/907 456/863/904 528/864/906
f 481/809/855 456/865/908 529/866/907
f 499/810/856 481/809/855 529/866/907
f 530/773/813 458/738/777 498/867/854
f 482/774/816 499/810/856 531/868/909
f 498/867/854 458/738/777 532/811/857
f 500/776/817 482/774/816 531/868/909
f 533/869/859 500/870/910 531/871/909
f 533/869/859 483/872/820 500/870/822
f 627/873/911 501/700/734 534/701/735
f 534/701/735 438/674/704 734/874/912
f 502/815/860 533/814/859 535/875/913
f 486/746/786 502/815/860 488/786/833
f 502/815/860 504/748/788 488/786/833
f 554/876/914 504/748/788 502/815/860
f 574/816/862 504/748/788 554/876/914
f 536/877/915 465/747/787 574/816/862
f 536/877/915 507/817/863 465/747/787
f 537/819/865 576/878/916 506/787/834
f 415/650/676 538/879/917 443/681/711
f 490/750/790 509/880/918 366/590/629
f 557/881/919 489/749/789 539/820/866
f 539/820/866 444/653/679 559/882/920
f 444/653/679 511/751/791 559/882/920
f 559/882/920 511/751/791 540/823/871
f 420/684/715 513/752/794 514/824/921
f 420/684/922 514/824/922 445/709/922
f 515/825/875 542/883/923 516/829/873
f 517/884/924 541/710/795 518/753/796
f 350/596/633 562/830/925 543/754/797
f 518/753/796 421/625/659 544/885/926
f 543/886/797 470/711/746 422/657/684
f 491/833/798 545/887/927 563/834/878
f 545/888/927 491/889/798 446/757/747
f 424/685/716 471/758/799 547/836/881
f 546/890/928 547/836/881 471/758/799
f 519/835/880 582/891/929 493/791/838
f 548/892/930 582/893/929 519/894/880
f 547/895/881 548/892/930 519/894/880
f 472/794/931 493/791/838 520/896/932
f 520/896/932 549/897/933 474/898/934
f 431/637/667 617/859/902 570/801/846
f 478/765/805 550/899/935 479/766/806
f 479/766/806 550/899/935 551/900/936
f 551/900/936 496/803/849 479/766/806
f 528/901/937 480/902/938 571/903/939
f 552/904/940 571/905/939 434/696/853
f 480/902/938 434/906/853 571/903/939
f 552/904/940 434/696/853 457/733/774
f 552/907/940 457/908/774 498/867/854
f 572/909/941 499/810/856 529/866/907
f 552/907/940 498/867/854 595/910/942
f 595/910/942 498/867/854 625/911/943
f 498/867/854 532/811/857 625/911/943
f 533/814/859 531/868/909 573/912/944
f 532/811/857 501/700/734 627/873/911
f 734/874/912 438/674/704 553/784/831
f 554/876/914 502/815/860 535/875/913
f 597/913/945 553/784/831 503/785/832
f 503/785/832 555/675/706 628/914/946
f 599/915/947 555/675/706 505/677/707
f 505/677/707 506/787/834 599/915/947
f 536/877/915 556/916/948 507/817/863
f 576/878/916 599/915/947 506/787/834
f 556/916/948 538/917/917 507/817/863
f 538/917/917 415/818/676 507/817/863
f 538/879/917 490/750/790 443/681/711
f 557/881/919 656/918/949 489/749/789
f 366/590/629 509/880/918 558/821/867
f 469/708/742 510/788/835 512/822/870
f 512/822/870 560/919/950 513/752/792
f 514/824/951 513/752/952 561/920/953
f 540/823/871 419/683/714 541/710/795
f 544/885/926 421/625/659 563/831/878
f 546/890/928 471/758/799 447/715/748
f 546/921/928 581/922/954 547/895/881
f 580/923/955 492/790/836 448/716/749
f 494/924/841 428/837/840 564/795/956
f 493/791/838 549/897/933 520/896/932
f 522/763/803 639/925/957 454/501/544
f 370/853/641 247/395/444 565/926/958
f 370/603/959 565/927/959 523/854/959
f 567/928/960 293/460/511 429/689/723
f 566/929/961 524/855/962 523/800/963
f 477/764/900 568/930/964 430/857/898
f 477/764/847 570/801/846 569/931/965
f 526/858/901 589/932/966 478/765/805
f 478/765/805 589/932/966 550/899/935
f 593/933/967 497/805/850 496/803/851
f 592/934/968 527/935/770 497/805/850
f 529/866/907 528/901/906 704/936/969
f 528/901/937 571/903/939 650/937/970
f 704/936/969 528/901/937 650/937/970
f 595/910/942 647/938/971 552/907/940
f 626/939/972 499/810/856 572/909/941
f 626/939/972 531/868/909 499/810/856
f 573/912/944 531/868/909 626/939/972
f 734/874/912 627/873/911 534/701/735
f 573/940/944 535/941/913 533/869/859
f 536/877/915 574/816/862 575/942/973
f 537/819/865 468/680/710 656/918/949
f 603/943/974 557/881/919 539/820/866
f 510/788/869 560/919/975 512/822/976
f 514/824/977 577/944/978 515/825/979
f 515/825/979 577/944/978 542/883/980
f 542/945/981 578/946/982 516/947/876
f 516/948/876 578/946/982 562/949/877
f 517/884/924 518/753/796 607/950/983
f 518/753/796 544/885/926 607/950/983
f 470/711/746 543/886/797 579/951/984
f 579/951/984 447/715/748 470/711/746
f 685/952/985 446/757/747 492/790/836
f 581/922/954 548/892/930 547/895/881
f 580/923/955 448/716/749 494/793/841
f 493/791/838 582/891/929 583/953/986
f 549/897/933 493/791/838 583/953/986
f 564/795/889 549/845/888 585/954/987
f 584/955/988 585/954/988 549/845/988
f 586/956/989 585/954/990 584/955/991
f 566/957/961 523/958/963 565/959/992
f 293/460/511 567/928/960 522/763/803
f 429/689/723 430/729/767 640/960/993
f 525/856/897 524/855/896 587/961/994
f 526/858/901 525/856/897 587/961/994
f 526/962/901 588/963/995 589/964/996
f 593/933/997 496/803/998 591/965/999
f 496/803/849 551/900/936 591/965/1000
f 592/966/968 590/693/726 527/731/770
f 497/805/850 593/933/967 592/934/968
f 673/967/1001 529/866/907 704/936/969
f 650/937/970 571/903/939 624/968/1002
f 571/903/939 647/938/971 624/968/1002
f 594/969/1003 529/866/907 673/967/1001
f 571/903/939 552/907/940 647/938/971
f 594/969/1003 572/909/941 529/866/907
f 647/938/971 595/910/942 651/970/1004
f 651/970/1004 625/911/943 674/971/1005
f 595/910/942 625/911/943 651/970/1004
f 625/911/943 532/811/857 627/873/911
f 596/972/1006 573/912/944 626/939/972
f 596/972/1006 535/875/913 573/912/944
f 554/876/914 535/875/913 596/972/1006
f 734/874/912 553/784/831 655/973/1007
f 598/974/1008 574/816/862 554/876/914
f 628/914/946 555/675/706 599/915/947
f 599/915/947 601/975/1009 629/976/1010
f 599/915/947 576/878/916 601/975/1009
f 576/878/916 537/819/865 676/977/1011
f 538/879/917 602/978/1012 490/750/790
f 468/680/710 489/749/789 656/918/949
f 508/979/1013 509/880/918 490/750/790
f 603/943/974 539/820/866 604/980/1014
f 539/820/866 559/882/920 604/980/1014
f 604/980/1014 559/882/920 605/981/1015
f 558/821/867 560/919/975 510/788/869
f 560/919/1016 606/982/1017 513/752/952
f 561/920/953 513/752/952 606/982/1017
f 577/944/1018 514/824/1018 632/983/1018
f 608/984/1019 543/754/797 562/830/925
f 563/834/878 545/887/927 744/985/1020
f 609/986/1021 546/987/928 447/715/748
f 685/952/985 545/888/927 446/757/747
f 546/921/928 633/988/1022 581/922/954
f 494/924/1023 564/795/1024 610/989/1025
f 548/990/930 635/991/1026 582/891/929
f 610/989/1027 636/992/1028 494/924/841
f 610/989/1025 564/795/1024 611/993/1029
f 564/795/889 585/954/987 611/993/1030
f 565/926/1031 247/395/1031 612/994/1031
f 565/959/1032 612/995/1033 566/957/1034
f 566/929/1034 613/996/1035 524/855/1036
f 587/961/994 524/855/896 613/996/1037
f 587/997/994 588/963/995 526/998/901
f 568/930/964 477/764/900 614/999/1038
f 477/764/847 569/931/965 614/999/1038
f 641/1000/1039 615/1001/1040 588/963/995
f 615/1001/1040 616/1002/1041 589/964/996
f 588/963/995 615/1001/1040 589/964/996
f 616/1002/1041 618/1003/1042 589/964/996
f 589/964/966 618/1003/1043 550/1004/935
f 669/1005/1044 617/859/902 619/860/903
f 618/1006/1043 620/1007/1045 550/899/935
f 620/1007/1045 551/900/936 550/899/935
f 619/860/903 396/664/693 621/1008/1046
f 551/900/936 620/1007/1045 591/965/1047
f 396/664/693 590/693/726 621/1008/1046
f 697/1009/1048 590/693/726 592/966/968
f 593/933/1049 622/1010/1050 592/934/968
f 701/1011/1051 647/938/971 623/1012/1052
f 623/1012/1052 651/970/1004 648/1013/1053
f 647/938/971 651/970/1004 623/1012/1052
f 652/1014/1054 572/909/941 594/969/1003
f 553/784/831 597/913/945 655/973/1007
f 596/972/1006 598/974/1008 554/876/914
f 597/913/945 503/785/832 782/1015/1055
f 628/914/946 782/1015/1055 503/785/832
f 598/974/1008 575/942/973 574/816/862
f 629/976/1010 628/914/946 599/915/947
f 600/1016/1056 556/916/948 536/877/915
f 676/977/1011 601/975/1009 576/878/916
f 602/978/1012 508/979/1013 490/750/790
f 656/918/949 557/881/919 630/1017/1057
f 557/881/919 603/943/974 630/1017/1057
f 558/821/867 509/880/918 631/1018/1058
f 560/919/975 558/821/867 606/982/1059
f 559/882/920 540/823/871 605/981/1015
f 561/920/953 632/983/1060 514/824/951
f 540/823/871 541/710/795 833/1019/1061
f 544/1020/926 563/834/878 742/1021/1062
f 546/921/928 609/1022/1021 633/988/1022
f 494/793/841 634/1023/1063 580/923/955
f 635/991/1026 548/990/930 581/1024/954
f 583/953/986 637/1025/1064 549/897/933
f 549/1026/1065 638/1027/1065 584/1028/1065
f 549/1026/1066 637/1029/1066 638/1027/1066
f 586/1030/989 584/1031/1067 638/1032/1068
f 566/957/1034 612/995/1033 613/1033/1035
f 429/689/723 640/960/993 567/928/960
f 568/1034/1069 640/960/1069 430/729/1069
f 641/1000/1070 587/997/994 663/1035/1071
f 587/997/994 641/1000/1070 588/963/1072
f 641/1000/1039 642/1036/1073 615/1001/1040
f 615/1037/1074 642/1038/1074 616/1039/1074
f 616/1039/1075 642/1038/1076 643/1040/1077
f 570/801/846 617/859/902 667/1041/1078
f 618/1042/1079 616/1039/1079 644/1043/1079
f 644/1043/1080 616/1039/1080 643/1040/1080
f 644/1043/1081 645/1044/1082 618/1042/1083
f 645/1044/1082 646/1045/1084 618/1042/1083
f 618/1003/1085 646/1046/1085 620/1047/1085
f 697/1009/1048 621/1008/1046 590/693/726
f 701/1011/1051 623/1012/1052 648/1013/1053
f 649/1048/1086 624/968/1002 672/1049/1087
f 672/1049/1087 647/938/971 701/1011/1051
f 624/968/1002 647/938/971 672/1049/1087
f 650/937/970 624/968/1002 649/1048/1086
f 651/970/1004 674/971/1005 648/1013/1053
f 674/971/1005 625/911/943 653/1050/1088
f 652/1014/1054 654/1051/1089 572/909/941
f 572/909/941 654/1051/1089 626/939/972
f 575/942/973 598/974/1008 675/1052/1090
f 707/1053/1091 536/1054/915 575/1055/973
f 707/1053/1091 600/1056/1056 536/1054/915
f 678/1057/1092 676/977/1011 537/819/865
f 537/819/865 656/918/949 678/1057/1092
f 604/980/1014 859/1058/1093 603/943/974
f 631/1018/1058 606/982/1059 558/821/867
f 605/981/1015 540/823/871 833/1019/1061
f 577/944/1094 578/1059/982 542/883/981
f 607/1060/983 544/1020/926 742/1021/1062
f 658/1061/1095 579/1062/984 543/754/797
f 563/834/878 659/1063/1096 742/1021/1062
f 684/1064/1097 609/986/1021 447/715/748
f 492/790/836 580/923/955 686/1065/1098
f 635/1066/1026 581/922/954 688/1067/1099
f 636/1068/1028 634/1023/1063 494/793/841
f 637/1025/1100 583/953/1100 660/1069/1100
f 583/953/986 582/891/929 635/991/1101
f 638/1032/1102 637/1070/1103 585/1071/987
f 586/1030/989 638/1032/1068 585/1071/990
f 662/1072/1104 613/1033/1105 692/1073/1106
f 612/995/1033 692/1073/1107 613/1033/1035
f 613/1033/1037 662/1072/1108 587/997/994
f 662/1072/1108 663/1035/1071 587/997/994
f 663/1035/1109 664/1074/1109 641/1000/1109
f 641/1075/1110 664/1076/1111 642/1038/1076
f 569/931/965 665/1077/1112 614/999/1038
f 666/1078/1113 642/1079/1076 664/1080/1111
f 666/1078/1113 643/1081/1077 642/1079/1076
f 666/1078/1113 644/1082/1114 643/1081/1077
f 668/1083/1115 645/1084/1082 644/1082/1081
f 668/1083/1115 644/1082/1116 666/1078/1113
f 617/859/902 669/1005/1044 667/1041/1078
f 620/1047/1117 646/1046/1117 670/1085/1117
f 619/860/903 621/1008/1046 669/1005/1044
f 671/1086/1118 620/1047/1119 670/1085/1120
f 671/1087/1118 591/965/1121 620/1007/1119
f 593/933/997 591/965/999 622/1010/1050
f 701/1011/1051 648/1013/1053 729/1088/1122
f 728/1089/1123 672/1049/1087 700/1090/1124
f 700/1090/1124 672/1049/1087 701/1011/1051
f 650/937/970 649/1048/1086 760/1091/1125
f 704/936/969 650/937/970 760/1091/1125
f 703/1092/1126 648/1013/1053 674/971/1005
f 625/911/943 627/873/911 653/1050/1088
f 596/972/1006 626/939/972 654/1051/1089
f 598/974/1008 596/972/1006 705/1093/1127
f 675/1052/1090 598/974/1008 705/1093/1127
f 735/1094/1128 782/1015/1055 628/914/946
f 575/1055/973 675/1095/1090 736/1096/1129
f 628/914/946 629/976/1010 737/1097/1130
f 676/977/1011 629/976/1010 601/975/1009
f 600/1016/1056 677/1098/1131 556/916/948
f 678/1057/1092 809/1099/1132 676/977/1011
f 677/1098/1131 538/917/917 556/916/948
f 677/1098/1131 602/1100/1012 538/917/917
f 679/1101/1133 508/979/1013 602/978/1012
f 508/979/1013 631/1018/1058 509/880/918
f 631/1018/1058 680/1102/1134 606/982/1017
f 680/1102/1134 657/1103/1135 606/982/1017
f 657/1103/1135 561/920/953 606/982/1017
f 561/920/953 657/1103/1135 632/983/1136
f 681/1104/1137 682/1105/1138 632/983/1139
f 682/1105/1140 577/944/1141 632/983/1142
f 577/944/1141 682/1105/1140 683/1106/1143
f 577/944/1144 683/1106/1144 578/1059/1144
f 833/1107/1061 541/1108/795 517/1109/924
f 743/1110/1145 684/1064/1146 579/951/1147
f 579/951/984 684/1064/1097 447/715/748
f 545/888/927 685/952/985 744/1111/1020
f 685/952/985 492/790/836 686/1065/1098
f 581/922/954 633/988/1022 687/1112/1148
f 583/953/1149 635/991/1026 689/1113/1150
f 610/1114/1151 637/1025/1151 660/1069/1151
f 611/1115/1152 637/1116/1152 610/1117/1152
f 637/1070/1103 611/1118/1030 585/1071/987
f 691/1119/1153 612/1120/1154 247/1121/444
f 612/1122/1155 691/1123/1156 692/1124/1157
f 693/1125/1158 662/1126/1104 692/1124/1106
f 663/1127/1159 693/1125/1160 694/1128/1161
f 693/1125/1162 663/1127/1071 662/1126/1108
f 664/1076/1111 663/1127/1159 694/1128/1161
f 666/1078/1113 664/1080/1111 694/1129/1161
f 665/1077/1112 569/931/965 570/801/846
f 667/1041/1078 665/1077/1112 570/801/846
f 668/1083/1115 695/1130/1163 645/1084/1082
f 645/1084/1082 695/1130/1163 646/1131/1084
f 695/1130/1163 670/1132/1164 646/1131/1084
f 696/1133/1165 671/1086/1165 670/1085/1165
f 669/1005/1044 621/1008/1046 777/1134/1166
f 592/966/968 759/1135/1167 697/1009/1048
f 622/1010/1050 698/1136/1168 592/934/968
f 727/1137/1169 700/1090/1124 699/1138/1170
f 699/1138/1170 701/1011/1051 729/1088/1122
f 700/1090/1124 701/1011/1051 699/1138/1170
f 729/1088/1122 648/1013/1053 703/1092/1126
f 702/1139/1171 672/1049/1087 728/1089/1123
f 760/1091/1125 649/1048/1086 672/1049/1087
f 704/936/969 731/1140/1172 673/967/1001
f 731/1140/1172 594/969/1003 673/967/1001
f 703/1092/1126 674/971/1005 732/1141/1173
f 762/1142/1174 654/1051/1089 652/1014/1054
f 653/1050/1088 627/873/911 734/874/912
f 735/1094/1128 628/914/946 706/1143/1175
f 737/1097/1130 706/1143/1175 628/914/946
f 707/1144/1091 708/1145/1176 600/1146/1056
f 676/977/1011 786/1147/1177 629/976/1010
f 656/918/949 630/1017/1057 678/1057/1092
f 602/978/1012 709/1148/1178 679/1101/1133
f 630/1017/1057 603/943/974 859/1058/1093
f 604/980/1014 605/981/1015 741/1149/1179
f 680/1102/1134 710/1150/1180 657/1103/1181
f 605/1151/1015 833/1152/1061 789/1153/1182
f 657/1103/1183 681/1104/1183 632/983/1183
f 683/1106/1184 711/1154/1184 578/1059/1184
f 578/1155/982 712/1156/1185 562/830/877
f 562/830/925 712/1156/1185 608/984/1019
f 607/1060/983 742/1021/1062 713/1157/1186
f 658/1061/1095 543/754/797 608/984/1019
f 658/1158/1095 743/1110/1187 579/951/984
f 714/1159/1188 609/1022/1021 684/1160/1097
f 686/1161/1098 746/1162/1189 685/1163/985
f 714/1159/1188 633/988/1022 609/1022/1021
f 634/1023/1063 686/1065/1098 580/923/955
f 714/1159/1188 687/1112/1148 633/988/1022
f 687/1112/1148 688/1067/1099 581/922/954
f 660/1069/1190 583/953/1149 689/1113/1150
f 660/1069/1191 689/1113/1192 610/1114/1193
f 690/1164/1194 716/1165/1194 717/1166/1194
f 247/395/444 1205/214/247 750/1167/1195
f 567/928/960 718/1168/1196 522/763/803
f 692/1124/1157 719/1169/1197 693/1125/1198
f 721/1170/1199 666/1078/1113 694/1129/1161
f 722/1171/1200 666/1172/1113 721/1173/1199
f 668/1174/1115 666/1172/1113 722/1171/1200
f 723/1175/1201 668/1174/1115 722/1171/1200
f 724/1176/1202 668/1174/1115 723/1175/1201
f 696/1177/1203 670/1132/1164 695/1130/1163
f 668/1083/1115 725/1178/1204 695/1130/1163
f 724/1179/1202 725/1178/1204 668/1083/1115
f 667/1041/1078 669/1005/1044 777/1134/1166
f 671/1180/1205 696/1181/1206 726/1182/1207
f 695/1130/1208 755/1183/1209 696/1177/1210
f 753/1184/1211 727/1137/1212 725/1178/1213
f 727/1137/1169 699/1138/1170 725/1178/1204
f 754/1185/1214 700/1090/1124 727/1137/1169
f 671/1087/1118 757/1186/1215 591/965/1121
f 757/1186/1216 622/1010/1050 591/965/999
f 725/1178/1204 699/1138/1170 758/1187/1217
f 754/1185/1218 728/1089/1123 700/1090/1124
f 699/1138/1170 729/1088/1122 758/1187/1217
f 698/1136/1168 759/1188/1167 592/934/968
f 730/1189/1219 702/1139/1171 728/1089/1123
f 702/1139/1171 760/1091/1125 672/1049/1087
f 731/1140/1172 704/936/969 851/1190/1220
f 703/1092/1126 732/1141/1173 826/1191/1221
f 733/1192/1222 594/969/1003 731/1140/1172
f 594/969/1003 733/1192/1222 652/1014/1054
f 653/1050/1088 853/1193/1223 674/971/1005
f 763/1194/1224 596/972/1006 654/1051/1089
f 829/1195/1225 734/874/912 655/973/1007
f 763/1194/1224 705/1093/1127 596/972/1006
f 655/973/1007 597/913/945 830/1196/1226
f 736/1096/1129 783/1197/1227 575/1055/973
f 575/1055/973 783/1197/1227 738/1198/1228
f 708/1199/1176 707/1200/1091 739/1201/1229
f 708/1199/1176 677/1098/1131 600/1016/1056
f 708/1199/1176 740/1202/1230 677/1098/1131
f 677/1203/1131 709/1148/1178 602/978/1012
f 679/1101/1133 631/1018/1058 508/979/1013
f 787/1204/1231 859/1058/1093 604/980/1014
f 741/1205/1179 605/1151/1015 789/1153/1182
f 657/1103/1232 710/1150/1180 681/1104/1233
f 578/1059/982 711/1154/1234 712/1156/1185
f 768/1206/1235 607/1060/983 713/1157/1186
f 743/1207/1187 658/1061/1095 608/984/1019
f 659/1063/1096 563/834/878 744/985/1020
f 745/1208/1236 685/1163/985 746/1162/1189
f 610/1114/1027 634/1023/1063 636/1068/1028
f 610/1114/1193 689/1113/1192 634/1023/1063
f 748/1209/1237 715/1210/1237 717/1211/1237
f 749/1212/1238 717/1166/1239 716/1165/1240
f 750/1213/1195 691/1119/1153 247/1121/444
f 719/1169/1197 692/1124/1157 691/1123/1156
f 694/1128/1161 693/1125/1160 719/1169/1241
f 568/1034/1242 751/1214/1243 640/960/993
f 568/1034/964 614/1215/1038 751/1214/1244
f 694/1129/1161 720/1216/1245 721/1170/1199
f 721/1173/1199 752/1217/1246 722/1171/1200
f 723/1218/1201 753/1184/1211 724/1179/1202
f 727/1137/1212 753/1184/1211 723/1218/1247
f 722/1219/1200 754/1185/1218 723/1218/1201
f 754/1185/1214 727/1137/1169 723/1218/1248
f 753/1184/1211 725/1178/1213 724/1179/1202
f 696/1181/1210 755/1220/1209 726/1182/1249
f 725/1178/1204 779/1221/1250 695/1130/1163
f 726/1222/1207 756/1223/1251 671/1086/1205
f 725/1178/1204 758/1187/1217 779/1221/1250
f 671/1087/1205 756/1224/1251 757/1186/1252
f 728/1089/1123 754/1185/1218 776/1225/1253
f 780/1226/1254 777/1134/1166 621/1008/1046
f 801/1227/1255 779/1221/1250 758/1187/1217
f 621/1008/1046 697/1009/1256 780/1226/1254
f 776/1225/1253 730/1189/1219 728/1089/1123
f 622/1010/1050 757/1186/1216 698/1136/1168
f 729/1088/1122 703/1092/1126 758/1187/1217
f 851/1190/1220 704/936/969 760/1091/1125
f 852/1228/1257 826/1191/1221 732/1141/1173
f 762/1229/1174 652/1230/1054 761/1231/1258
f 653/1050/1088 828/1232/1259 853/1193/1223
f 762/1142/1174 763/1194/1224 654/1051/1089
f 830/1196/1226 597/913/945 782/1015/1055
f 705/1093/1127 805/1233/1260 675/1052/1090
f 707/1053/1091 575/1055/973 738/1198/1228
f 707/1053/1091 738/1198/1228 764/1234/1261
f 764/1235/1261 739/1201/1229 707/1200/1091
f 786/1236/1177 785/1237/1262 629/1238/1010
f 708/1199/1176 739/1201/1229 765/1239/1263
f 786/1147/1177 676/977/1011 809/1099/1132
f 765/1239/1263 740/1202/1230 708/1199/1176
f 766/1240/1264 677/1098/1131 740/1202/1230
f 945/1241/1265 678/1057/1092 630/1017/1057
f 682/1105/1138 767/1242/1266 683/1106/1267
f 833/1107/1061 517/1109/924 768/1206/1235
f 768/1206/1235 517/1109/924 607/1060/983
f 608/984/1019 712/1156/1185 769/1243/1268
f 743/1244/1269 608/1245/1269 770/1246/1269
f 743/1110/1145 836/1247/1270 684/1064/1146
f 791/1248/1271 838/1249/1272 684/1250/1097
f 714/1251/1188 684/1250/1097 838/1249/1272
f 744/1252/1020 685/1163/985 745/1208/1236
f 634/1023/1063 771/1253/1273 686/1065/1098
f 688/1067/1099 687/1112/1148 772/1254/1274
f 747/1255/1275 635/991/1026 688/1256/1099
f 717/1211/1276 773/1257/1277 748/1209/1278
f 719/1258/1279 720/1216/1245 694/1129/1161
f 720/1259/1245 795/1260/1280 721/1173/1199
f 795/1260/1281 774/1261/1282 721/1173/1283
f 721/1173/1283 774/1261/1282 752/1217/1284
f 775/1262/1285 754/1185/1218 722/1219/1200
f 776/1225/1253 754/1185/1218 775/1262/1285
f 726/1263/1249 778/1264/1286 756/1265/1287
f 755/1183/1209 778/1266/1286 726/1267/1249
f 695/1130/1163 779/1221/1250 755/1183/1288
f 703/1092/1126 826/1191/1221 849/1268/1289
f 702/1139/1171 730/1189/1219 802/1269/1290
f 761/1231/1258 652/1230/1054 733/1270/1222
f 674/971/1005 853/1193/1223 732/1141/1173
f 828/1232/1259 653/1050/1088 829/1195/1225
f 781/1271/1291 763/1272/1224 762/1229/1174
f 653/1050/1088 734/874/912 829/1195/1225
f 829/1195/1225 655/973/1007 830/1196/1226
f 675/1052/1090 805/1233/1260 736/1273/1129
f 784/1274/1292 735/1275/1128 706/1276/1175
f 706/1276/1175 737/1277/1130 784/1274/1292
f 629/976/1010 785/1278/1262 737/1097/1130
f 709/1148/1178 788/1279/1293 679/1101/1133
f 679/1101/1133 788/1279/1293 631/1018/1058
f 787/1204/1231 604/980/1014 741/1149/1179
f 811/1280/1294 789/1153/1182 833/1107/1061
f 710/1150/1180 790/1281/1295 681/1104/1233
f 790/1281/1295 682/1105/1138 681/1104/1137
f 683/1106/1296 767/1242/1297 711/1154/1298
f 769/1243/1299 812/1282/1299 608/984/1299
f 812/1282/1300 770/1283/1301 608/984/1302
f 791/1284/1271 684/1064/1097 836/1247/1303
f 746/1285/1189 686/1065/1098 813/1286/1304
f 686/1065/1098 771/1253/1273 813/1286/1304
f 687/1287/1148 714/1288/1188 841/1289/1305
f 792/1290/1306 841/1289/1305 714/1288/1188
f 689/1113/1150 635/991/1026 747/1255/1275
f 747/1255/1275 793/1291/1307 689/1113/1308
f 715/1292/1309 748/1293/1310 716/1165/1311
f 716/1165/1311 748/1293/1310 749/1212/1238
f 717/1211/1239 749/1294/1238 773/1257/1277
f 567/928/960 817/1295/1312 718/1168/1196
f 640/960/993 817/1295/1312 567/928/960
f 614/999/1038 665/1077/1112 796/1296/1313
f 795/1260/1314 797/1297/1315 774/1261/1316
f 775/1262/1285 722/1219/1200 752/1298/1284
f 798/1299/1317 776/1225/1253 775/1262/1285
f 665/1077/1112 667/1041/1078 799/1300/1318
f 667/1041/1078 777/1134/1166 799/1300/1318
f 800/1301/1319 756/1265/1287 778/1264/1286
f 779/1221/1320 822/1302/1321 755/1183/1322
f 756/1223/1251 800/1303/1323 757/1304/1252
f 822/1302/1324 779/1221/1250 801/1227/1255
f 800/1305/1325 824/1306/1325 757/1186/1325
f 820/1307/1326 730/1189/1219 776/1225/1253
f 824/1306/1327 698/1136/1168 757/1186/1328
f 758/1187/1217 848/1308/1329 801/1227/1255
f 697/1009/1256 823/1309/1330 780/1226/1254
f 823/1309/1331 697/1009/1048 759/1135/1167
f 698/1136/1168 824/1306/1327 825/1310/1332
f 848/1308/1329 703/1092/1126 849/1268/1289
f 758/1187/1217 703/1092/1126 848/1308/1329
f 698/1136/1168 825/1310/1332 759/1188/1167
f 760/1091/1125 702/1139/1171 802/1269/1290
f 851/1190/1220 760/1091/1125 802/1269/1333
f 827/1311/1334 733/1270/1222 731/1312/1172
f 732/1141/1173 853/1193/1223 852/1228/1257
f 762/1229/1174 761/1231/1258 781/1271/1291
f 803/1313/1335 763/1272/1224 781/1271/1291
f 803/1313/1335 804/1314/1336 763/1315/1224
f 763/1194/1224 804/1316/1336 705/1093/1127
f 705/1317/1127 804/1318/1336 805/1319/1260
f 736/1096/1129 805/1320/1260 806/1321/1337
f 783/1197/1227 736/1096/1129 806/1321/1337
f 878/1322/1338 735/1094/1128 784/1323/1292
f 738/1198/1228 783/1197/1227 831/1324/1339
f 808/1325/1340 739/1326/1229 807/1327/1341
f 739/1201/1229 808/1328/1340 765/1239/1263
f 808/1328/1340 740/1202/1230 765/1239/1263
f 809/1099/1132 678/1057/1092 945/1241/1265
f 766/1329/1264 709/1148/1178 677/1203/1131
f 945/1241/1265 630/1017/1057 859/1058/1093
f 680/1102/1134 631/1018/1058 788/1279/1293
f 810/1330/1342 680/1102/1134 788/1279/1293
f 710/1150/1180 680/1102/1134 810/1330/1342
f 790/1281/1295 767/1242/1266 682/1105/1138
f 712/1156/1185 711/1154/1234 769/1243/1268
f 770/1331/1343 836/1247/1270 743/1110/1145
f 659/1332/1096 744/1252/1020 865/1333/1344
f 813/1286/1304 745/1334/1236 746/1285/1189
f 838/1335/1272 839/1336/1345 714/1288/1188
f 747/1337/1275 688/1067/1099 772/1254/1274
f 689/1113/1308 793/1291/1307 815/1338/1346
f 687/1287/1148 841/1289/1305 772/1339/1274
f 750/1340/1195 816/1341/1347 691/1119/1348
f 816/1342/1349 719/1343/1197 691/1344/1156
f 719/1169/1279 794/1345/1350 720/1259/1245
f 751/1214/1243 818/1346/1351 640/960/993
f 720/1259/1245 794/1345/1350 795/1260/1280
f 819/1347/1352 797/1297/1315 795/1260/1314
f 775/1262/1285 752/1298/1284 774/1348/1282
f 798/1299/1317 775/1262/1285 774/1348/1353
f 871/1349/1354 776/1225/1253 798/1299/1317
f 800/1350/1355 778/1266/1286 755/1183/1209
f 755/1183/1322 822/1302/1321 800/1350/1356
f 800/1303/1357 821/1351/1357 824/1352/1357
f 801/1227/1255 848/1308/1329 822/1302/1358
f 825/1310/1332 823/1353/1331 759/1188/1167
f 802/1269/1290 730/1189/1219 820/1307/1326
f 851/1354/1220 894/1355/1359 731/1312/1172
f 855/1356/1360 830/1196/1226 782/1015/1055
f 737/1277/1130 785/1357/1262 784/1274/1292
f 764/1234/1261 832/1358/1361 739/1326/1229
f 832/1358/1361 807/1327/1341 739/1326/1229
f 786/1147/1177 809/1099/1132 1055/1359/1362
f 790/1281/1295 710/1150/1180 810/1330/1342
f 790/1281/1295 834/1360/1363 767/1242/1266
f 834/1360/1364 711/1154/1298 767/1242/1297
f 834/1360/1364 835/1361/1365 711/1154/1298
f 861/1362/1366 833/1107/1061 768/1206/1235
f 711/1154/1298 835/1361/1365 769/1243/1367
f 769/1243/1368 835/1361/1365 812/1282/1369
f 836/1363/1370 770/1283/1301 812/1282/1300
f 837/1364/1371 768/1206/1235 713/1157/1186
f 837/1364/1371 713/1157/1186 742/1021/1062
f 745/1208/1236 949/1365/1372 744/1252/1020
f 714/1288/1373 839/1336/1373 792/1290/1373
f 771/1253/1273 886/1366/1374 813/1286/1304
f 814/1367/1375 771/1253/1273 634/1023/1063
f 747/1337/1275 772/1254/1274 840/1368/1376
f 748/1369/1377 843/1370/1378 842/1371/1379
f 748/1372/1278 773/1257/1277 843/1373/1380
f 719/1343/1381 816/1342/1382 844/1374/1383
f 844/1375/1384 794/1345/1350 719/1169/1279
f 794/1345/1350 845/1376/1385 795/1260/1386
f 845/1376/1385 846/1377/1387 795/1260/1386
f 846/1377/1388 819/1347/1352 795/1260/1314
f 798/1299/1317 774/1348/1353 797/1378/1315
f 799/1300/1318 973/1379/1389 665/1077/1112
f 871/1380/1354 820/1381/1326 776/1382/1253
f 820/1381/1326 871/1380/1390 914/1383/1391
f 799/1300/1318 777/1134/1166 847/1384/1392
f 824/1306/1393 821/1385/1393 872/1386/1393
f 800/1350/1394 873/1387/1395 821/1388/1396
f 800/1350/1356 822/1302/1321 873/1387/1397
f 850/1389/1398 802/1269/1290 820/1307/1326
f 802/1269/1333 850/1389/1398 851/1190/1220
f 826/1191/1221 918/1390/1399 849/1268/1289
f 826/1191/1221 852/1228/1257 918/1390/1399
f 827/1311/1334 731/1312/1172 894/1355/1359
f 733/1270/1222 827/1311/1334 875/1391/1400
f 761/1231/1258 733/1270/1222 919/1392/1401
f 781/1271/1291 761/1231/1258 854/1393/1402
f 828/1232/1259 829/1195/1225 876/1394/1403
f 782/1015/1055 735/1094/1128 855/1356/1360
f 856/1395/1404 805/1233/1260 877/1396/1405
f 805/1233/1260 856/1395/1404 806/1397/1337
f 738/1198/1228 831/1324/1339 764/1234/1261
f 764/1234/1261 831/1324/1339 857/1398/1406
f 764/1234/1261 857/1398/1406 832/1358/1361
f 897/1399/1407 785/1278/1262 786/1147/1177
f 858/1400/1408 808/1325/1340 807/1327/1341
f 881/1401/1409 788/1279/1293 709/1148/1178
f 787/1402/1231 741/1205/1179 860/1403/1410
f 862/1404/1411 863/1405/1412 836/1406/1413
f 836/1406/1413 863/1405/1412 791/1407/1271
f 742/1021/1062 864/1408/1414 837/1364/1371
f 742/1021/1062 659/1063/1096 864/1408/1414
f 863/1405/1412 838/1409/1272 791/1407/1271
f 864/1410/1414 659/1411/1096 865/1412/1344
f 744/1252/1020 949/1365/1372 865/1333/1344
f 792/1290/1415 839/1336/1415 866/1413/1415
f 634/1023/1063 689/1113/1192 814/1367/1375
f 867/1414/1416 815/1338/1417 793/1291/1307
f 840/1415/1376 772/1339/1274 841/1289/1305
f 868/1416/1418 793/1291/1307 747/1255/1275
f 748/1417/1419 842/1418/1419 869/1419/1419
f 844/1375/1384 870/1420/1420 794/1345/1350
f 870/1420/1420 845/1376/1385 794/1345/1350
f 821/1388/1396 873/1387/1395 872/1421/1421
f 820/1381/1326 914/1383/1391 889/1422/1422
f 777/1134/1166 780/1226/1254 847/1384/1392
f 872/1423/1423 874/1424/1423 824/1425/1423
f 822/1302/1358 848/1308/1329 873/1387/1424
f 915/1426/1425 780/1226/1254 823/1309/1330
f 874/1427/1426 892/1428/1426 824/1306/1426
f 892/1428/1427 825/1310/1332 824/1306/1327
f 848/1308/1329 849/1268/1289 873/1387/1424
f 894/1355/1359 875/1391/1400 827/1311/1334
f 733/1270/1222 875/1391/1400 919/1392/1401
f 854/1393/1402 761/1231/1258 919/1392/1401
f 940/1429/1428 853/1193/1223 828/1232/1259
f 828/1232/1259 876/1394/1403 921/1430/1429
f 803/1313/1335 896/1431/1430 804/1314/1336
f 805/1432/1260 804/1314/1336 877/1433/1405
f 783/1434/1227 960/1435/1431 831/1436/1339
f 879/1437/1432 807/1327/1341 832/1358/1361
f 807/1327/1341 879/1437/1432 858/1400/1408
f 880/1438/1433 881/1401/1409 766/1329/1264
f 766/1329/1264 881/1401/1409 709/1148/1178
f 860/1403/1410 741/1205/1179 1364/1439/1434
f 811/1280/1294 882/1440/1435 789/1153/1182
f 790/1281/1295 883/1441/1436 834/1360/1363
f 833/1107/1061 861/1362/1366 811/1280/1294
f 835/1361/1365 902/1442/1437 812/1282/1369
f 812/1282/1438 902/1442/1438 884/1443/1438
f 812/1282/1439 884/1443/1439 836/1363/1439
f 884/1443/1440 862/1444/1411 836/1363/1413
f 813/1286/1304 927/1445/1441 745/1334/1236
f 839/1336/1345 885/1446/1442 866/1413/1443
f 841/1289/1444 792/1290/1444 866/1413/1444
f 689/1113/1308 815/1338/1346 814/1367/1445
f 840/1415/1376 841/1289/1446 909/1447/1447
f 840/1415/1376 868/1416/1418 747/1255/1275
f 749/1448/1238 748/1417/1310 869/1419/1448
f 749/1212/1238 869/1449/1448 773/1450/1277
f 522/763/803 718/1168/1196 952/1451/1449
f 952/1451/1449 639/925/957 522/763/803
f 796/1452/1313 751/1214/1244 614/1215/1038
f 846/1453/1388 871/1380/1390 819/1454/1352
f 871/1380/1354 797/1455/1315 819/1454/1352
f 797/1455/1315 871/1380/1354 798/1456/1317
f 888/1457/1450 796/1296/1313 665/1077/1112
f 973/1379/1389 888/1457/1450 665/1077/1112
f 890/1458/1451 891/1459/1451 874/1460/1451
f 874/1461/1452 872/1462/1452 890/1463/1452
f 780/1226/1254 915/1426/1425 847/1384/1392
f 890/1464/1453 872/1421/1421 873/1387/1395
f 850/1465/1398 820/1381/1326 889/1422/1422
f 916/1466/1454 890/1464/1455 873/1387/1456
f 849/1268/1289 916/1466/1454 873/1387/1424
f 825/1310/1332 892/1428/1427 823/1353/1331
f 823/1353/1457 892/1428/1458 938/1467/1459
f 849/1268/1289 918/1390/1399 916/1466/1454
f 851/1354/1220 850/1468/1398 893/1469/1460
f 851/1354/1220 893/1469/1460 894/1355/1359
f 852/1228/1257 939/1470/1461 918/1390/1399
f 939/1470/1461 852/1228/1257 1008/1471/1462
f 852/1228/1257 853/1193/1223 1008/1471/1462
f 1008/1471/1462 853/1193/1223 940/1429/1428
f 828/1232/1259 921/1430/1429 940/1429/1428
f 895/1472/1463 803/1313/1335 781/1271/1291
f 855/1356/1360 735/1094/1128 878/1322/1338
f 878/1322/1338 784/1323/1292 942/1473/1464
f 806/1474/1337 960/1435/1431 783/1434/1227
f 1055/1359/1362 897/1399/1407 786/1147/1177
f 879/1437/1432 898/1475/1465 858/1400/1466
f 808/1325/1340 858/1400/1408 899/1476/1467
f 808/1328/1340 899/1477/1467 740/1202/1230
f 740/1202/1230 899/1477/1467 900/1478/1468
f 766/1240/1264 740/1202/1230 900/1478/1468
f 741/1205/1179 789/1153/1182 901/1479/1469
f 810/1330/1342 883/1441/1436 790/1281/1295
f 835/1361/1365 834/1360/1364 902/1442/1437
f 837/1364/1371 903/1480/1470 768/1206/1235
f 862/1481/1471 904/1482/1472 863/1483/1412
f 838/1409/1272 863/1405/1412 905/1484/1473
f 839/1485/1345 838/1409/1272 905/1484/1473
f 927/1486/1441 949/1365/1372 745/1208/1236
f 886/1366/1374 771/1253/1273 906/1487/1474
f 841/1289/1446 866/1413/1443 907/1488/1475
f 906/1487/1474 771/1253/1273 814/1367/1375
f 867/1489/1416 887/1490/1476 815/1491/1477
f 908/1492/1478 867/1414/1416 793/1291/1307
f 868/1416/1418 908/1492/1478 793/1291/1307
f 869/1419/1479 842/1418/1379 910/1493/1480
f 911/1494/1481 844/1375/1383 816/1495/1382
f 640/960/993 818/1346/1351 817/1295/1312
f 912/1496/1482 846/1377/1483 845/1376/1484
f 874/1497/1485 891/1498/1485 892/1499/1485
f 989/1500/1486 850/1501/1398 889/1502/1422
f 890/1464/1455 916/1466/1454 955/1503/1487
f 823/1309/1330 917/1504/1488 915/1426/1425
f 781/1271/1291 854/1393/1402 920/1505/1489
f 895/1472/1463 781/1271/1291 920/1505/1489
f 876/1394/1403 829/1195/1225 1010/1506/1490
f 895/1472/1463 896/1431/1430 803/1313/1335
f 829/1507/1225 830/1508/1226 1010/1509/1490
f 855/1510/1360 941/1511/1491 830/1508/1226
f 804/1314/1336 896/1431/1430 877/1433/1405
f 858/1400/1466 898/1475/1465 899/1476/1467
f 880/1438/1433 766/1512/1264 900/1513/1468
f 945/1241/1265 859/1058/1093 787/1514/1231
f 881/1401/1409 880/1438/1433 922/1515/1492
f 901/1479/1469 789/1153/1182 882/1440/1435
f 883/1441/1436 923/1516/1493 834/1360/1363
f 834/1360/1494 923/1516/1494 902/1442/1494
f 884/1443/1495 902/1442/1495 924/1517/1495
f 924/1517/1496 925/1518/1497 884/1443/1440
f 925/1518/1497 862/1444/1411 884/1443/1440
f 905/1519/1473 863/1520/1412 904/1521/1472
f 839/1336/1345 905/1522/1473 965/1523/1498
f 839/1336/1345 965/1523/1498 885/1446/1442
f 950/1524/1499 927/1445/1441 813/1286/1304
f 906/1487/1474 814/1367/1375 929/1525/1500
f 814/1367/1375 815/1338/1477 929/1525/1500
f 867/1414/1416 908/1492/1478 930/1526/1501
f 909/1447/1447 951/1527/1502 840/1415/1376
f 887/1490/1476 867/1489/1416 931/1528/1503
f 931/1528/1503 867/1489/1416 930/1529/1501
f 931/1528/1503 932/1530/1504 887/1490/1505
f 931/1528/1503 910/1531/1480 842/1532/1379
f 639/925/957 952/1451/1449 454/501/544
f 816/1533/1347 750/1340/1195 933/1534/1506
f 846/1377/1388 912/1496/1482 913/1535/1507
f 913/1536/1507 871/1380/1390 846/1453/1388
f 847/1384/1392 935/1537/1508 799/1300/1318
f 891/1538/1509 890/1464/1509 955/1503/1509
f 936/1539/1510 892/1540/1511 891/1541/1512
f 891/1542/1513 955/1543/1513 936/1544/1513
f 893/1469/1460 850/1468/1398 989/1545/1486
f 823/1353/1457 938/1467/1459 917/1546/1514
f 991/1547/1515 875/1391/1400 894/1355/1359
f 916/1466/1454 918/1390/1399 993/1548/1516
f 918/1390/1399 939/1470/1461 993/1548/1516
f 830/1508/1226 941/1511/1491 1010/1509/1490
f 960/1549/1431 961/1550/1517 831/1324/1339
f 831/1324/1339 961/1550/1517 857/1398/1406
f 785/1357/1262 943/1551/1518 784/1274/1292
f 785/1357/1262 897/1552/1407 943/1551/1518
f 857/1398/1406 979/1553/1519 832/1358/1361
f 980/1554/1520 879/1437/1432 832/1358/1361
f 944/1555/1521 898/1475/1465 879/1437/1432
f 881/1401/1409 1015/1556/1522 788/1279/1293
f 788/1279/1293 981/1557/1523 810/1330/1342
f 741/1205/1179 901/1479/1469 947/1558/1524
f 883/1441/1436 810/1330/1342 946/1559/1525
f 924/1517/1526 902/1442/1526 923/1516/1526
f 903/1480/1470 861/1362/1366 768/1206/1235
f 925/1518/1527 948/1560/1528 862/1444/1471
f 948/1560/1528 904/1521/1472 862/1444/1471
f 926/1561/1529 837/1364/1371 864/1408/1414
f 864/1408/1414 865/1562/1344 949/1563/1372
f 886/1366/1374 928/1564/1530 813/1286/1304
f 868/1416/1418 840/1415/1376 951/1527/1502
f 931/1528/1503 842/1532/1379 932/1530/1504
f 842/1565/1379 843/1373/1378 932/1566/1504
f 816/1533/1382 933/1534/1531 911/1567/1481
f 911/1494/1532 953/1568/1533 844/1375/1384
f 953/1568/1533 870/1420/1420 844/1375/1384
f 845/1376/1484 954/1569/1534 912/1496/1482
f 972/1570/1535 871/1380/1390 913/1536/1507
f 914/1383/1391 871/1380/1390 972/1570/1535
f 973/1379/1389 799/1300/1318 934/1571/1536
f 935/1537/1508 934/1571/1536 799/1300/1318
f 847/1384/1392 915/1426/1425 935/1537/1508
f 936/1572/1510 937/1573/1537 892/1428/1511
f 956/1574/1538 892/1428/1511 937/1573/1537
f 916/1466/1454 993/1548/1516 955/1503/1487
f 875/1391/1400 975/1575/1539 919/1392/1401
f 939/1470/1461 1008/1471/1462 993/1548/1516
f 919/1392/1401 957/1576/1540 854/1393/1402
f 896/1431/1430 895/1472/1463 958/1577/1541
f 856/1578/1404 877/1433/1405 959/1579/1542
f 856/1580/1404 960/1435/1431 806/1474/1337
f 857/1398/1406 961/1550/1517 979/1553/1519
f 809/1099/1132 962/1581/1543 1055/1359/1362
f 945/1241/1265 962/1581/1543 809/1099/1132
f 945/1582/1265 787/1583/1231 1058/1584/1544
f 1015/1556/1522 881/1401/1409 1036/1585/1545
f 860/1403/1410 997/1586/1546 787/1402/1231
f 1364/1439/1434 741/1205/1179 947/1558/1524
f 811/1280/1294 861/1362/1366 963/1587/1547
f 864/1588/1414 949/1365/1372 985/1589/1548
f 905/1522/1473 964/1590/1549 965/1523/1498
f 927/1445/1441 950/1524/1499 1019/1591/1550
f 950/1524/1499 813/1286/1304 928/1564/1530
f 885/1446/1442 907/1488/1475 866/1413/1443
f 909/1447/1447 907/1488/1475 967/1592/1551
f 909/1447/1447 841/1289/1446 907/1488/1475
f 930/1526/1501 908/1492/1478 966/1593/1552
f 909/1447/1447 967/1592/1551 951/1527/1502
f 887/1594/1476 932/1566/1553 815/1595/1477
f 910/1493/1480 931/1596/1503 930/1597/1501
f 910/1493/1480 968/1598/1554 869/1419/1479
f 843/1373/1378 969/1599/1555 932/1566/1504
f 1205/214/247 970/1600/1556 750/1167/1195
f 870/1420/1557 953/1568/1558 971/1601/1559
f 845/1376/1560 870/1420/1557 954/1569/1561
f 870/1420/1557 971/1601/1559 954/1569/1561
f 914/1383/1391 972/1570/1535 974/1602/1562
f 955/1503/1563 937/1603/1537 936/1604/1510
f 990/1605/1564 937/1603/1537 955/1503/1487
f 956/1574/1538 938/1467/1565 892/1428/1511
f 955/1503/1487 993/1548/1516 990/1605/1564
f 919/1392/1401 975/1575/1539 957/1576/1540
f 854/1393/1402 957/1576/1540 976/1606/1566
f 854/1393/1402 976/1606/1566 920/1505/1489
f 895/1472/1463 977/1607/1567 958/1577/1541
f 958/1577/1541 978/1608/1568 896/1431/1430
f 896/1431/1430 978/1608/1568 877/1433/1405
f 978/1608/1568 959/1579/1542 877/1433/1405
f 784/1323/1292 1032/1609/1569 942/1473/1464
f 995/1610/1570 944/1555/1521 879/1437/1432
f 900/1513/1468 899/1476/1467 996/1611/1571
f 922/1515/1492 1036/1585/1545 881/1401/1409
f 1058/1612/1544 787/1402/1231 1120/1613/1572
f 860/1403/1410 1364/1439/1434 997/1586/1546
f 946/1559/1525 810/1330/1342 981/1557/1523
f 923/1516/1573 982/1614/1574 924/1517/1496
f 925/1615/1497 924/1616/1496 982/1617/1574
f 948/1560/1575 983/1618/1576 904/1521/1472
f 904/1521/1472 984/1619/1577 905/1519/1473
f 864/1408/1414 985/1620/1548 926/1561/1529
f 885/1446/1442 965/1523/1498 1018/1621/1578
f 886/1366/1374 906/1487/1474 928/1564/1530
f 1018/1621/1578 907/1488/1475 885/1446/1442
f 815/1338/1477 932/1622/1553 929/1525/1500
f 930/1597/1579 968/1598/1554 910/1493/1480
f 773/1450/1277 869/1449/1448 843/1623/1380
f 986/1624/1580 817/1295/1312 818/1346/1351
f 912/1625/1482 1005/1626/1581 913/1536/1507
f 913/1536/1507 1005/1626/1581 972/1570/1535
f 988/1627/1582 796/1296/1313 888/1457/1450
f 973/1379/1389 988/1627/1582 888/1457/1450
f 914/1383/1391 974/1602/1562 889/1422/1422
f 973/1379/1389 934/1571/1536 1006/1628/1583
f 1028/1629/1584 894/1355/1359 893/1469/1460
f 894/1355/1359 1028/1629/1584 991/1547/1515
f 917/1630/1488 992/1631/1585 915/1632/1425
f 991/1547/1515 975/1575/1539 875/1391/1400
f 1009/1633/1586 940/1429/1428 921/1430/1429
f 920/1505/1489 977/1607/1567 895/1472/1463
f 856/1580/1404 1012/1634/1587 960/1435/1431
f 1032/1609/1569 784/1323/1292 943/1635/1518
f 980/1554/1520 832/1358/1361 979/1553/1519
f 879/1437/1432 980/1554/1520 995/1610/1570
f 944/1555/1521 1014/1636/1588 898/1475/1465
f 898/1475/1465 1014/1636/1588 899/1476/1467
f 1015/1556/1522 981/1557/1523 788/1279/1293
f 882/1440/1435 811/1280/1294 998/1637/1589
f 883/1441/1436 1061/1638/1590 923/1516/1493
f 923/1516/1591 999/1639/1591 982/1614/1591
f 1000/1640/1592 948/1560/1575 925/1518/1593
f 1000/1640/1592 983/1618/1576 948/1560/1575
f 983/1618/1576 1002/1641/1594 904/1521/1472
f 904/1521/1472 1002/1641/1594 984/1619/1577
f 964/1590/1549 905/1522/1473 984/1642/1577
f 964/1590/1549 1003/1643/1595 965/1523/1498
f 908/1492/1478 1043/1644/1596 966/1593/1552
f 930/1597/1597 966/1645/1597 968/1598/1597
f 951/1527/1502 908/1492/1478 868/1416/1418
f 911/1494/1598 933/1646/1598 953/1568/1598
f 933/1646/1599 971/1601/1559 953/1568/1558
f 912/1496/1482 954/1569/1534 1005/1647/1581
f 987/1648/1600 818/1346/1351 751/1214/1243
f 1006/1649/1583 988/1627/1582 973/1379/1389
f 989/1545/1486 889/1422/1422 1085/1650/1601
f 893/1469/1460 989/1545/1486 1028/1629/1584
f 1007/1651/1602 937/1652/1537 990/1605/1564
f 915/1426/1425 992/1653/1603 935/1537/1508
f 1007/1654/1602 956/1574/1538 937/1573/1537
f 917/1546/1604 938/1467/1605 1029/1655/1606
f 938/1467/1607 956/1574/1607 1029/1655/1607
f 975/1575/1539 991/1547/1515 1048/1656/1608
f 993/1548/1516 994/1657/1609 990/1605/1564
f 975/1575/1539 1068/1658/1610 957/1576/1540
f 993/1548/1516 1008/1471/1462 994/1657/1609
f 876/1394/1403 1010/1659/1490 1030/1660/1611
f 855/1510/1360 878/1661/1338 1011/1662/1612
f 856/1580/1404 959/1663/1542 1012/1634/1587
f 1013/1664/1613 878/1661/1338 942/1665/1464
f 897/1552/1407 1055/1666/1362 943/1551/1518
f 899/1476/1467 1014/1636/1588 996/1611/1571
f 900/1513/1468 922/1515/1492 880/1438/1433
f 923/1516/1493 1061/1638/1590 999/1639/1614
f 963/1587/1547 998/1637/1589 811/1280/1294
f 999/1667/1615 1016/1668/1615 982/1669/1615
f 982/1617/1616 1016/1670/1616 925/1615/1616
f 925/1518/1617 1016/1671/1618 1000/1640/1619
f 1001/1672/1620 983/1618/1621 1000/1640/1622
f 983/1618/1576 1001/1672/1623 1002/1641/1594
f 837/1364/1371 1039/1673/1624 903/1480/1470
f 837/1364/1371 926/1561/1529 1039/1673/1624
f 949/1563/1372 1004/1674/1625 1040/1675/1626
f 1018/1621/1578 965/1523/1498 1003/1643/1595
f 927/1445/1441 1004/1676/1625 949/1677/1372
f 950/1524/1499 1080/1678/1627 1019/1591/1550
f 1018/1621/1578 1020/1679/1628 907/1488/1475
f 932/1622/1629 1022/1680/1629 929/1525/1629
f 1021/1681/1630 966/1593/1630 1043/1644/1630
f 969/1599/1555 1022/1682/1631 932/1566/1504
f 1023/1683/1632 1043/1644/1596 908/1492/1478
f 951/1527/1633 1023/1683/1632 908/1492/1478
f 968/1684/1634 966/1685/1635 1021/1686/1636
f 869/1449/1479 968/1684/1554 843/1623/1637
f 843/1373/1378 1024/1687/1638 969/1599/1555
f 933/1688/1506 750/1167/1195 970/1600/1556
f 1025/1689/1639 954/1569/1561 971/1601/1559
f 1045/1690/1640 818/1346/1351 987/1648/1600
f 751/1214/1244 796/1452/1313 1026/1691/1641
f 1085/1650/1601 889/1422/1422 974/1602/1562
f 1027/1692/1642 1028/1629/1584 989/1545/1486
f 956/1574/1643 1049/1693/1644 1029/1655/1606
f 1049/1694/1644 1007/1651/1602 990/1605/1564
f 1068/1658/1610 975/1575/1539 1048/1656/1608
f 976/1606/1566 1051/1695/1645 920/1505/1489
f 1009/1633/1586 921/1430/1429 1030/1660/1611
f 1030/1660/1611 921/1430/1429 876/1394/1403
f 855/1510/1360 1011/1662/1612 941/1511/1491
f 878/1661/1338 1013/1664/1613 1011/1662/1612
f 1012/1634/1587 1031/1696/1646 960/1435/1431
f 960/1549/1431 1033/1697/1647 961/1550/1517
f 1034/1698/1648 995/1610/1570 980/1554/1520
f 962/1699/1543 945/1582/1265 1058/1584/1544
f 996/1700/1571 922/1701/1492 900/1702/1468
f 1120/1613/1572 787/1402/1231 997/1586/1546
f 901/1479/1469 1059/1703/1649 947/1558/1524
f 1061/1704/1590 883/1705/1436 946/1706/1525
f 1000/1640/1619 1016/1671/1618 1037/1707/1650
f 1000/1640/1622 1037/1707/1651 1038/1708/1652
f 1038/1708/1652 1001/1672/1620 1000/1640/1622
f 861/1362/1366 903/1480/1470 1039/1673/1624
f 984/1642/1653 1062/1709/1654 964/1590/1549
f 1017/1710/1655 926/1561/1529 985/1620/1548
f 949/1563/1372 1040/1675/1626 985/1620/1548
f 1004/1676/1625 927/1445/1441 1019/1591/1550
f 950/1524/1499 928/1564/1530 1080/1678/1627
f 906/1487/1474 929/1525/1500 1041/1711/1656
f 1021/1681/1657 1042/1712/1657 1082/1713/1657
f 968/1684/1634 1021/1686/1636 1024/1714/1658
f 968/1684/1659 1024/1714/1638 843/1623/1378
f 969/1599/1555 1024/1687/1658 1022/1682/1631
f 817/1295/1312 986/1624/1580 718/1168/1196
f 818/1346/1351 1045/1690/1640 986/1624/1580
f 751/1214/1244 1026/1691/1641 987/1648/1600
f 796/1452/1313 988/1715/1582 1046/1716/1660
f 989/1545/1486 1085/1650/1601 1027/1692/1642
f 1006/1628/1583 934/1571/1536 1047/1717/1661
f 1007/1654/1602 1049/1718/1644 956/1574/1662
f 917/1546/1488 1086/1719/1663 992/1720/1585
f 1029/1655/1606 1086/1719/1664 917/1546/1604
f 1049/1694/1644 990/1605/1564 1067/1721/1665
f 1067/1721/1665 990/1605/1564 994/1657/1609
f 957/1576/1540 1069/1722/1666 976/1606/1566
f 976/1606/1566 1069/1722/1666 1051/1695/1645
f 1052/1723/1667 920/1505/1489 1051/1695/1645
f 920/1505/1489 1052/1723/1667 977/1607/1567
f 977/1607/1567 1052/1723/1667 1053/1724/1668
f 977/1607/1567 1053/1724/1668 958/1577/1541
f 1010/1509/1490 941/1511/1491 1070/1725/1669
f 1054/1726/1670 978/1608/1568 958/1577/1541
f 942/1727/1464 1032/1728/1569 1013/1664/1613
f 960/1549/1431 1031/1729/1646 1033/1697/1647
f 1056/1730/1671 980/1554/1520 979/1553/1519
f 944/1555/1521 995/1610/1570 1057/1731/1672
f 1014/1636/1588 944/1555/1521 1057/1731/1673
f 1060/1732/1674 901/1479/1469 882/1440/1435
f 1061/1638/1590 1016/1671/1675 999/1639/1614
f 963/1587/1547 861/1362/1366 1039/1673/1624
f 1017/1710/1655 1039/1673/1624 926/1561/1529
f 985/1620/1548 1063/1733/1676 1017/1710/1655
f 985/1620/1548 1040/1675/1626 1063/1733/1676
f 906/1487/1474 1041/1711/1656 928/1564/1530
f 1081/1734/1677 929/1525/1500 1022/1680/1678
f 1021/1681/1679 1043/1644/1596 1042/1712/1680
f 967/1592/1551 1148/1735/1681 951/1527/1633
f 1023/1683/1632 1064/1736/1682 1043/1644/1596
f 1065/1737/1683 933/1534/1506 970/1738/1556
f 1044/1739/1684 971/1740/1685 1065/1741/1686
f 1065/1741/1686 971/1740/1685 933/1742/1687
f 971/1601/1559 1044/1743/1684 1025/1689/1639
f 972/1570/1535 1084/1744/1688 974/1602/1562
f 992/1745/1689 1066/1746/1689 935/1747/1689
f 1068/1658/1610 1069/1722/1666 957/1576/1540
f 1115/1748/1690 994/1657/1609 1008/1471/1462
f 940/1429/1428 1115/1748/1690 1008/1471/1462
f 1136/1749/1691 1115/1748/1690 940/1429/1428
f 1136/1749/1691 940/1429/1428 1009/1633/1586
f 1053/1724/1668 1054/1726/1670 958/1577/1541
f 959/1579/1542 1087/1750/1692 1012/1751/1587
f 1033/1752/1647 1071/1753/1693 961/1754/1517
f 1088/1755/1694 1032/1728/1569 943/1551/1518
f 979/1553/1519 961/1550/1517 1071/1756/1693
f 1088/1755/1694 943/1551/1518 1055/1666/1362
f 1034/1698/1695 980/1554/1520 1056/1730/1671
f 1055/1666/1362 962/1699/1543 1088/1755/1694
f 1014/1636/1588 1057/1731/1673 1072/1757/1696
f 996/1700/1571 1035/1758/1697 922/1701/1492
f 981/1557/1523 1073/1759/1698 946/1559/1525
f 901/1479/1469 1060/1732/1674 1059/1703/1649
f 1074/1760/1699 946/1559/1525 1089/1761/1700
f 946/1706/1525 1074/1762/1699 1061/1704/1590
f 1075/1763/1701 1060/1732/1674 882/1440/1435
f 998/1637/1589 1075/1763/1701 882/1440/1435
f 1061/1638/1590 1076/1764/1702 1016/1671/1618
f 1016/1671/1618 1076/1764/1702 1037/1707/1650
f 1001/1672/1623 1091/1765/1703 1002/1641/1594
f 984/1619/1577 1002/1641/1594 1092/1766/1704
f 984/1642/1653 1077/1767/1705 1062/1709/1654
f 964/1590/1549 1062/1709/1654 1003/1643/1595
f 1078/1768/1706 1018/1621/1578 1003/1643/1595
f 1018/1621/1578 1078/1768/1706 1020/1679/1628
f 1020/1679/1628 967/1592/1551 907/1488/1475
f 1081/1734/1677 1041/1711/1656 929/1525/1500
f 1043/1644/1596 1064/1736/1682 1042/1712/1680
f 1024/1714/1658 1021/1686/1636 1112/1769/1707
f 1022/1682/1631 1024/1687/1658 1112/1770/1707
f 970/1600/1556 1205/214/247 1668/1771/1708
f 1025/1689/1639 1044/1743/1684 1094/1772/1709
f 1025/1689/1639 1083/1773/1710 954/1569/1561
f 954/1774/1711 1095/1775/1712 1005/1626/1581
f 1005/1626/1581 1095/1775/1712 972/1570/1535
f 1046/1716/1660 1026/1691/1641 796/1452/1313
f 1113/1776/1713 1027/1692/1642 1085/1650/1601
f 1028/1629/1584 1132/1777/1714 991/1547/1515
f 991/1547/1515 1132/1777/1714 1048/1656/1608
f 935/1537/1508 1047/1717/1661 934/1571/1536
f 1050/1778/1715 992/1720/1585 1086/1719/1663
f 1049/1694/1644 1067/1721/1665 1098/1779/1716
f 1102/1780/1717 1009/1633/1586 1030/1660/1611
f 1054/1726/1670 1087/1750/1692 978/1608/1568
f 978/1608/1568 1087/1750/1692 959/1579/1542
f 979/1781/1519 1071/1782/1693 1056/1783/1671
f 1104/1784/1718 1034/1698/1648 1056/1730/1671
f 962/1699/1543 1058/1584/1544 1160/1785/1719
f 1035/1758/1697 1036/1786/1545 922/1701/1492
f 997/1586/1546 1364/1439/1434 1107/1787/1720
f 1089/1761/1700 946/1559/1525 1073/1759/1698
f 1076/1764/1702 1061/1638/1590 1074/1760/1699
f 1037/1707/1650 1076/1764/1702 1038/1708/1721
f 1038/1708/1652 1090/1788/1722 1001/1672/1620
f 1091/1765/1703 1001/1672/1623 1090/1788/1723
f 1092/1766/1704 1002/1641/1594 1091/1765/1703
f 1092/1766/1704 1077/1789/1705 984/1619/1653
f 1039/1673/1624 1017/1710/1655 1109/1790/1724
f 1004/1674/1625 1093/1791/1725 1040/1675/1626
f 928/1564/1530 1126/1792/1726 1080/1678/1627
f 1082/1793/1727 1112/1769/1707 1021/1686/1636
f 952/1451/1449 718/1168/1196 1206/1794/1728
f 1096/1795/1729 974/1602/1562 1084/1744/1688
f 1085/1650/1601 974/1602/1562 1096/1795/1729
f 988/1796/1582 1006/1797/1583 1097/1798/1730
f 1006/1797/1583 1047/1799/1661 1097/1798/1730
f 1027/1692/1642 1113/1776/1713 1028/1629/1584
f 1049/1693/1644 1098/1800/1716 1029/1655/1606
f 1050/1778/1731 1066/1801/1732 992/1720/1733
f 1029/1655/1606 1098/1800/1716 1086/1719/1664
f 1068/1658/1610 1099/1802/1734 1069/1722/1666
f 1136/1749/1691 1009/1633/1586 1102/1780/1717
f 1051/1695/1645 1101/1803/1735 1052/1723/1667
f 1030/1804/1611 1010/1509/1490 1158/1805/1736
f 941/1511/1491 1011/1662/1612 1070/1725/1669
f 1087/1806/1692 1103/1807/1737 1012/1634/1587
f 995/1610/1570 1034/1698/1648 1119/1808/1738
f 995/1610/1739 1119/1808/1740 1057/1731/1673
f 1072/1757/1696 1057/1731/1673 1105/1809/1741
f 1076/1764/1742 1090/1788/1722 1038/1708/1652
f 1123/1810/1743 963/1587/1547 1039/1673/1624
f 1004/1676/1625 1019/1591/1550 1079/1811/1744
f 1080/1678/1627 1110/1812/1745 1019/1591/1550
f 1041/1711/1656 1111/1813/1746 1127/1814/1747
f 1128/1815/1748 1081/1816/1677 1022/1682/1678
f 1148/1735/1681 1023/1683/1632 951/1527/1633
f 1044/1743/1684 1065/1817/1686 1094/1772/1709
f 1094/1772/1709 1083/1773/1710 1025/1689/1639
f 1083/1818/1749 1095/1775/1712 954/1774/1711
f 988/1796/1582 1097/1798/1730 1131/1819/1750
f 1185/1820/1751 1132/1777/1714 1028/1629/1584
f 1132/1777/1714 1114/1821/1752 1048/1656/1608
f 935/1537/1508 1066/1822/1753 1047/1717/1661
f 1048/1656/1608 1114/1821/1752 1068/1658/1610
f 994/1657/1609 1115/1748/1690 1135/1823/1754
f 1069/1722/1666 1100/1824/1755 1051/1695/1645
f 1051/1695/1645 1100/1824/1755 1101/1803/1735
f 1101/1803/1735 1116/1825/1756 1052/1723/1667
f 1158/1826/1736 1102/1780/1717 1030/1660/1611
f 1116/1825/1756 1053/1724/1668 1052/1723/1667
f 1010/1509/1490 1070/1725/1669 1158/1805/1736
f 1012/1634/1587 1103/1807/1737 1031/1696/1646
f 1032/1728/1569 1117/1827/1757 1013/1664/1613
f 1088/1755/1694 1117/1827/1757 1032/1728/1569
f 1033/1697/1647 1031/1729/1646 1118/1828/1758
f 1056/1783/1671 1138/1829/1759 1104/1830/1718
f 1034/1831/1648 1104/1832/1718 1119/1833/1738
f 1072/1757/1696 1121/1834/1760 1014/1636/1588
f 996/1611/1571 1014/1636/1588 1121/1834/1760
f 1035/1835/1697 996/1611/1571 1121/1834/1760
f 1015/1556/1522 1036/1585/1545 1106/1836/1761
f 1106/1836/1761 981/1557/1523 1015/1556/1522
f 1106/1836/1761 1108/1837/1762 981/1557/1523
f 1089/1761/1700 1073/1759/1698 1122/1838/1763
f 1017/1710/1655 1124/1839/1764 1109/1790/1724
f 1063/1733/1676 1124/1839/1764 1017/1710/1655
f 1063/1733/1676 1040/1675/1626 1125/1840/1765
f 1040/1675/1626 1093/1791/1725 1125/1840/1765
f 1004/1674/1625 1079/1841/1744 1093/1791/1725
f 928/1564/1530 1127/1814/1747 1126/1792/1726
f 1041/1711/1656 1127/1814/1747 928/1564/1530
f 967/1592/1551 1020/1679/1628 1147/1842/1766
f 1167/1843/1767 1147/1842/1766 1020/1679/1628
f 1041/1711/1656 1081/1734/1677 1111/1813/1746
f 1081/1734/1677 1128/1844/1768 1111/1813/1746
f 1042/1712/1769 1129/1845/1769 1082/1713/1769
f 1064/1736/1682 1129/1845/1770 1042/1712/1771
f 1128/1844/1768 1022/1846/1631 1112/1847/1707
f 1148/1735/1681 1149/1848/1772 1023/1683/1632
f 1130/1849/1773 986/1624/1580 1045/1690/1640
f 1184/1850/1774 1045/1690/1640 987/1648/1600
f 1095/1775/1712 1084/1744/1688 972/1570/1535
f 1131/1819/1750 1046/1851/1660 988/1796/1582
f 1085/1650/1601 1096/1795/1729 1113/1776/1713
f 1185/1820/1751 1028/1629/1584 1113/1776/1713
f 1097/1852/1730 1047/1717/1661 1133/1853/1775
f 1047/1717/1776 1066/1822/1777 1156/1854/1778
f 1098/1800/1716 1134/1855/1779 1086/1719/1780
f 1067/1721/1665 994/1657/1609 1135/1823/1754
f 1069/1722/1666 1099/1802/1734 1100/1824/1755
f 1116/1825/1756 1101/1803/1735 1137/1856/1781
f 1053/1724/1668 1116/1825/1756 1054/1726/1670
f 1071/1782/1693 1138/1829/1759 1056/1783/1671
f 1119/1808/1782 1104/1784/1783 1139/1857/1784
f 1088/1755/1694 962/1699/1543 1160/1785/1719
f 1035/1758/1697 1140/1858/1785 1036/1786/1545
f 1244/1859/1786 1364/1439/1434 947/1558/1524
f 981/1557/1523 1108/1837/1762 1073/1759/1698
f 947/1558/1524 1059/1703/1649 1244/1859/1786
f 1074/1760/1699 1164/1860/1787 1076/1764/1702
f 1076/1764/1788 1164/1860/1787 1141/1861/1789
f 1141/1861/1789 1090/1788/1723 1076/1764/1788
f 1142/1862/1790 1075/1763/1701 998/1637/1589
f 1091/1765/1703 1090/1788/1723 1143/1863/1791
f 1091/1765/1703 1144/1864/1792 1092/1766/1704
f 1166/1865/1793 1062/1709/1654 1077/1767/1705
f 1063/1733/1676 1125/1840/1765 1124/1839/1764
f 1062/1709/1654 1146/1866/1794 1003/1643/1595
f 1078/1768/1706 1003/1643/1595 1146/1866/1794
f 1020/1679/1628 1078/1768/1706 1167/1843/1767
f 967/1592/1551 1147/1842/1766 1148/1735/1681
f 1112/1847/1707 1129/1845/1770 1128/1844/1768
f 1082/1713/1727 1129/1845/1795 1112/1847/1707
f 1023/1683/1632 1149/1848/1772 1150/1867/1796
f 1065/1817/1797 1151/1868/1797 1094/1772/1797
f 1094/1772/1709 1151/1869/1798 1083/1773/1710
f 1095/1775/1712 1154/1870/1799 1084/1744/1688
f 1026/1691/1641 1046/1716/1660 1155/1871/1800
f 1156/1854/1801 1133/1853/1775 1047/1717/1661
f 1086/1719/1802 1134/1855/1803 1157/1872/1804
f 1098/1779/1716 1067/1721/1665 1134/1873/1779
f 1067/1721/1665 1135/1823/1754 1134/1873/1779
f 1100/1824/1755 1137/1856/1781 1101/1803/1735
f 1138/1874/1805 1139/1857/1805 1104/1784/1805
f 1119/1808/1740 1161/1875/1806 1057/1731/1673
f 1162/1876/1807 1105/1809/1741 1057/1731/1673
f 1035/1835/1697 1121/1834/1760 1163/1877/1808
f 1036/1585/1545 1140/1878/1785 1106/1836/1761
f 1089/1879/1700 1164/1880/1787 1074/1762/1699
f 998/1637/1589 963/1587/1547 1142/1862/1790
f 963/1587/1547 1123/1810/1743 1142/1862/1790
f 1144/1864/1792 1165/1881/1809 1092/1766/1704
f 1092/1882/1704 1166/1865/1793 1077/1767/1705
f 1093/1791/1725 1145/1883/1810 1125/1840/1765
f 1019/1591/1550 1201/1884/1811 1079/1811/1744
f 1110/1885/1745 1201/1886/1811 1019/1887/1550
f 1202/1888/1812 1080/1678/1627 1126/1792/1726
f 1023/1683/1632 1150/1867/1796 1183/1889/1813
f 952/1451/1449 1206/1794/1728 454/501/544
f 1065/1737/1683 970/1890/1556 1151/1891/1814
f 986/1624/1580 1265/1892/1815 718/1168/1196
f 1151/1891/1814 1168/1893/1816 1083/1818/1749
f 1083/1818/1749 1168/1893/1816 1095/1775/1712
f 1168/1893/1816 1152/1894/1817 1095/1775/1712
f 1026/1691/1641 1153/1895/1818 987/1648/1600
f 1084/1744/1688 1154/1870/1799 1096/1795/1729
f 1086/1719/1802 1157/1872/1804 1191/1896/1819
f 1169/1897/1820 1137/1856/1781 1100/1824/1755
f 1116/1825/1756 1170/1898/1821 1054/1726/1670
f 1171/1899/1822 1070/1725/1669 1011/1662/1612
f 1087/1750/1692 1054/1726/1670 1172/1900/1823
f 1159/1901/1824 1117/1827/1757 1088/1755/1694
f 1071/1782/1825 1173/1902/1826 1138/1829/1827
f 1138/1874/1828 1174/1903/1828 1139/1857/1828
f 1119/1808/1782 1139/1857/1784 1175/1904/1829
f 1161/1875/1806 1162/1876/1807 1057/1731/1673
f 1163/1905/1808 1140/1858/1785 1035/1758/1697
f 1164/1860/1787 1177/1906/1830 1141/1861/1789
f 1141/1861/1789 1177/1906/1830 1090/1788/1723
f 1091/1765/1703 1143/1863/1791 1144/1864/1792
f 1109/1790/1724 1123/1810/1743 1039/1673/1624
f 1124/1839/1764 1216/1907/1831 1109/1790/1724
f 1217/1908/1832 1062/1709/1654 1166/1865/1793
f 1078/1768/1706 1146/1866/1794 1179/1909/1833
f 1080/1678/1627 1202/1888/1812 1110/1812/1745
f 1167/1843/1767 1181/1910/1834 1147/1842/1766
f 1127/1814/1747 1111/1813/1746 1180/1911/1835
f 1129/1845/1770 1204/1912/1836 1128/1844/1768
f 1023/1683/1632 1182/1913/1837 1064/1736/1682
f 987/1648/1600 1153/1895/1818 1184/1850/1774
f 1154/1870/1799 1095/1775/1712 1152/1894/1817
f 1097/1798/1730 1133/1914/1775 1186/1915/1838
f 1132/1777/1714 1187/1916/1839 1114/1821/1752
f 1133/1853/1775 1156/1854/1801 1188/1917/1840
f 1189/1918/1841 1068/1658/1610 1114/1821/1752
f 1134/1873/1779 1190/1919/1842 1157/1920/1843
f 1086/1719/1663 1191/1896/1844 1050/1778/1715
f 1115/1748/1690 1136/1749/1691 1192/1921/1845
f 1298/1922/1846 1136/1749/1691 1102/1780/1717
f 1137/1856/1781 1193/1923/1847 1116/1825/1756
f 1116/1825/1756 1193/1923/1847 1194/1924/1848
f 1158/1805/1736 1070/1725/1669 1222/1925/1849
f 1236/1926/1850 1070/1725/1669 1171/1899/1822
f 1054/1726/1670 1170/1898/1821 1172/1900/1823
f 1087/1750/1692 1172/1900/1823 1103/1927/1737
f 1013/1664/1613 1239/1928/1851 1011/1662/1612
f 1033/1752/1647 1195/1929/1852 1071/1753/1693
f 1071/1756/1825 1195/1930/1853 1173/1931/1826
f 1138/1829/1854 1173/1902/1826 1241/1932/1855
f 1138/1874/1854 1241/1933/1855 1174/1903/1856
f 1174/1903/1856 1196/1934/1857 1139/1857/1858
f 1139/1857/1784 1196/1934/1859 1175/1904/1829
f 1175/1904/1860 1161/1875/1860 1119/1808/1860
f 1160/1785/1719 1058/1584/1544 1176/1935/1861
f 1176/1935/1861 1058/1584/1544 1120/1936/1572
f 1072/1757/1696 1197/1937/1862 1121/1834/1760
f 1122/1838/1763 1073/1759/1698 1226/1938/1863
f 1122/1939/1763 1198/1940/1864 1089/1879/1700
f 1089/1879/1700 1198/1940/1864 1164/1880/1787
f 1090/1788/1723 1177/1906/1830 1178/1941/1865
f 1090/1788/1723 1178/1941/1865 1143/1863/1791
f 1165/1942/1809 1199/1943/1866 1092/1882/1704
f 1092/1882/1704 1199/1943/1866 1166/1865/1793
f 1199/1943/1867 1308/1944/1868 1166/1865/1793
f 1217/1908/1832 1146/1866/1794 1062/1709/1654
f 1079/1841/1744 1200/1945/1869 1093/1791/1725
f 1110/1885/1745 1202/1946/1812 1201/1886/1811
f 1126/1792/1726 1203/1947/1870 1202/1888/1812
f 1254/1948/1871 1180/1911/1835 1111/1813/1746
f 1148/1735/1681 1147/1842/1766 1149/1848/1772
f 1182/1913/1872 1023/1683/1632 1183/1889/1813
f 1046/1851/1660 1131/1819/1750 1155/1949/1800
f 1096/1795/1729 1154/1870/1799 1207/1950/1873
f 1113/1776/1713 1096/1795/1729 1208/1951/1874
f 1208/1951/1874 1185/1820/1751 1113/1776/1713
f 1185/1820/1751 1219/1952/1875 1132/1777/1714
f 1219/1952/1875 1187/1916/1839 1132/1777/1714
f 1189/1918/1841 1209/1953/1876 1068/1658/1610
f 1156/1854/1778 1066/1822/1777 1210/1954/1877
f 1191/1896/1819 1157/1872/1804 1211/1955/1878
f 1068/1658/1610 1209/1953/1879 1099/1802/1734
f 1212/1956/1880 1099/1802/1734 1209/1953/1879
f 1099/1802/1734 1169/1897/1820 1100/1824/1755
f 1213/1957/1881 1137/1856/1781 1169/1897/1820
f 1193/1923/1847 1137/1856/1781 1213/1957/1881
f 1222/1925/1849 1070/1725/1669 1236/1926/1850
f 1116/1825/1756 1194/1924/1848 1170/1898/1882
f 1011/1662/1612 1239/1928/1851 1171/1899/1822
f 1013/1664/1613 1117/1827/1757 1239/1928/1851
f 1031/1729/1646 1240/1958/1883 1118/1828/1758
f 1033/1752/1647 1118/1959/1758 1195/1929/1852
f 1174/1903/1856 1214/1960/1884 1196/1934/1857
f 1072/1757/1696 1105/1809/1741 1215/1961/1885
f 1197/1937/1862 1072/1757/1696 1215/1961/1885
f 1120/1613/1572 997/1586/1546 1225/1962/1886
f 1108/1837/1762 1226/1938/1863 1073/1759/1698
f 1244/1859/1786 1059/1703/1649 1246/1963/1887
f 1059/1703/1649 1060/1732/1674 1246/1963/1887
f 1144/1864/1792 1143/1863/1791 1165/1881/1809
f 1079/1841/1744 1201/1886/1811 1200/1945/1869
f 1127/1814/1747 1180/1911/1835 1126/1792/1726
f 1151/1891/1814 970/1890/1556 1218/1964/1888
f 1096/1795/1729 1207/1950/1873 1208/1951/1874
f 1185/1820/1751 1208/1951/1874 1219/1952/1875
f 1190/1965/1842 1211/1966/1889 1157/1967/1843
f 1066/1801/1890 1220/1968/1891 1210/1969/1892
f 1050/1778/1731 1220/1968/1893 1066/1801/1732
f 1135/1823/1754 1115/1748/1690 1192/1921/1845
f 1169/1897/1894 1099/1802/1734 1212/1956/1880
f 1221/1970/1895 1169/1897/1894 1212/1956/1880
f 1169/1897/1896 1221/1970/1895 1213/1957/1897
f 1102/1971/1717 1158/1805/1736 1273/1972/1898
f 1194/1924/1899 1223/1973/1900 1170/1898/1901
f 1345/1974/1902 1088/1755/1694 1160/1785/1719
f 1214/1960/1884 1174/1903/1856 1241/1933/1855
f 1161/1875/1806 1224/1975/1903 1162/1876/1807
f 1120/1613/1572 1225/1962/1886 1176/1976/1861
f 1107/1787/1720 1225/1962/1886 997/1586/1546
f 1198/1977/1864 1122/1838/1763 1245/1978/1904
f 1143/1863/1791 1227/1979/1905 1165/1881/1809
f 1166/1865/1793 1308/1944/1868 1217/1908/1832
f 1125/1840/1765 1145/1883/1810 1253/1980/1906
f 1093/1791/1725 1200/1945/1869 1145/1883/1810
f 1309/1981/1907 1167/1843/1767 1078/1768/1706
f 1126/1792/1726 1180/1911/1835 1203/1947/1870
f 1128/1844/1768 1204/1912/1836 1111/1813/1746
f 1149/1848/1908 1147/1842/1766 1229/1982/1909
f 1064/1983/1682 1182/1984/1837 1129/1985/1770
f 1168/1893/1816 1151/1891/1814 1230/1986/1910
f 1026/1691/1641 1155/1871/1800 1153/1895/1818
f 1231/1987/1911 1186/1915/1838 1133/1988/1775
f 1133/1989/1775 1188/1990/1840 1231/1991/1911
f 1220/1968/1893 1050/1778/1731 1232/1992/1912
f 1191/1896/1844 1232/1992/1913 1050/1778/1715
f 1298/1922/1846 1192/1921/1845 1136/1749/1691
f 1221/1970/1895 1233/1993/1914 1213/1957/1897
f 1213/1957/1881 1234/1994/1915 1193/1923/1847
f 1222/1925/1849 1273/1972/1898 1158/1805/1736
f 1235/1995/1916 1194/1996/1848 1193/1997/1847
f 1223/1973/1917 1194/1924/1848 1235/1998/1916
f 1170/1898/1821 1237/1999/1918 1172/1900/1823
f 1172/1900/1823 1238/2000/1919 1103/1927/1737
f 1103/1807/1737 1238/2001/1919 1031/1696/1646
f 1088/1755/1694 1345/1974/1902 1159/1901/1824
f 1196/1934/1920 1242/2002/1920 1175/1904/1920
f 1215/1961/1885 1105/1809/1741 1162/1876/1807
f 1140/1878/1785 1243/2003/1921 1106/1836/1761
f 1106/1836/1761 1226/1938/1863 1108/1837/1762
f 1198/1940/1864 1247/2004/1922 1164/1880/1787
f 1164/1860/1787 1247/2005/1922 1177/1906/1830
f 1177/1906/1830 1248/2006/1923 1178/1941/1865
f 1248/2006/1923 1143/1863/1791 1178/1941/1865
f 1227/1979/1905 1249/2007/1924 1165/1881/1809
f 1165/1942/1809 1249/2008/1924 1199/1943/1866
f 1109/1790/1724 1216/1907/1831 1123/1810/1743
f 1199/1943/1867 1250/2009/1925 1308/1944/1868
f 1124/1839/1764 1251/2010/1926 1216/1907/1831
f 1125/1840/1765 1252/2011/1927 1124/1839/1764
f 1309/1981/1907 1078/1768/1706 1179/1909/1833
f 1228/2012/1928 1201/1886/1811 1202/1946/1812
f 1111/1813/1746 1204/1912/1836 1254/1948/1871
f 1151/1891/1814 1218/1964/1888 1230/1986/1910
f 1045/1690/1640 1255/2013/1929 1130/1849/1773
f 1256/2014/1930 1155/1949/1800 1131/1819/1750
f 1131/1819/1750 1097/1798/1730 1257/2015/1931
f 1257/2015/1931 1097/1798/1730 1186/1915/1838
f 1188/1917/1840 1156/1854/1801 1258/2016/1932
f 1210/1954/1877 1258/2016/1933 1156/1854/1778
f 1212/1956/1880 1209/1953/1879 1259/2017/1934
f 1192/1921/1845 1260/2018/1935 1135/1823/1754
f 1221/1970/1895 1212/1956/1880 1261/2019/1936
f 1223/1973/1900 1237/1999/1937 1170/1898/1901
f 1239/1928/1851 1275/2020/1938 1171/1899/1822
f 1159/1901/1824 1239/1928/1851 1117/1827/1757
f 1031/1696/1646 1238/2001/1939 1240/2021/1883
f 1173/1902/1826 1195/1929/1853 1241/1932/1855
f 1214/1960/1884 1242/2002/1940 1196/1934/1857
f 1175/1904/1941 1242/2002/1942 1161/1875/1943
f 1197/1937/1862 1262/2022/1944 1121/1834/1760
f 1163/1877/1808 1121/1834/1760 1262/2022/1944
f 1226/1938/1863 1245/1978/1904 1122/1838/1763
f 1060/1732/1674 1263/2023/1945 1321/2024/1946
f 1263/2023/1945 1060/1732/1674 1075/1763/1701
f 1281/2025/1947 1248/2006/1923 1177/1906/1948
f 1143/1863/1791 1282/2026/1949 1227/1979/1905
f 1249/2008/1924 1250/2009/1925 1199/1943/1867
f 1309/1981/1907 1181/1910/1834 1167/1843/1767
f 1180/1911/1835 1284/2027/1950 1203/1947/1870
f 1286/2028/1951 1204/1912/1836 1129/1845/1770
f 1229/1982/1952 1150/1867/1796 1149/1848/1772
f 1182/1913/1837 1183/1889/1953 1353/2029/1954
f 986/1624/1580 1130/1849/1773 1265/1892/1815
f 1255/2013/1929 1045/1690/1640 1184/1850/1774
f 1155/1871/1800 1267/2030/1955 1153/1895/1818
f 1114/1821/1752 1293/2031/1956 1189/1918/1841
f 1293/2031/1956 1269/2032/1957 1189/1918/1841
f 1271/2033/1958 1191/1896/1819 1211/1955/1878
f 1271/2034/1959 1211/2035/1889 1190/1919/1842
f 1271/2034/1958 1190/1919/1842 1134/1873/1779
f 1135/1823/1754 1271/2034/1958 1134/1873/1779
f 1233/1993/1914 1221/1970/1895 1261/2019/1936
f 1233/1993/1914 1272/2036/1960 1213/1957/1897
f 1272/2036/1960 1234/1994/1915 1213/1957/1897
f 1193/1923/1847 1234/1994/1915 1274/2037/1961
f 1274/2037/1961 1235/1998/1916 1193/1923/1847
f 1237/1999/1962 1276/2038/1962 1172/1900/1962
f 1172/1900/1823 1276/2038/1963 1238/2000/1919
f 1238/2001/1939 1317/2039/1964 1240/2021/1883
f 1240/2021/1883 1300/2040/1965 1118/1959/1758
f 1118/1959/1758 1300/2040/1965 1195/1929/1852
f 1160/1785/1719 1277/2041/1966 1345/1974/1902
f 1241/1933/1855 1278/2042/1967 1214/1960/1884
f 1197/1937/1862 1279/2043/1968 1262/2022/1944
f 1106/1836/1761 1243/2003/1921 1226/1938/1863
f 1247/2005/1922 1281/2025/1969 1177/1906/1830
f 1282/2026/1949 1143/1863/1791 1248/2006/1923
f 1282/2026/1970 1323/2044/1970 1227/1979/1970
f 1323/2044/1971 1249/2007/1924 1227/1979/1905
f 1124/1839/1764 1252/2011/1927 1251/2010/1926
f 1201/1886/1811 1264/2045/1972 1200/1945/1869
f 1201/2046/1811 1228/2047/1973 1264/2048/1972
f 1202/1888/1812 1203/1947/1870 1228/2047/1928
f 1180/2049/1835 1285/2050/1974 1284/2051/1950
f 1147/1842/1766 1181/1910/1834 1328/2052/1975
f 1180/2053/1835 1254/2054/1871 1285/2055/1974
f 1147/1842/1766 1328/2052/1975 1229/1982/1909
f 1150/1867/1796 1229/1982/1952 1287/2056/1976
f 1129/1985/1770 1182/1984/1837 1286/2057/1951
f 1183/1889/1813 1287/2056/1976 1288/2058/1977
f 1287/2056/1976 1183/1889/1813 1150/1867/1796
f 1288/2058/1977 1353/2029/1978 1183/1889/1813
f 970/1600/1556 1289/2059/1979 1218/2060/1888
f 1168/1893/1816 1290/2061/1980 1152/1894/1817
f 1291/2062/1981 1154/1870/1799 1152/1894/1817
f 1292/2063/1982 1208/1951/1874 1207/1950/1873
f 1256/2014/1930 1131/1819/1750 1257/2015/1931
f 1257/2064/1931 1186/2065/1838 1231/2066/1911
f 1114/1821/1752 1187/1916/1839 1293/2031/1956
f 1189/1918/1841 1269/2032/1957 1209/1953/1876
f 1209/1953/1879 1269/2032/1957 1270/2067/1983
f 1210/2068/1892 1295/2069/1984 1258/2070/1985
f 1209/1953/1879 1270/2067/1983 1259/2017/1934
f 1260/2018/1935 1271/2034/1958 1135/1823/1754
f 1212/1956/1880 1296/2071/1986 1261/2019/1936
f 1298/1922/1846 1297/2072/1987 1192/1921/1845
f 1274/2037/1961 1299/2073/1988 1235/1998/1916
f 1223/2074/1917 1235/1995/1916 1299/2075/1988
f 1301/2076/1989 1278/2042/1990 1241/1933/1991
f 1277/2041/1966 1160/1785/1719 1176/1935/1861
f 1278/2042/1967 1242/2002/1940 1214/1960/1884
f 1162/1876/1807 1302/2077/1992 1215/1961/1885
f 1176/1976/1861 1225/1962/1886 1303/2078/1993
f 1163/1905/1808 1280/2079/1994 1140/1858/1785
f 1243/2003/1921 1140/1878/1785 1280/2080/1994
f 1245/2081/1904 1347/2082/1995 1198/1940/1864
f 1347/2082/1995 1247/2004/1922 1198/1940/1864
f 1304/2083/1996 1248/2006/1923 1281/2025/1947
f 1306/2084/1997 1075/1763/1701 1142/1862/1790
f 1322/2085/1998 1142/1862/1790 1123/1810/1743
f 1123/1810/1743 1216/1907/1831 1322/2085/1998
f 1250/2009/1925 1249/2008/1924 1307/2086/1999
f 1308/1944/1868 1283/2087/2000 1217/1908/1832
f 1125/1840/1765 1253/1980/1906 1252/2011/1927
f 1203/1947/1870 1310/2088/2001 1228/2047/1973
f 1309/1981/1907 1351/2089/2002 1181/1910/1834
f 1203/2090/1870 1284/2051/1950 1310/2091/2001
f 1204/1912/1836 1311/2092/2003 1254/1948/1871
f 1229/1982/1909 1372/2093/2004 1287/2056/1976
f 718/1168/1196 1265/1892/1815 1206/1794/1728
f 1230/2094/1910 1290/2095/1980 1168/2096/1816
f 1154/1870/1799 1291/2062/1981 1266/2097/2005
f 1210/2098/1892 1220/2099/1891 1295/2100/1984
f 1191/1896/1819 1271/2033/1958 1312/2101/2006
f 1259/2017/1934 1296/2071/1986 1212/1956/1880
f 1233/1993/1914 1313/2102/2007 1272/2036/1960
f 1298/1922/1846 1102/1780/1717 1273/2103/1898
f 1274/2037/2008 1314/2104/2009 1299/2073/1988
f 1171/1899/1822 1315/2105/2010 1236/1926/1850
f 1171/1899/1822 1275/2020/1938 1315/2105/2010
f 1299/2075/1988 1316/2106/2011 1223/2074/1917
f 1241/1932/1855 1195/1929/1853 1318/2107/2012
f 1318/2107/2012 1301/2108/2013 1241/1932/2014
f 1262/2109/1944 1280/2079/1994 1163/1905/1808
f 1226/1938/1863 1320/2110/2015 1245/1978/1904
f 1321/2024/1946 1246/1963/1887 1060/1732/1674
f 1249/2007/1924 1323/2044/1971 1307/2111/1999
f 1250/2009/2016 1325/2112/2017 1308/1944/1868
f 1146/1866/1794 1326/2113/2018 1179/1909/1833
f 1254/1948/1871 1311/2092/2003 1285/2114/1974
f 1204/1912/1836 1352/2115/2019 1311/2092/2003
f 1286/2028/1951 1352/2115/2019 1204/1912/1836
f 1182/1984/1837 1353/2116/1954 1286/2057/1951
f 1218/1964/1888 1289/2117/1979 1230/1986/1910
f 1290/2061/1980 1291/2062/1981 1152/1894/1817
f 1341/2118/2020 1184/1850/1774 1153/1895/1818
f 1207/1950/1873 1154/1870/1799 1268/2119/2021
f 1268/2119/2021 1292/2063/1982 1207/1950/1873
f 1330/2120/2022 1188/2121/1840 1294/2122/2023
f 1270/2067/1983 1269/2032/1957 1343/2123/2024
f 1188/1917/1840 1258/2016/1932 1294/2124/2023
f 1294/2124/2023 1258/2016/1985 1331/2125/2025
f 1220/2099/1893 1332/2126/2026 1295/2100/2027
f 1191/1896/1819 1312/2101/2006 1232/1992/2028
f 1220/1968/1893 1232/1992/1912 1344/2127/2029
f 1260/2018/1935 1312/2128/2006 1271/2034/1958
f 1234/1994/1915 1272/2036/1960 1274/2037/1961
f 1223/1973/1900 1333/2129/2030 1237/1999/1937
f 1240/2021/1883 1317/2039/1964 1390/2130/2031
f 1161/1875/1943 1242/2002/1942 1334/2131/2032
f 1161/1875/1806 1334/2131/2033 1224/1975/1903
f 1319/2132/2034 1162/1876/1807 1224/1975/1903
f 1162/1876/1807 1319/2132/2034 1302/2077/1992
f 1243/2003/1921 1335/2133/2035 1226/1938/1863
f 1320/2110/2015 1226/1938/1863 1335/2133/2035
f 1348/2134/2036 1281/2025/1969 1247/2005/1922
f 1304/2083/1996 1336/2135/2037 1248/2006/1923
f 1248/2006/1923 1336/2135/2037 1282/2026/1949
f 1282/2026/1949 1337/2136/2038 1323/2044/2039
f 1306/2084/1997 1142/1862/1790 1322/2085/1998
f 1324/2137/2040 1325/2138/2041 1307/2111/2042
f 1307/2086/1999 1325/2112/2043 1250/2009/1925
f 1217/1908/1832 1283/2087/2000 1338/2139/2044
f 1146/1866/1794 1217/1908/1832 1326/2113/2018
f 1179/1909/1833 1339/2140/2045 1309/1981/1907
f 1328/2052/1975 1181/1910/1834 1327/2141/2046
f 1229/1982/1909 1328/2052/1975 1372/2093/2004
f 1219/1952/1875 1208/1951/1874 1329/2142/2047
f 1219/1952/1875 1342/2143/2048 1187/1916/1839
f 1187/1916/1839 1342/2143/2048 1293/2031/1956
f 1188/2121/1840 1330/2120/2022 1231/2066/1911
f 1220/1968/1893 1344/2127/2029 1332/2144/2026
f 1299/2073/1988 1314/2104/2009 1316/2145/2011
f 1314/2104/2009 1361/2146/2049 1316/2145/2011
f 1223/2074/1917 1316/2106/2011 1333/2147/2050
f 1197/1937/1862 1215/1961/1885 1346/2148/2051
f 1347/2082/1995 1348/2149/2036 1247/2004/1922
f 1282/2026/1949 1336/2135/2037 1337/2136/2038
f 1337/2136/2038 1349/2150/2052 1323/2044/2039
f 1200/1945/1869 1382/2151/2053 1145/1883/1810
f 1326/2113/2018 1339/2140/2054 1179/1909/1833
f 1264/2045/1972 1367/2152/2055 1200/1945/1869
f 1310/2088/2001 1350/2153/2056 1228/2047/1973
f 1181/1910/1834 1351/2089/2002 1327/2141/2046
f 1286/2057/1951 1353/2116/1954 1352/2154/2019
f 1288/2058/1977 1354/2155/2057 1353/2029/1978
f 1289/2059/1979 970/1600/1556 1355/2156/2058
f 1230/2094/1910 1356/2157/2059 1290/2095/1980
f 1184/1850/1774 1340/2158/2060 1255/2013/1929
f 1154/1870/1799 1266/2097/2005 1268/2119/2021
f 1208/1951/1874 1292/2063/1982 1357/2159/2061
f 1312/2101/2006 1358/2160/2062 1232/1992/2063
f 1358/2161/2062 1312/2128/2006 1404/2162/2064
f 1270/2067/1983 1403/2163/2065 1259/2017/1934
f 1261/2019/1936 1313/2102/2007 1233/1993/1914
f 1274/2037/2008 1272/2036/1960 1359/2164/2066
f 1273/1972/1898 1222/1925/1849 1429/2165/2067
f 1360/2166/2068 1222/1925/1849 1236/1926/1850
f 1333/2129/2030 1276/2038/2069 1237/1999/1937
f 1276/2038/2070 1317/2167/1964 1238/2000/1939
f 1195/1929/1853 1378/2168/2071 1318/2107/2012
f 1278/2169/1967 1362/2170/2072 1242/2171/1940
f 1176/1935/1861 1363/2172/2073 1277/2041/1966
f 1334/2131/2074 1319/2132/2034 1224/1975/2075
f 1320/2110/2015 1347/2173/1995 1245/1978/1904
f 1263/2023/1945 1075/1763/1701 1305/2174/2076
f 1305/2174/2076 1075/1763/1701 1306/2084/1997
f 1365/2175/2077 1307/2111/2042 1323/2044/2039
f 1325/2112/2017 1381/2176/2078 1308/1944/1868
f 1217/1908/1832 1338/2139/2044 1326/2113/2018
f 1253/1980/1906 1145/1883/1810 1366/2177/2079
f 1367/2152/2055 1382/2151/2053 1200/1945/1869
f 1228/2047/1973 1350/2153/2056 1264/2048/1972
f 1309/1981/1907 1368/2178/2080 1351/2089/2002
f 1284/2051/1950 1369/2179/2081 1310/2091/2001
f 1284/2051/1950 1285/2050/1974 1369/2179/2081
f 1311/2092/2003 1370/2180/2082 1285/2114/1974
f 1311/2092/2003 1352/2115/2019 1370/2180/2082
f 1399/2181/2083 1354/2155/2084 1288/2058/1977
f 1206/1794/1728 1483/2182/2085 454/501/544
f 1208/1951/1874 1357/2159/2061 1329/2142/2047
f 1231/2183/1911 1330/2184/2022 1257/2015/1931
f 1293/2031/1956 1343/2123/2024 1269/2032/1957
f 1232/1992/2086 1404/2185/2087 1344/2127/2088
f 1232/1992/2063 1358/2160/2062 1404/2185/2064
f 1260/2018/1935 1404/2162/2064 1312/2128/2006
f 1192/1921/1845 1297/2072/1987 1407/2186/2089
f 1297/2072/1987 1298/1922/1846 1444/2187/2090
f 1444/2187/2090 1298/1922/1846 1273/2103/1898
f 1272/2188/1960 1313/2189/2007 1359/2190/2066
f 1374/2191/2091 1274/2037/2008 1359/2164/2066
f 1274/2037/2008 1375/2192/2092 1314/2104/2009
f 1360/2166/2068 1236/1926/1850 1315/2105/2010
f 1314/2104/2009 1375/2192/2092 1361/2146/2049
f 1239/1928/1851 1376/2193/2093 1275/2020/1938
f 1376/2193/2093 1239/1928/1851 1159/1901/1824
f 1240/2021/1883 1377/2194/2094 1300/2040/1965
f 1300/2040/1965 1378/2168/2095 1195/1929/1852
f 1225/1962/1886 1107/1787/1720 1434/2195/2096
f 1304/2083/1996 1475/2196/2097 1336/2135/2037
f 1349/2150/2052 1337/2136/2038 1379/2197/2098
f 1365/2198/2077 1323/2199/2039 1349/2200/2052
f 1307/2086/2042 1365/2198/2077 1324/2201/2040
f 1324/2137/2099 1380/2202/2100 1325/2138/2101
f 1283/2087/2000 1308/1944/1868 1381/2176/2078
f 1368/2178/2080 1309/1981/1907 1339/2140/2045
f 1383/2203/2102 1327/2141/2046 1351/2089/2002
f 1327/2141/2046 1398/2204/2103 1328/2052/1975
f 1371/2205/2104 1352/2154/2019 1353/2116/1954
f 1288/2058/1977 1384/2206/2105 1399/2181/2083
f 1289/2117/1979 1356/2207/2059 1230/1986/1910
f 1290/2061/1980 1385/2208/2106 1291/2062/1981
f 1340/2158/2060 1184/1850/1774 1341/2118/2020
f 1257/2015/1931 1425/2209/2107 1256/2014/1930
f 1293/2031/1956 1386/2210/2108 1343/2123/2024
f 1387/2211/2109 1258/2212/1985 1295/2100/1984
f 1295/2100/2027 1332/2126/2026 1387/2211/2110
f 1332/2144/2026 1344/2127/2029 1405/2213/2111
f 1259/2017/1934 1403/2163/2065 1296/2071/1986
f 1260/2018/1935 1192/1921/1845 1407/2186/2089
f 1316/2145/2011 1408/2214/2112 1333/2129/2050
f 1408/2214/2112 1388/2215/2113 1333/2129/2050
f 1388/2215/2113 1389/2216/2114 1333/2129/2050
f 1333/2129/2030 1389/2216/2115 1276/2038/2069
f 1345/1974/1902 1376/2193/2093 1159/1901/1824
f 1276/2038/2116 1389/2216/2117 1317/2167/1964
f 1301/2217/1989 1391/2218/2118 1278/2219/1990
f 1391/2220/2119 1362/2170/2072 1278/2169/1967
f 1242/2002/1942 1362/2221/2120 1334/2131/2032
f 1279/2043/1968 1392/2222/2121 1262/2022/1944
f 1244/1859/1786 1246/1963/1887 1321/2024/1946
f 1393/2223/2122 1304/2083/1996 1281/2025/2123
f 1336/2135/2037 1394/2224/2124 1337/2136/2125
f 1394/2224/2124 1379/2197/2126 1337/2136/2127
f 1324/2137/2099 1420/2225/2128 1380/2202/2100
f 1251/2010/1926 1395/2226/2129 1216/1907/1831
f 1395/2226/2129 1251/2010/1926 1252/2011/1927
f 1382/2151/2053 1366/2177/2079 1145/1883/1810
f 1264/2048/1972 1421/2227/2130 1367/2228/2055
f 1350/2153/2056 1421/2227/2130 1264/2048/1972
f 1310/2088/2001 1369/2229/2081 1350/2153/2056
f 1285/2114/1974 1370/2180/2082 1397/2230/2131
f 1328/2052/1975 1423/2231/2132 1372/2093/2004
f 1288/2058/1977 1287/2056/1976 1384/2206/2105
f 1372/2093/2004 1423/2231/2132 1287/2056/1976
f 1353/2116/1978 1424/2232/2133 1371/2205/2134
f 1353/2029/1978 1354/2155/2057 1424/2233/2133
f 1267/2030/1955 1155/1871/1800 1400/2234/2135
f 1155/1949/1800 1256/2014/1930 1400/2235/2135
f 1256/2014/1930 1373/2236/2136 1400/2235/2135
f 1293/2031/1956 1342/2143/2048 1386/2210/2108
f 1330/2120/2022 1294/2122/2023 1401/2237/2137
f 1343/2123/2024 1402/2238/2138 1270/2067/1983
f 1402/2238/2138 1403/2163/2065 1270/2067/1983
f 1260/2018/1935 1406/2239/2139 1404/2162/2064
f 1313/2102/2007 1261/2019/1936 1443/2240/2140
f 1222/1925/1849 1360/2166/2068 1429/2165/2067
f 1374/2191/2091 1375/2192/2092 1274/2037/2008
f 1408/2214/2141 1409/2241/2141 1388/2215/2141
f 1410/2242/2142 1388/2243/2143 1409/2244/2144
f 1409/2241/2145 1411/2245/2145 1410/2246/2145
f 1412/2247/2146 1410/2242/2147 1411/2248/2148
f 1413/2249/2149 1388/2243/2143 1410/2242/2142
f 1413/2249/2150 1410/2242/2147 1412/2247/2146
f 1414/2250/2151 1389/2251/2152 1388/2243/2153
f 1414/2250/2151 1388/2243/2153 1413/2249/2150
f 1376/2193/2093 1345/1974/1902 1415/2252/2154
f 1390/2253/2031 1317/2167/1964 1389/2216/2117
f 1240/2021/1883 1390/2130/2031 1377/2194/2094
f 1377/2194/2094 1378/2168/2095 1300/2040/1965
f 1301/2108/2013 1318/2107/2012 1391/2254/2155
f 1363/2172/2073 1176/1935/1861 1303/2255/1993
f 1302/2077/1992 1452/2256/2156 1215/1961/1885
f 1346/2148/2051 1416/2257/2157 1197/1937/1862
f 1197/1937/1862 1416/2257/2157 1279/2043/1968
f 1280/2080/1994 1432/2258/2158 1243/2003/1921
f 1243/2003/1921 1418/2259/2159 1335/2133/2035
f 1348/2134/2036 1393/2223/2160 1281/2025/1969
f 1393/2223/2122 1475/2196/2097 1304/2083/1996
f 1475/2196/2097 1394/2224/2124 1336/2135/2037
f 1365/2175/2161 1420/2225/2161 1324/2137/2161
f 1381/2176/2078 1338/2139/2044 1283/2087/2000
f 1398/2204/2162 1327/2141/2163 1438/2260/2164
f 1384/2206/2105 1287/2056/1976 1422/2261/2165
f 1355/2262/2058 1356/2207/2059 1289/2117/1979
f 1130/1849/1773 1255/2013/1929 1265/1892/1815
f 1256/2014/1930 1425/2209/2107 1373/2236/2136
f 1257/2015/1931 1330/2263/2022 1425/2209/2107
f 1329/2142/2047 1426/2264/2166 1219/1952/1875
f 1219/1952/1875 1426/2264/2166 1342/2143/2048
f 1401/2237/2137 1485/2265/2167 1330/2120/2022
f 1427/2266/2168 1404/2185/2064 1428/2267/2169
f 1427/2266/2168 1405/2213/2170 1404/2185/2064
f 1405/2213/2171 1344/2127/2088 1404/2185/2087
f 1407/2186/2089 1406/2268/2139 1260/2018/1935
f 1296/2071/1986 1443/2240/2140 1261/2019/1936
f 1273/2103/1898 1429/2269/2067 1444/2187/2090
f 1446/2270/2172 1374/2191/2091 1359/2164/2066
f 1360/2166/2068 1315/2105/2010 1469/2271/2173
f 1275/2020/1938 1430/2272/2174 1315/2105/2010
f 1316/2145/2011 1361/2146/2049 1408/2214/2112
f 1376/2193/2093 1430/2272/2174 1275/2020/1938
f 1389/2216/2175 1414/2273/2176 1390/2253/2177
f 1390/2130/2177 1431/2274/2178 1377/2194/2179
f 1378/2168/2071 1391/2254/2155 1318/2107/2012
f 1215/1961/1885 1452/2256/2156 1346/2148/2051
f 1279/2043/1968 1416/2257/2157 1392/2222/2121
f 1262/2022/1944 1432/2258/2158 1280/2080/1994
f 1225/1962/1886 1433/2275/2180 1303/2078/1993
f 1432/2276/2158 1418/2277/2159 1243/2278/1921
f 1418/2259/2159 1435/2279/2181 1335/2133/2035
f 1320/2110/2015 1419/2280/2182 1347/2173/1995
f 1419/2281/2182 1348/2149/2036 1347/2082/1995
f 1379/2282/2098 1436/2283/2183 1349/2200/2052
f 1365/2198/2077 1349/2200/2052 1420/2284/2184
f 1437/2285/2185 1325/2112/2101 1380/2286/2100
f 1253/1980/1906 1366/2177/2079 1396/2287/2186
f 1438/2260/2164 1327/2141/2163 1383/2203/2102
f 1285/2114/1974 1397/2230/2131 1369/2229/2081
f 1328/2052/1975 1398/2204/2103 1423/2231/2132
f 1354/2155/2084 1399/2181/2083 1460/2288/2187
f 1423/2231/2132 1422/2261/2165 1287/2056/1976
f 1290/2061/1980 1356/2207/2059 1385/2208/2106
f 1294/2122/2023 1488/2289/2188 1401/2237/2137
f 1406/2290/2139 1428/2291/2169 1404/2292/2064
f 1407/2186/2089 1297/2072/1987 1444/2187/2090
f 1313/2189/2007 1445/2293/2189 1359/2190/2066
f 1359/2164/2066 1445/2294/2189 1446/2270/2172
f 1360/2166/2068 1447/2295/2190 1429/2165/2067
f 1503/2296/2191 1375/2192/2092 1374/2191/2091
f 1408/2214/2112 1448/2297/2192 1409/2241/2193
f 1411/2245/2194 1409/2241/2195 1449/2298/2196
f 1412/2299/2146 1411/2245/2148 1450/2300/2197
f 1378/2168/2198 1377/2194/2199 1451/2301/2200
f 1362/2221/2201 1474/2302/2201 1334/2131/2201
f 1262/2022/1944 1392/2222/2121 1432/2258/2158
f 1335/2303/2035 1435/2304/2181 1320/2305/2015
f 1348/2134/2036 1454/2306/2202 1393/2223/2160
f 1455/2307/2203 1436/2308/2204 1379/2197/2205
f 1436/2283/2183 1420/2284/2184 1349/2200/2052
f 1322/2085/1998 1216/1907/1831 1477/2309/2206
f 1216/1907/1831 1395/2226/2129 1477/2309/2206
f 1513/2310/2207 1382/2151/2053 1367/2152/2055
f 1350/2153/2056 1456/2311/2208 1421/2227/2130
f 1383/2203/2102 1351/2089/2002 1368/2178/2080
f 1438/2260/2209 1439/2312/2210 1398/2204/2211
f 1457/2313/2212 1397/2230/2131 1370/2180/2082
f 1352/2115/2019 1371/2314/2104 1479/2315/2213
f 1423/2231/2214 1458/2316/2215 1422/2261/2165
f 1352/2115/2019 1497/2317/2216 1370/2180/2082
f 1424/2232/2133 1460/2318/2217 1371/2205/2134
f 1371/2205/2104 1460/2318/2187 1479/2319/2213
f 1462/2320/2218 1439/2321/2218 1459/2322/2218
f 1462/2320/2219 1461/2323/2220 1439/2321/2221
f 1460/2288/2217 1424/2233/2133 1354/2155/2057
f 1206/1794/1728 1265/1892/1815 1650/2324/2222
f 1385/2208/2106 1356/2207/2059 1498/2325/2223
f 1153/1895/1818 1464/2326/2224 1341/2118/2020
f 1463/2327/2225 1441/2328/2226 1291/2062/1981
f 1441/2328/2226 1266/2097/2005 1291/2062/1981
f 1464/2326/2224 1153/1895/1818 1267/2030/1955
f 1266/2097/2005 1441/2328/2226 1268/2119/2021
f 1342/2143/2048 1426/2264/2166 1442/2329/2227
f 1342/2143/2048 1442/2329/2227 1386/2210/2108
f 1386/2210/2108 1465/2330/2228 1343/2123/2024
f 1465/2330/2228 1402/2238/2138 1343/2123/2024
f 1387/2211/2109 1331/2331/2025 1258/2212/1985
f 1445/2293/2189 1313/2189/2007 1467/2332/2229
f 1315/2105/2010 1430/2272/2174 1469/2271/2173
f 1409/2241/2195 1470/2333/2230 1449/2298/2196
f 1411/2245/2194 1449/2298/2196 1471/2334/2231
f 1414/2335/2151 1413/2336/2150 1472/2337/2232
f 1345/1974/1902 1277/2041/1966 1415/2252/2154
f 1431/2274/2233 1473/2338/2234 1377/2194/2235
f 1473/2338/2234 1451/2301/2200 1377/2194/2235
f 1277/2041/1966 1363/2172/2073 1587/2339/2236
f 1362/2221/2072 1391/2340/2119 1474/2302/2237
f 1334/2131/2074 1492/2341/2238 1319/2132/2034
f 1302/2077/1992 1319/2132/2034 1452/2256/2156
f 1394/2224/2124 1475/2196/2097 1476/2342/2239
f 1437/2285/2185 1381/2176/2240 1325/2112/2101
f 1381/2176/2241 1495/2343/2242 1338/2139/2243
f 1253/1980/1906 1396/2287/2186 1252/2011/1927
f 1326/2113/2018 1338/2139/2044 1512/2344/2244
f 1339/2140/2054 1326/2113/2018 1512/2344/2244
f 1367/2228/2055 1576/2345/2245 1513/2346/2207
f 1367/2228/2055 1421/2227/2130 1576/2345/2245
f 1350/2153/2056 1369/2229/2081 1456/2311/2208
f 1369/2179/2081 1397/2347/2131 1478/2348/2246
f 1438/2260/2247 1459/2349/2247 1439/2312/2247
f 1384/2206/2105 1480/2350/2248 1399/2181/2083
f 1398/2204/2249 1458/2316/2215 1423/2231/2214
f 1458/2316/2250 1398/2204/2251 1481/2351/2252
f 1479/2315/2213 1497/2317/2216 1352/2115/2019
f 1480/2350/2248 1460/2288/2187 1399/2181/2083
f 1398/2204/2211 1439/2312/2210 1482/2352/2253
f 1481/2351/2252 1398/2204/2251 1482/2352/2254
f 1461/2353/2255 1482/2352/2255 1439/2312/2255
f 1461/2323/2220 1462/2320/2219 1440/2354/2256
f 1461/2355/2220 1440/2356/2256 1482/2357/2257
f 1355/2262/2058 1484/2358/2258 1356/2207/2059
f 1425/2359/2107 1330/2120/2022 1485/2265/2167
f 1488/2289/2188 1486/2360/2259 1401/2237/2137
f 1403/2163/2065 1402/2238/2138 1487/2361/2260
f 1294/2362/2023 1331/2331/2025 1488/2363/2188
f 1487/2361/2260 1296/2071/1986 1403/2163/2065
f 1428/2267/2169 1466/2364/2261 1427/2266/2262
f 1405/2213/2111 1489/2365/2263 1332/2144/2026
f 1444/2366/2090 1406/2290/2139 1407/2367/2089
f 1313/2102/2007 1502/2368/2264 1467/2369/2229
f 1375/2192/2092 1468/2370/2265 1361/2146/2049
f 1361/2146/2049 1448/2297/2192 1408/2214/2112
f 1448/2297/2192 1470/2333/2230 1409/2241/2195
f 1411/2245/2148 1471/2334/2266 1450/2300/2197
f 1412/2371/2146 1504/2372/2267 1413/2336/2150
f 1490/2373/2268 1472/2337/2232 1413/2336/2150
f 1414/2273/2176 1491/2374/2269 1390/2253/2177
f 1378/2168/2198 1451/2301/2200 1505/2375/2270
f 1378/2168/2198 1505/2375/2270 1391/2254/2271
f 1505/2376/2272 1474/2302/2272 1391/2340/2272
f 1474/2302/2273 1492/2341/2273 1334/2131/2273
f 1225/1962/1886 1417/2377/2274 1433/2275/2180
f 1476/2342/2239 1379/2197/2126 1394/2224/2124
f 1507/2378/2275 1455/2307/2203 1379/2197/2205
f 1381/2176/2240 1437/2285/2185 1494/2379/2276
f 1421/2227/2130 1456/2311/2208 1577/2380/2277
f 1422/2261/2165 1496/2381/2278 1384/2206/2105
f 1496/2381/2278 1422/2261/2165 1458/2316/2215
f 1370/2180/2082 1497/2317/2216 1457/2313/2212
f 1440/2356/2256 1462/2382/2219 1482/2357/2279
f 1205/214/247 454/501/544 1831/2383/2280
f 1385/2208/2106 1463/2327/2225 1291/2062/1981
f 1267/2030/1955 1400/2234/2135 1464/2326/2224
f 1329/2142/2047 1357/2159/2061 1499/2384/2281
f 1465/2330/2228 1386/2210/2108 1442/2329/2227
f 1332/2126/2282 1501/2385/2283 1387/2211/2109
f 1332/2144/2284 1489/2365/2285 1516/2386/2286
f 1406/2290/2139 1466/2387/2261 1428/2291/2169
f 1313/2102/2007 1443/2240/2140 1502/2368/2264
f 1447/2295/2190 1517/2388/2287 1429/2165/2067
f 1446/2270/2172 1503/2296/2191 1374/2191/2091
f 1450/2300/2197 1504/2389/2267 1412/2299/2146
f 1414/2335/2151 1472/2337/2232 1491/2390/2288
f 1431/2274/2178 1390/2130/2177 1491/2391/2269
f 1415/2252/2154 1277/2041/1966 1523/2392/2289
f 1473/2338/2234 1505/2375/2270 1451/2301/2200
f 1319/2132/2034 1492/2341/2238 1493/2393/2290
f 1417/2377/2274 1225/1962/1886 1434/2195/2096
f 1364/1439/1434 1244/1859/1786 1453/2394/2291
f 1244/1859/1786 1321/2024/1946 1590/2395/2292
f 1419/2281/2182 1506/2396/2293 1348/2149/2036
f 1476/2342/2239 1475/2196/2097 1393/2223/2122
f 1476/2342/2239 1507/2378/2275 1379/2197/2205
f 1477/2309/2206 1306/2084/1997 1322/2085/1998
f 1494/2379/2276 1495/2343/2294 1381/2176/2240
f 1338/2139/2243 1495/2343/2242 1512/2344/2295
f 1382/2151/2053 1510/2397/2296 1366/2177/2079
f 1511/2398/2297 1368/2178/2080 1339/2140/2045
f 1438/2260/2298 1514/2399/2298 1459/2349/2298
f 1462/2400/2299 1514/2401/2299 1482/2402/2299
f 1462/2400/2300 1459/2403/2300 1514/2401/2300
f 1205/214/247 1831/2383/2280 1668/1771/1708
f 1579/2404/2301 1463/2327/2225 1385/2208/2106
f 1292/2063/1982 1562/2405/2302 1357/2159/2061
f 1357/2159/2061 1562/2405/2302 1499/2384/2281
f 1515/2406/2303 1488/2363/2188 1331/2331/2025
f 1515/2406/2303 1331/2331/2025 1387/2211/2109
f 1296/2071/1986 1487/2361/2260 1500/2407/2304
f 1332/2126/2305 1516/2408/2286 1501/2385/2283
f 1406/2290/2139 1444/2366/2090 1517/2409/2287
f 1360/2166/2068 1469/2271/2173 1518/2410/2306
f 1375/2192/2092 1503/2296/2191 1519/2411/2307
f 1468/2370/2265 1375/2192/2092 1519/2411/2307
f 1468/2370/2265 1448/2297/2192 1361/2146/2049
f 1449/2412/2196 1470/2413/2230 1520/2414/2308
f 1521/2415/2309 1449/2412/2196 1520/2414/2310
f 1504/2372/2267 1490/2373/2268 1413/2336/2150
f 1491/2374/2288 1522/2416/2311 1431/2417/2233
f 1431/2274/2233 1522/2418/2311 1473/2338/2234
f 1474/2302/2312 1505/2376/2312 1524/2419/2312
f 1524/2419/2313 1492/2341/2314 1474/2302/2315
f 1492/2341/2314 1524/2419/2313 1493/2393/2316
f 1452/2256/2156 1319/2132/2034 1493/2393/2290
f 1452/2256/2156 1525/2420/2317 1346/2148/2051
f 1432/2276/2158 1538/2421/2318 1418/2277/2159
f 1435/2304/2181 1539/2422/2319 1320/2305/2015
f 1526/2423/2320 1508/2424/2321 1455/2307/2203
f 1455/2425/2203 1508/2426/2321 1509/2427/2322
f 1455/2428/2203 1509/2429/2323 1436/2430/2204
f 1420/2284/2128 1437/2285/2185 1380/2286/2100
f 1252/2011/1927 1396/2287/2186 1395/2226/2129
f 1575/2431/2324 1512/2344/2244 1495/2343/2294
f 1369/2229/2081 1478/2432/2246 1456/2311/2208
f 1438/2260/2325 1527/2433/2325 1514/2399/2325
f 1546/2434/2326 1482/2352/2254 1514/2399/2327
f 1546/2434/2326 1481/2351/2252 1482/2352/2254
f 454/501/544 1483/2182/2085 1831/2383/2280
f 1441/2328/2226 1292/2063/1982 1268/2119/2021
f 1329/2142/2047 1499/2384/2281 1529/2435/2328
f 1329/2142/2047 1529/2435/2328 1426/2264/2166
f 1442/2329/2227 1531/2436/2329 1465/2330/2228
f 1401/2237/2137 1486/2360/2259 1530/2437/2330
f 1427/2266/2168 1532/2438/2331 1405/2213/2170
f 1447/2295/2190 1360/2166/2068 1518/2410/2306
f 1468/2370/2265 1533/2439/2332 1448/2297/2192
f 1470/2333/2230 1448/2297/2192 1533/2439/2332
f 1534/2440/2333 1449/2441/2196 1521/2442/2309
f 1534/2440/2333 1471/2443/2231 1449/2441/2196
f 1535/2444/2334 1450/2300/2197 1471/2334/2266
f 1523/2392/2289 1277/2041/1966 1587/2339/2236
f 1536/2445/2335 1473/2446/2234 1522/2447/2311
f 1505/2448/2270 1473/2446/2234 1536/2445/2335
f 1452/2256/2156 1493/2393/2290 1525/2420/2317
f 1346/2148/2336 1525/2420/2317 1537/2449/2337
f 1537/2449/2337 1416/2257/2157 1346/2148/2051
f 1363/2172/2073 1303/2255/1993 1433/2450/2180
f 1416/2257/2157 1537/2449/2337 1392/2222/2121
f 1392/2222/2121 1538/2451/2318 1432/2258/2158
f 1107/1787/1720 1364/1439/1434 1434/2195/2096
f 1364/1439/1434 1453/2394/2291 1434/2195/2096
f 1320/2110/2015 1539/2452/2319 1419/2280/2182
f 1321/2024/1946 1263/2023/1945 1540/2453/2338
f 1393/2223/2122 1541/2454/2339 1476/2342/2239
f 1541/2454/2339 1507/2378/2275 1476/2342/2239
f 1507/2378/2275 1526/2423/2320 1455/2307/2203
f 1436/2283/2183 1542/2455/2340 1420/2284/2184
f 1420/2284/2184 1572/2456/2341 1437/2285/2185
f 1510/2397/2296 1382/2151/2053 1513/2310/2207
f 1512/2344/2244 1511/2398/2297 1339/2140/2054
f 1421/2457/2130 1577/2458/2277 1576/2459/2245
f 1383/2203/2102 1368/2178/2080 1511/2398/2297
f 1383/2203/2102 1527/2433/2342 1438/2260/2164
f 1457/2460/2212 1544/2461/2343 1397/2462/2131
f 1514/2399/2327 1527/2433/2344 1546/2434/2326
f 1480/2350/2248 1561/2463/2345 1460/2288/2187
f 1384/2206/2346 1545/2464/2346 1480/2350/2346
f 1496/2381/2278 1458/2316/2215 1545/2464/2347
f 1481/2351/2252 1546/2434/2348 1458/2316/2250
f 970/1600/1556 1956/2465/2349 1355/2156/2058
f 1484/2358/2258 1498/2325/2223 1356/2207/2059
f 1265/1892/1815 1255/2013/1929 1547/2466/2350
f 1581/2467/2351 1442/2329/2227 1426/2264/2166
f 1401/2237/2137 1530/2437/2330 1485/2265/2167
f 1531/2436/2329 1442/2329/2227 1581/2467/2351
f 1402/2238/2138 1465/2330/2228 1531/2436/2329
f 1466/2468/2352 1532/2438/2331 1427/2266/2168
f 1548/2469/2353 1466/2387/2261 1406/2290/2139
f 1444/2366/2090 1429/2470/2067 1517/2409/2287
f 1549/2471/2354 1468/2472/2265 1519/2473/2307
f 1549/2474/2354 1550/2475/2355 1468/2370/2265
f 1470/2333/2356 1533/2439/2356 1520/2476/2356
f 1471/2334/2231 1534/2477/2333 1535/2444/2357
f 1450/2300/2197 1551/2478/2358 1504/2389/2267
f 1490/2373/2268 1552/2479/2359 1472/2337/2232
f 1472/2337/2232 1552/2479/2359 1491/2390/2288
f 1536/2445/2335 1524/2480/2360 1505/2448/2270
f 1418/2259/2159 1553/2481/2361 1435/2279/2181
f 1553/2481/2361 1554/2482/2362 1435/2279/2181
f 1556/2483/2363 1541/2454/2339 1393/2223/2160
f 1558/2484/2364 1507/2378/2275 1557/2485/2365
f 1507/2378/2275 1558/2484/2364 1526/2423/2320
f 1509/2427/2366 1542/2455/2340 1436/2283/2183
f 1543/2486/2367 1395/2226/2129 1396/2287/2186
f 1572/2456/2341 1494/2379/2276 1437/2285/2185
f 1560/2487/2368 1494/2379/2276 1572/2456/2341
f 1366/2177/2079 1573/2488/2369 1396/2287/2186
f 1575/2431/2324 1495/2343/2294 1494/2379/2276
f 1575/2431/2324 1511/2398/2297 1512/2344/2244
f 1594/2489/2370 1510/2397/2296 1513/2310/2207
f 1496/2381/2278 1545/2464/2347 1384/2206/2105
f 1458/2316/2215 1546/2434/2371 1545/2464/2347
f 1650/2324/2222 1483/2182/2085 1206/1794/1728
f 1668/1771/1708 1956/2465/2349 970/1600/1556
f 1255/2013/1929 1340/2158/2060 1528/2490/2372
f 1562/2405/2302 1292/2063/1982 1441/2328/2226
f 1387/2211/2109 1501/2385/2283 1515/2406/2303
f 1466/2387/2261 1564/2491/2373 1532/2492/2374
f 1405/2213/2170 1532/2438/2331 1489/2365/2285
f 1466/2387/2261 1548/2469/2353 1564/2491/2373
f 1500/2407/2304 1565/2493/2375 1296/2071/1986
f 1296/2071/1986 1565/2493/2375 1443/2240/2140
f 1566/2494/2376 1446/2270/2172 1445/2294/2189
f 1503/2296/2191 1446/2270/2172 1566/2494/2376
f 1567/2495/2377 1503/2296/2191 1566/2494/2376
f 1550/2475/2355 1568/2496/2378 1468/2370/2265
f 1468/2370/2265 1568/2496/2378 1533/2439/2332
f 1376/2193/2093 1415/2252/2154 1585/2497/2379
f 1415/2252/2154 1523/2392/2289 1603/2498/2380
f 1569/2499/2381 1536/2445/2335 1522/2447/2311
f 1569/2499/2381 1524/2480/2360 1536/2445/2335
f 1524/2419/2313 1569/2500/2382 1493/2393/2316
f 1538/2501/2318 1553/2502/2361 1418/2503/2159
f 1554/2504/2362 1539/2422/2319 1435/2304/2181
f 1590/2395/2292 1453/2394/2291 1244/1859/1786
f 1506/2505/2293 1454/2306/2202 1348/2134/2036
f 1454/2306/2202 1556/2483/2363 1393/2223/2160
f 1263/2023/1945 1305/2174/2076 1570/2506/2383
f 1556/2483/2363 1571/2507/2384 1541/2454/2339
f 1571/2507/2384 1557/2485/2365 1541/2454/2339
f 1541/2454/2339 1557/2485/2365 1507/2378/2275
f 1542/2455/2340 1509/2427/2385 1508/2426/2321
f 1559/2508/2386 1395/2226/2129 1543/2486/2367
f 1494/2379/2276 1574/2509/2387 1575/2431/2324
f 1397/2230/2131 1544/2510/2343 1478/2432/2246
f 1457/2313/2212 1578/2511/2388 1544/2510/2343
f 1497/2317/2216 1578/2511/2388 1457/2313/2212
f 1497/2317/2216 1479/2315/2213 1578/2511/2388
f 1460/2288/2187 1561/2463/2345 1479/2315/2213
f 1498/2325/2223 1579/2404/2301 1385/2208/2106
f 1426/2264/2166 1529/2435/2328 1581/2467/2351
f 1548/2469/2353 1406/2290/2139 1517/2409/2287
f 1443/2240/2140 1565/2493/2375 1502/2368/2264
f 1502/2368/2264 1583/2512/2389 1467/2369/2229
f 1517/2388/2287 1447/2295/2190 1582/2513/2390
f 1467/2332/2229 1583/2514/2391 1445/2293/2189
f 1445/2293/2189 1583/2514/2392 1566/2515/2376
f 1533/2439/2393 1584/2516/2393 1520/2476/2393
f 1585/2497/2379 1430/2272/2174 1376/2193/2093
f 1520/2476/2394 1584/2516/2394 1521/2517/2394
f 1535/2444/2334 1551/2478/2358 1450/2300/2197
f 1491/2374/2288 1586/2518/2395 1522/2519/2311
f 1587/2339/2236 1363/2172/2073 1588/2520/2396
f 1363/2172/2073 1433/2450/2180 1588/2520/2396
f 1589/2521/2397 1392/2222/2121 1537/2449/2337
f 1321/2024/1946 1540/2453/2338 1590/2395/2292
f 1263/2023/1945 1555/2522/2398 1540/2453/2338
f 1555/2522/2398 1263/2023/1945 1570/2506/2383
f 1558/2484/2364 1592/2523/2399 1526/2423/2320
f 1593/2524/2400 1508/2426/2321 1526/2525/2320
f 1395/2226/2129 1559/2508/2386 1477/2309/2206
f 1542/2455/2340 1572/2456/2341 1420/2284/2184
f 1513/2310/2207 1576/2459/2245 1594/2489/2370
f 1480/2350/2248 1545/2464/2401 1561/2463/2345
f 1484/2526/2258 1355/2156/2058 1595/2527/2402
f 1255/2013/1929 1528/2490/2372 1547/2466/2350
f 1341/2118/2020 1580/2528/2403 1340/2158/2060
f 1441/2328/2226 1596/2529/2404 1562/2405/2302
f 1499/2384/2281 1562/2405/2302 1597/2530/2405
f 1402/2238/2138 1563/2531/2406 1487/2361/2260
f 1488/2363/2188 1515/2406/2303 1598/2532/2407
f 1516/2408/2286 1599/2533/2408 1501/2385/2283
f 1447/2295/2190 1518/2410/2306 1582/2513/2390
f 1600/2534/2409 1503/2296/2191 1567/2495/2377
f 1503/2296/2191 1600/2534/2409 1519/2411/2307
f 1568/2535/2378 1584/2536/2410 1533/2537/2332
f 1534/2440/2333 1584/2538/2411 1630/2539/2412
f 1521/2442/2309 1584/2538/2413 1534/2440/2333
f 1535/2444/2334 1601/2540/2414 1551/2478/2358
f 1504/2372/2267 1552/2479/2359 1490/2373/2268
f 1552/2479/2359 1586/2541/2395 1491/2390/2288
f 1522/2519/2311 1586/2518/2395 1604/2542/2415
f 1569/2499/2381 1522/2447/2311 1604/2543/2415
f 1569/2500/2382 1605/2544/2416 1493/2393/2316
f 1605/2544/2417 1525/2420/2317 1493/2393/2290
f 1392/2222/2121 1589/2521/2397 1538/2451/2318
f 1589/2521/2397 1553/2481/2361 1538/2451/2318
f 1616/2545/2418 1591/2546/2419 1556/2483/2420
f 1556/2483/2420 1591/2546/2419 1571/2507/2421
f 1606/2547/2422 1557/2485/2423 1571/2507/2421
f 1606/2548/2422 1607/2549/2424 1557/2550/2423
f 1607/2551/2424 1558/2484/2425 1557/2485/2423
f 1508/2426/2321 1593/2524/2400 1542/2455/2340
f 1572/2456/2341 1647/2552/2426 1560/2487/2368
f 1366/2177/2079 1510/2397/2296 1573/2488/2369
f 1577/2553/2277 1634/2554/2427 1576/2459/2245
f 1511/2398/2297 1618/2555/2428 1383/2203/2102
f 1618/2555/2429 1546/2434/2326 1527/2433/2344
f 1546/2434/2371 1609/2556/2430 1545/2464/2347
f 1341/2118/2020 1464/2326/2224 1580/2528/2403
f 1654/2557/2431 1531/2436/2329 1581/2467/2351
f 1531/2436/2329 1563/2531/2406 1402/2238/2138
f 1563/2531/2406 1610/2558/2432 1487/2361/2260
f 1518/2410/2306 1469/2271/2173 1611/2559/2433
f 1611/2559/2433 1469/2271/2173 1612/2560/2434
f 1430/2272/2174 1612/2560/2434 1469/2271/2173
f 1613/2561/2435 1614/2562/2436 1568/2496/2378
f 1614/2563/2437 1584/2564/2437 1568/2565/2437
f 1534/2477/2333 1630/2566/2412 1631/2567/2438
f 1630/2568/2439 1584/2564/2439 1614/2563/2439
f 1535/2444/2357 1631/2567/2438 1601/2540/2440
f 1504/2372/2267 1602/2569/2441 1552/2479/2359
f 1569/2500/2381 1604/2542/2415 1605/2544/2442
f 1419/2281/2182 1615/2570/2443 1506/2396/2293
f 1506/2571/2293 1616/2545/2444 1454/2306/2202
f 1454/2306/2445 1616/2545/2445 1556/2483/2445
f 1591/2546/2419 1606/2547/2422 1571/2507/2421
f 1617/2572/2446 1558/2484/2447 1607/2551/2448
f 1592/2523/2399 1558/2484/2364 1617/2572/2449
f 1526/2525/2320 1592/2573/2399 1593/2524/2400
f 1494/2379/2276 1560/2487/2368 1574/2509/2387
f 1396/2287/2186 1573/2488/2369 1608/2574/2450
f 1456/2311/2208 1649/2575/2451 1577/2380/2277
f 1456/2311/2208 1478/2432/2246 1649/2575/2451
f 1618/2555/2428 1527/2433/2342 1383/2203/2102
f 1545/2464/2452 1619/2576/2453 1561/2463/2345
f 1545/2464/2452 1609/2556/2454 1619/2576/2453
f 1484/2358/2258 1595/2577/2402 1498/2325/2223
f 1579/2404/2301 1498/2325/2223 1620/2578/2455
f 1340/2158/2060 1580/2528/2403 1528/2490/2372
f 1463/2327/2225 1621/2579/2456 1441/2328/2226
f 1621/2579/2456 1596/2529/2404 1441/2328/2226
f 1464/2326/2224 1400/2234/2135 1622/2580/2457
f 1400/2235/2135 1373/2236/2136 1622/2581/2457
f 1373/2236/2136 1623/2582/2458 1622/2581/2457
f 1425/2209/2107 1623/2582/2458 1373/2236/2136
f 1637/2583/2459 1529/2435/2328 1499/2384/2281
f 1530/2437/2330 1624/2584/2460 1485/2265/2167
f 1638/2585/2461 1531/2436/2329 1654/2557/2431
f 1638/2585/2461 1563/2531/2406 1531/2436/2462
f 1530/2437/2330 1486/2360/2259 1625/2586/2463
f 1626/2587/2464 1598/2532/2407 1515/2406/2303
f 1610/2558/2432 1500/2407/2304 1487/2361/2260
f 1515/2406/2303 1501/2385/2283 1626/2587/2464
f 1565/2493/2375 1627/2588/2465 1502/2368/2264
f 1502/2368/2264 1627/2588/2465 1583/2512/2389
f 1600/2534/2409 1628/2589/2466 1519/2411/2307
f 1550/2475/2355 1613/2561/2435 1568/2496/2378
f 1613/2590/2467 1630/2591/2468 1614/2592/2469
f 1430/2272/2174 1585/2497/2379 1629/2593/2470
f 1534/2477/2333 1631/2567/2438 1535/2444/2357
f 1551/2594/2358 1602/2569/2441 1504/2372/2267
f 1523/2392/2289 1587/2339/2236 1696/2595/2471
f 1525/2420/2317 1605/2544/2417 1537/2449/2337
f 1539/2452/2319 1615/2596/2443 1419/2280/2182
f 1645/2597/2472 1305/2174/2076 1306/2084/1997
f 1592/2573/2473 1632/2598/2474 1593/2524/2475
f 1633/2599/2476 1572/2456/2341 1542/2455/2340
f 1594/2489/2370 1573/2488/2369 1510/2397/2296
f 1576/2459/2245 1634/2554/2427 1594/2489/2370
f 1575/2431/2324 1618/2555/2428 1511/2398/2297
f 1478/2432/2246 1685/2600/2477 1649/2575/2451
f 1546/2434/2371 1618/2555/2478 1609/2556/2430
f 1355/2156/2058 1956/2465/2349 1720/2601/2479
f 1595/2577/2402 1620/2578/2480 1498/2325/2223
f 1635/2602/2481 1579/2404/2301 1620/2578/2455
f 1463/2327/2225 1579/2404/2301 1635/2602/2481
f 1463/2327/2225 1635/2602/2481 1621/2579/2456
f 1464/2326/2224 1622/2580/2457 1636/2603/2482
f 1596/2529/2404 1597/2530/2405 1562/2405/2302
f 1624/2584/2460 1530/2437/2330 1625/2586/2463
f 1486/2360/2259 1488/2289/2188 1625/2586/2463
f 1489/2365/2285 1532/2438/2331 1656/2604/2483
f 1489/2365/2285 1656/2604/2483 1516/2386/2286
f 1567/2495/2377 1566/2494/2376 1673/2605/2484
f 1519/2473/2307 1628/2606/2466 1549/2471/2354
f 1629/2593/2470 1612/2560/2434 1430/2272/2174
f 1585/2497/2379 1415/2252/2154 1603/2498/2380
f 1586/2541/2395 1639/2607/2485 1604/2608/2415
f 1604/2542/2415 1639/2609/2485 1605/2544/2486
f 1616/2545/2487 1643/2610/2488 1591/2546/2489
f 1644/2611/2490 1606/2547/2491 1591/2546/2489
f 1644/2611/2490 1607/2551/2448 1606/2547/2491
f 1617/2572/2446 1607/2551/2448 1644/2611/2490
f 1617/2572/2492 1646/2612/2493 1592/2523/2473
f 1633/2599/2476 1647/2552/2426 1572/2456/2341
f 1608/2574/2450 1543/2486/2367 1396/2287/2186
f 1479/2315/2213 1561/2463/2345 1578/2511/2388
f 1619/2576/2453 1708/2613/2494 1561/2463/2345
f 1709/2614/2495 1355/2156/2058 1720/2601/2479
f 1595/2527/2402 1355/2156/2058 1709/2614/2495
f 1265/1892/1815 1547/2466/2350 1650/2324/2222
f 1621/2579/2456 1651/2615/2496 1596/2529/2404
f 1652/2616/2497 1597/2530/2405 1596/2529/2498
f 1499/2384/2281 1597/2530/2405 1637/2583/2459
f 1610/2558/2432 1655/2617/2499 1500/2407/2304
f 1516/2386/2286 1656/2604/2483 1599/2618/2408
f 1500/2407/2304 1655/2617/2499 1565/2493/2375
f 1655/2617/2499 1627/2588/2465 1565/2493/2375
f 1583/2514/2392 1659/2619/2500 1566/2515/2376
f 1582/2513/2390 1518/2410/2306 1660/2620/2501
f 1613/2561/2435 1550/2475/2355 1661/2621/2502
f 1613/2561/2467 1661/2621/2503 1630/2566/2468
f 1661/2621/2504 1631/2567/2438 1630/2566/2412
f 1675/2622/2505 1662/2623/2506 1601/2540/2440
f 1601/2540/2507 1662/2623/2507 1551/2478/2507
f 1603/2498/2380 1523/2392/2289 1696/2595/2471
f 1552/2479/2359 1602/2569/2441 1663/2624/2508
f 1552/2479/2359 1663/2624/2508 1586/2541/2395
f 1586/2541/2395 1663/2624/2508 1639/2607/2485
f 1698/2625/2509 1537/2449/2337 1605/2544/2417
f 1677/2626/2510 1433/2450/2180 1417/2627/2274
f 1589/2521/2397 1664/2628/2511 1553/2481/2361
f 1553/2481/2361 1640/2629/2512 1554/2482/2362
f 1506/2396/2293 1615/2570/2443 1642/2630/2513
f 1643/2610/2488 1644/2611/2490 1591/2546/2489
f 1644/2611/2514 1665/2631/2515 1617/2572/2516
f 1592/2523/2473 1646/2612/2493 1632/2632/2474
f 1593/2524/2400 1666/2633/2517 1542/2455/2340
f 1542/2455/2340 1666/2633/2517 1633/2599/2476
f 1574/2509/2387 1560/2487/2368 1684/2634/2518
f 1594/2489/2370 1667/2635/2519 1573/2488/2369
f 1684/2634/2518 1575/2431/2324 1574/2509/2387
f 1618/2555/2428 1575/2431/2324 1648/2636/2520
f 1636/2603/2482 1580/2528/2403 1464/2326/2224
f 1596/2529/2404 1651/2615/2496 1652/2616/2497
f 1637/2583/2459 1597/2530/2405 1652/2616/2497
f 1529/2435/2328 1637/2583/2459 1688/2637/2521
f 1581/2467/2351 1529/2435/2328 1747/2638/2522
f 1485/2265/2167 1624/2584/2460 1689/2639/2523
f 1581/2467/2351 1747/2638/2522 1653/2640/2524
f 1563/2531/2406 1669/2641/2525 1610/2558/2432
f 1488/2363/2188 1598/2532/2407 1722/2642/2526
f 1657/2643/2527 1564/2491/2373 1548/2469/2353
f 1548/2469/2353 1670/2644/2528 1657/2643/2527
f 1548/2469/2353 1517/2409/2287 1670/2644/2528
f 1671/2645/2529 1583/2512/2389 1627/2588/2465
f 1583/2514/2392 1658/2646/2530 1659/2619/2500
f 1660/2647/2501 1518/2648/2306 1672/2649/2531
f 1659/2650/2500 1673/2605/2532 1566/2494/2533
f 1628/2606/2466 1674/2651/2534 1549/2471/2354
f 1550/2475/2355 1549/2474/2354 1674/2652/2534
f 1601/2540/2440 1631/2567/2438 1675/2622/2505
f 1662/2623/2535 1676/2653/2536 1551/2478/2537
f 1551/2478/2358 1676/2653/2536 1602/2654/2441
f 1587/2339/2236 1588/2520/2396 1715/2655/2538
f 1605/2544/2486 1639/2609/2485 1698/2625/2509
f 1588/2520/2396 1433/2450/2180 1677/2626/2510
f 1664/2628/2511 1640/2629/2512 1553/2481/2361
f 1554/2504/2362 1641/2656/2539 1539/2422/2319
f 1641/2657/2539 1615/2596/2443 1539/2452/2319
f 1616/2545/2487 1506/2571/2540 1643/2610/2488
f 1679/2658/2541 1680/2659/2542 1643/2610/2543
f 1680/2659/2542 1644/2611/2544 1643/2610/2543
f 1617/2572/2516 1665/2631/2515 1646/2612/2545
f 1306/2084/1997 1477/2309/2206 1682/2660/2546
f 1593/2524/2475 1632/2598/2474 1681/2661/2547
f 1666/2633/2517 1593/2524/2548 1681/2661/2549
f 1683/2662/2550 1560/2487/2368 1647/2552/2426
f 1478/2432/2246 1686/2663/2551 1685/2600/2477
f 1478/2432/2246 1544/2510/2343 1686/2663/2551
f 1618/2555/2428 1707/2664/2552 1609/2556/2553
f 1635/2602/2481 1710/2665/2554 1621/2579/2456
f 1710/2665/2554 1687/2666/2555 1621/2579/2456
f 1687/2666/2555 1651/2615/2496 1621/2579/2456
f 1623/2582/2458 1425/2209/2107 1689/2667/2523
f 1529/2435/2328 1688/2637/2521 1747/2638/2522
f 1425/2359/2107 1485/2265/2167 1689/2639/2523
f 1581/2467/2351 1653/2640/2524 1654/2557/2431
f 1625/2586/2463 1488/2289/2188 1722/2668/2526
f 1669/2641/2525 1655/2617/2499 1610/2558/2432
f 1532/2438/2331 1690/2669/2556 1656/2604/2483
f 1564/2491/2373 1690/2670/2556 1532/2671/2374
f 1671/2645/2557 1658/2672/2530 1583/2512/2392
f 1670/2644/2528 1517/2409/2287 1582/2673/2390
f 1567/2495/2377 1673/2605/2484 1691/2674/2558
f 1567/2495/2377 1691/2674/2558 1600/2534/2409
f 1692/2675/2559 1611/2559/2433 1612/2560/2434
f 1550/2475/2560 1674/2652/2560 1661/2621/2560
f 1661/2621/2561 1693/2676/2562 1631/2567/2563
f 1694/2677/2564 1631/2567/2563 1693/2676/2562
f 1694/2677/2564 1675/2622/2565 1631/2567/2563
f 1676/2678/2536 1695/2679/2566 1602/2569/2441
f 1602/2569/2441 1695/2679/2566 1663/2624/2508
f 1695/2679/2566 1697/2680/2567 1663/2624/2508
f 1663/2624/2508 1697/2680/2567 1639/2607/2485
f 1697/2680/2568 1698/2681/2509 1639/2607/2485
f 1537/2449/2337 1699/2682/2569 1589/2521/2397
f 1417/2377/2274 1434/2195/2096 1678/2683/2570
f 1640/2629/2512 1641/2657/2539 1554/2482/2362
f 1643/2610/2571 1506/2571/2293 1717/2684/2572
f 1665/2685/2573 1701/2686/2574 1646/2687/2493
f 1702/2688/2575 1632/2632/2474 1646/2612/2493
f 1477/2309/2206 1559/2508/2386 1682/2660/2546
f 1543/2486/2367 1608/2574/2450 1703/2689/2576
f 1705/2690/2577 1608/2574/2450 1573/2488/2369
f 1704/2691/2578 1684/2634/2518 1560/2487/2368
f 1573/2488/2369 1667/2635/2519 1705/2690/2577
f 1684/2634/2518 1706/2692/2579 1575/2431/2324
f 1609/2556/2580 1730/2693/2581 1619/2576/2453
f 1595/2577/2402 1709/2694/2495 1620/2578/2480
f 1620/2695/2455 1710/2696/2554 1635/2697/2481
f 1580/2528/2403 1711/2698/2582 1528/2490/2372
f 1688/2637/2521 1637/2583/2459 1652/2616/2497
f 1638/2585/2461 1712/2699/2583 1563/2531/2406
f 1563/2531/2406 1712/2699/2583 1669/2641/2525
f 1713/2700/2584 1626/2587/2464 1501/2385/2283
f 1714/2701/2585 1690/2670/2556 1564/2491/2373
f 1714/2701/2586 1564/2491/2373 1657/2643/2527
f 1655/2617/2499 1671/2645/2529 1627/2588/2465
f 1628/2589/2466 1600/2534/2409 1691/2674/2558
f 1674/2652/2534 1725/2702/2587 1661/2621/2561
f 1661/2621/2561 1725/2702/2587 1693/2676/2562
f 1696/2595/2471 1587/2339/2236 1715/2655/2538
f 1699/2682/2569 1537/2449/2337 1698/2625/2509
f 1699/2682/2569 1700/2703/2588 1589/2521/2397
f 1700/2703/2588 1664/2628/2511 1589/2521/2397
f 1678/2683/2570 1434/2195/2096 1453/2394/2291
f 1453/2394/2291 1590/2395/2292 1716/2704/2589
f 1717/2684/2572 1679/2658/2541 1643/2610/2543
f 1644/2611/2544 1718/2705/2590 1665/2631/2591
f 1305/2174/2076 1645/2597/2472 1570/2506/2383
f 1665/2631/2573 1718/2705/2592 1701/2706/2574
f 1306/2084/1997 1682/2660/2546 1645/2597/2472
f 1543/2486/2367 1703/2689/2576 1727/2707/2593
f 1608/2574/2450 1705/2690/2577 1703/2689/2576
f 1648/2636/2520 1575/2431/2324 1706/2692/2579
f 1648/2636/2520 1719/2708/2594 1618/2555/2428
f 1501/2385/2283 1599/2533/2408 1713/2700/2584
f 1599/2618/2408 1656/2604/2483 1723/2709/2595
f 1655/2617/2499 1736/2710/2596 1671/2645/2557
f 1657/2643/2527 1670/2644/2528 1724/2711/2597
f 1603/2498/2380 1696/2595/2471 1726/2712/2598
f 1678/2713/2570 1677/2626/2510 1417/2627/2274
f 1570/2506/2383 1757/2714/2599 1555/2522/2398
f 1777/2715/2600 1718/2705/2590 1644/2611/2544
f 1681/2716/2601 1632/2632/2602 1702/2688/2603
f 1779/2717/2604 1633/2599/2476 1666/2633/2517
f 1559/2508/2386 1543/2486/2367 1727/2707/2593
f 1704/2691/2578 1560/2487/2368 1683/2662/2550
f 1684/2634/2518 1728/2718/2605 1706/2692/2579
f 1577/2380/2277 1761/2719/2606 1634/2720/2427
f 1618/2555/2428 1719/2708/2594 1707/2664/2552
f 1578/2511/2388 1561/2463/2345 1743/2721/2607
f 1561/2463/2345 1708/2613/2494 1743/2721/2607
f 1544/2510/2343 1729/2722/2608 1686/2663/2551
f 1708/2613/2494 1619/2576/2453 1744/2723/2609
f 1707/2664/2552 1730/2693/2581 1609/2556/2553
f 1731/2724/2610 1620/2578/2480 1709/2694/2495
f 1731/2725/2610 1710/2696/2554 1620/2695/2455
f 1732/2726/2611 1547/2466/2350 1528/2490/2372
f 1721/2727/2612 1580/2528/2403 1636/2603/2482
f 1733/2728/2613 1734/2729/2614 1651/2615/2496
f 1734/2729/2614 1652/2616/2497 1651/2615/2496
f 1735/2730/2615 1638/2585/2461 1654/2557/2431
f 1669/2641/2525 1736/2710/2596 1655/2617/2499
f 1656/2604/2483 1748/2731/2616 1723/2709/2595
f 1518/2410/2306 1611/2559/2433 1672/2732/2531
f 1628/2606/2466 1737/2733/2617 1674/2651/2534
f 1737/2733/2617 1725/2734/2587 1674/2651/2534
f 1738/2735/2618 1675/2622/2565 1694/2677/2564
f 1675/2622/2505 1738/2735/2619 1662/2623/2506
f 1629/2593/2470 1585/2497/2379 1739/2736/2620
f 1662/2623/2535 1771/2737/2621 1676/2653/2536
f 1695/2679/2566 1676/2678/2536 1740/2738/2622
f 1697/2680/2567 1695/2679/2566 1740/2738/2622
f 1697/2680/2568 1772/2739/2623 1698/2681/2509
f 1698/2625/2509 1772/2740/2623 1699/2682/2569
f 1641/2657/2539 1741/2741/2624 1615/2596/2443
f 1642/2742/2513 1717/2684/2572 1506/2571/2293
f 1777/2715/2600 1644/2611/2544 1680/2659/2542
f 1646/2743/2493 1701/2686/2574 1702/2744/2575
f 1681/2661/2549 1742/2745/2625 1666/2633/2517
f 1594/2489/2370 1634/2554/2427 1813/2746/2626
f 1761/2719/2606 1577/2380/2277 1649/2575/2451
f 1578/2511/2388 1729/2722/2608 1544/2510/2343
f 1578/2511/2388 1743/2721/2607 1729/2722/2608
f 1782/2747/2627 1710/2748/2554 1731/2749/2610
f 1528/2490/2372 1711/2698/2582 1745/2750/2628
f 1782/2751/2627 1746/2752/2629 1710/2665/2554
f 1746/2752/2629 1687/2666/2555 1710/2665/2554
f 1651/2615/2496 1687/2666/2555 1733/2728/2613
f 1688/2637/2521 1652/2616/2497 1734/2729/2614
f 1654/2557/2431 1653/2640/2524 1735/2730/2615
f 1638/2585/2461 1735/2730/2615 1712/2699/2583
f 1669/2641/2525 1764/2753/2630 1736/2710/2596
f 1656/2604/2483 1690/2669/2556 1748/2731/2616
f 1599/2533/2408 1723/2754/2595 1713/2700/2584
f 1724/2711/2597 1670/2644/2528 1749/2755/2631
f 1670/2644/2528 1582/2673/2390 1749/2755/2631
f 1749/2755/2631 1582/2673/2390 1660/2647/2501
f 1659/2650/2500 1750/2756/2632 1673/2605/2532
f 1750/2756/2633 1751/2757/2634 1673/2605/2635
f 1752/2758/2636 1693/2759/2562 1725/2760/2587
f 1693/2759/2562 1752/2758/2636 1694/2761/2564
f 1694/2761/2564 1752/2758/2637 1753/2762/2638
f 1739/2736/2620 1585/2497/2379 1603/2498/2380
f 1697/2680/2567 1740/2738/2622 1754/2763/2639
f 1772/2739/2640 1697/2680/2567 1754/2763/2639
f 1699/2682/2569 1755/2764/2641 1700/2703/2588
f 1715/2655/2538 1588/2520/2396 1677/2626/2510
f 1677/2626/2510 1678/2713/2570 1756/2765/2642
f 1717/2684/2572 1775/2766/2643 1679/2658/2541
f 1702/2767/2603 1758/2768/2644 1681/2769/2601
f 1684/2634/2518 1704/2691/2578 1759/2770/2645
f 1706/2692/2579 1760/2771/2646 1648/2636/2520
f 1634/2554/2427 1761/2772/2606 1813/2746/2626
f 1619/2576/2453 1730/2693/2581 1744/2723/2609
f 1732/2726/2611 1528/2490/2372 1745/2750/2628
f 1580/2528/2403 1721/2727/2612 1711/2698/2582
f 1746/2752/2629 1733/2728/2613 1687/2666/2555
f 1622/2581/2457 1623/2582/2458 1762/2773/2647
f 1688/2637/2521 1785/2774/2648 1747/2638/2522
f 1624/2584/2460 1625/2586/2463 1763/2775/2649
f 1712/2699/2583 1764/2753/2630 1669/2641/2525
f 1722/2642/2526 1598/2532/2407 1765/2776/2650
f 1736/2710/2596 1766/2777/2651 1671/2645/2557
f 1658/2672/2530 1671/2645/2557 1767/2778/2652
f 1750/2779/2632 1659/2619/2500 1658/2646/2530
f 1691/2674/2558 1673/2605/2484 1751/2757/2653
f 1628/2589/2466 1691/2674/2654 1737/2780/2617
f 1752/2758/2636 1725/2760/2587 1768/2781/2655
f 1752/2758/2656 1769/2782/2657 1753/2762/2658
f 1770/2783/2659 1629/2593/2470 1739/2736/2620
f 1740/2738/2622 1676/2678/2536 1771/2784/2621
f 1754/2785/2639 1740/2786/2622 1803/2787/2660
f 1773/2788/2661 1699/2682/2662 1772/2740/2640
f 1677/2626/2510 1774/2789/2663 1715/2655/2538
f 1775/2766/2643 1680/2659/2542 1679/2658/2541
f 1777/2715/2600 1680/2659/2542 1776/2790/2664
f 1777/2715/2600 1778/2791/2665 1718/2705/2590
f 1718/2705/2666 1778/2791/2667 1701/2706/2668
f 1778/2792/2667 1702/2744/2669 1701/2793/2668
f 1779/2717/2604 1666/2633/2517 1742/2745/2625
f 1647/2552/2426 1633/2599/2476 1780/2794/2670
f 1780/2794/2670 1683/2662/2550 1647/2552/2426
f 1704/2691/2578 1683/2662/2550 1781/2795/2671
f 1684/2634/2518 1759/2770/2645 1728/2718/2605
f 1594/2489/2370 1813/2746/2626 1667/2635/2519
f 1547/2466/2350 1732/2726/2611 1650/2324/2222
f 1636/2603/2482 1622/2580/2457 1783/2796/2672
f 1688/2637/2521 1734/2729/2614 1795/2797/2673
f 1688/2637/2521 1795/2797/2673 1785/2774/2648
f 1689/2639/2523 1624/2584/2460 1763/2775/2649
f 1722/2668/2526 1797/2798/2674 1625/2586/2463
f 1657/2643/2527 1724/2711/2597 1714/2701/2586
f 1766/2777/2651 1767/2778/2652 1671/2645/2557
f 1767/2799/2652 1750/2779/2675 1658/2646/2530
f 1691/2800/2676 1787/2801/2677 1737/2802/2617
f 1768/2781/2678 1788/2803/2678 1752/2758/2678
f 1752/2758/2656 1788/2803/2679 1769/2782/2657
f 1770/2783/2659 1612/2560/2434 1629/2593/2470
f 1789/2804/2680 1662/2805/2681 1738/2806/2682
f 1662/2805/2535 1789/2804/2683 1771/2807/2621
f 1603/2498/2380 1726/2712/2598 1739/2736/2620
f 1453/2394/2291 1790/2808/2684 1678/2683/2570
f 1741/2741/2624 1641/2657/2539 1791/2809/2685
f 1540/2453/2338 1716/2704/2589 1590/2395/2292
f 1757/2714/2599 1570/2506/2383 1904/2810/2686
f 1758/2811/2644 1792/2812/2687 1681/2813/2601
f 1681/2814/2549 1792/2815/2688 1742/2816/2625
f 1793/2817/2689 1707/2664/2552 1719/2708/2594
f 1707/2664/2552 1793/2817/2689 1730/2693/2581
f 1685/2600/2477 1686/2663/2551 1649/2575/2451
f 1483/2182/2085 1650/2324/2222 1907/2818/2690
f 1709/2819/2495 1794/2820/2691 1731/2749/2610
f 1782/2747/2627 1815/2821/2692 1746/2822/2629
f 1795/2797/2673 1734/2729/2614 1733/2728/2613
f 1784/2823/2693 1622/2581/2457 1762/2773/2647
f 1796/2824/2694 1735/2730/2695 1653/2640/2696
f 1598/2532/2407 1626/2587/2464 1765/2776/2650
f 1626/2587/2464 1786/2825/2697 1765/2776/2650
f 1626/2587/2464 1713/2700/2584 1786/2825/2697
f 1749/2755/2631 1660/2647/2501 1798/2826/2698
f 1672/2732/2531 1611/2559/2433 1692/2675/2559
f 1787/2827/2677 1725/2734/2587 1737/2733/2617
f 1725/2760/2587 1835/2828/2699 1768/2781/2655
f 1769/2782/2700 1788/2803/2701 1800/2829/2702
f 1801/2830/2703 1753/2831/2704 1769/2832/2700
f 1694/2761/2564 1753/2762/2638 1738/2806/2618
f 1771/2807/2621 1802/2833/2705 1740/2786/2622
f 1754/2785/2639 1803/2787/2660 1824/2834/2706
f 1754/2785/2639 1824/2834/2706 1772/2835/2640
f 1804/2836/2707 1772/2835/2640 1824/2834/2706
f 1773/2837/2661 1772/2835/2640 1804/2836/2707
f 1774/2789/2663 1677/2626/2510 1756/2765/2642
f 1806/2838/2708 1640/2629/2512 1664/2628/2511
f 1540/2453/2338 1807/2839/2709 1716/2704/2589
f 1642/2630/2513 1808/2840/2710 1717/2841/2572
f 1809/2842/2711 1540/2453/2338 1555/2522/2398
f 1717/2684/2572 1810/2843/2712 1775/2766/2643
f 1778/2792/2665 1811/2844/2713 1702/2744/2603
f 1742/2745/2625 1792/2845/2714 1812/2846/2715
f 1779/2717/2604 1742/2745/2625 1812/2846/2715
f 1633/2599/2476 1779/2717/2604 1780/2794/2670
f 1760/2771/2646 1706/2692/2579 1843/2847/2716
f 1813/2746/2626 1761/2772/2606 1988/2848/2717
f 1648/2636/2520 1760/2771/2646 1719/2708/2594
f 1782/2747/2627 1731/2749/2610 1815/2821/2692
f 1846/2849/2718 1785/2774/2648 1795/2797/2673
f 1623/2582/2458 1689/2667/2523 1762/2773/2647
f 1816/2850/2719 1735/2730/2695 1796/2824/2694
f 1816/2850/2720 1712/2699/2583 1735/2730/2615
f 1797/2798/2674 1763/2775/2649 1625/2586/2463
f 1797/2798/2674 1722/2668/2526 1765/2851/2650
f 1736/2852/2596 1817/2853/2721 1766/2854/2651
f 1724/2711/2597 1749/2755/2631 1818/2855/2722
f 1766/2777/2651 1819/2856/2723 1767/2778/2652
f 1691/2800/2676 1834/2857/2724 1787/2801/2677
f 1770/2783/2659 1692/2675/2559 1612/2560/2434
f 1768/2781/2655 1820/2858/2725 1788/2803/2726
f 1821/2859/2727 1788/2803/2728 1820/2858/2725
f 1738/2860/2618 1753/2831/2638 1801/2830/2729
f 1800/2829/2730 1788/2803/2731 1821/2859/2732
f 1800/2829/2730 1821/2859/2732 1822/2861/2733
f 1800/2862/2702 1822/2863/2734 1769/2832/2700
f 1823/2864/2735 1771/2807/2736 1789/2804/2680
f 1803/2787/2660 1740/2786/2622 1802/2833/2705
f 1773/2788/2661 1805/2865/2737 1699/2682/2662
f 1700/2703/2588 1825/2866/2738 1664/2628/2511
f 1664/2628/2511 1825/2866/2738 1806/2838/2708
f 1640/2629/2512 1791/2809/2685 1641/2657/2539
f 1790/2808/2684 1453/2394/2291 1716/2704/2589
f 1807/2839/2709 1540/2453/2338 1809/2842/2711
f 1775/2766/2643 1776/2790/2664 1680/2659/2542
f 1645/2597/2472 1904/2810/2686 1570/2506/2383
f 1758/2867/2644 1702/2744/2603 1811/2844/2713
f 1758/2868/2644 1827/2869/2739 1792/2870/2687
f 1705/2690/2577 1667/2635/2519 1842/2871/2740
f 1843/2847/2716 1706/2692/2579 1728/2718/2605
f 1649/2575/2451 1844/2872/2741 1761/2719/2606
f 1793/2817/2689 1814/2873/2742 1730/2693/2581
f 1743/2721/2607 1708/2613/2494 1828/2874/2743
f 1744/2723/2609 1829/2875/2744 1708/2613/2494
f 1708/2613/2494 1829/2875/2744 1828/2874/2743
f 1483/2182/2085 1907/2818/2690 1830/2876/2745
f 1709/2614/2495 1720/2601/2479 1794/2877/2746
f 1815/2821/2692 1832/2878/2747 1746/2822/2629
f 1636/2603/2482 1783/2796/2672 1721/2727/2612
f 1733/2879/2613 1746/2822/2629 1832/2878/2747
f 1747/2638/2522 1785/2774/2648 1653/2640/2524
f 1833/2880/2748 1712/2699/2583 1816/2850/2719
f 1712/2881/2583 1833/2882/2748 1764/2883/2630
f 1764/2884/2630 1930/2885/2749 1736/2886/2596
f 1860/2887/2750 1766/2854/2651 1817/2853/2721
f 1798/2826/2698 1660/2647/2501 1672/2649/2531
f 1834/2888/2751 1691/2674/2558 1751/2757/2653
f 1787/2801/2677 1835/2828/2699 1725/2760/2587
f 1769/2832/2700 1836/2889/2752 1801/2830/2703
f 1822/2863/2734 1836/2889/2752 1769/2832/2700
f 1803/2787/2660 1802/2833/2705 1837/2890/2753
f 1913/2891/2754 1824/2834/2706 1803/2787/2660
f 1824/2834/2706 1838/2892/2755 1804/2836/2707
f 1838/2892/2755 1852/2893/2756 1804/2836/2707
f 1773/2837/2661 1804/2836/2707 1805/2894/2737
f 1700/2703/2588 1755/2764/2641 1825/2866/2738
f 1615/2570/2443 1865/2895/2757 1642/2630/2513
f 1555/2522/2398 1757/2714/2599 1809/2842/2711
f 1778/2791/2665 1777/2715/2600 1840/2896/2758
f 1778/2792/2665 1826/2897/2759 1811/2844/2713
f 1781/2795/2671 1759/2770/2645 1704/2691/2578
f 1728/2718/2605 1759/2770/2645 1843/2847/2716
f 1845/2898/2760 1730/2693/2581 1814/2873/2742
f 1686/2663/2551 1844/2872/2741 1649/2575/2451
f 1743/2721/2607 1828/2874/2743 1893/2899/2761
f 1744/2723/2609 1845/2898/2760 1829/2875/2744
f 1730/2693/2581 1845/2898/2760 1744/2723/2609
f 1743/2721/2607 1893/2899/2761 1729/2722/2608
f 1846/2900/2718 1795/2901/2673 1733/2879/2613
f 1846/2849/2718 1847/2902/2762 1785/2774/2648
f 1930/2903/2749 1817/2853/2721 1736/2852/2596
f 1848/2904/2763 1786/2825/2697 1713/2700/2584
f 1714/2701/2585 1849/2905/2764 1690/2906/2556
f 1850/2907/2765 1849/2905/2764 1714/2701/2586
f 1690/2669/2556 1849/2908/2764 1748/2731/2616
f 1713/2700/2584 1723/2754/2595 1858/2909/2766
f 1850/2907/2765 1714/2701/2586 1724/2711/2597
f 1766/2854/2651 1860/2887/2750 1819/2910/2723
f 1750/2779/2675 1767/2799/2652 1819/2911/2723
f 1750/2779/2675 1819/2911/2723 1851/2912/2767
f 1750/2913/2633 1851/2914/2768 1751/2915/2634
f 1799/2916/2769 1751/2757/2770 1851/2917/2771
f 1738/2918/2618 1801/2830/2729 1836/2889/2772
f 1823/2864/2735 1802/2833/2705 1771/2807/2621
f 1837/2890/2753 1913/2891/2754 1803/2787/2660
f 1824/2834/2706 1861/2919/2773 1838/2892/2755
f 1838/2892/2755 1861/2919/2773 1863/2920/2774
f 1838/2892/2755 1863/2920/2775 1852/2893/2756
f 1804/2836/2707 1852/2893/2756 1882/2921/2776
f 1805/2894/2737 1804/2836/2707 1882/2921/2777
f 1774/2789/2663 1756/2765/2642 1853/2922/2778
f 1840/2896/2758 1777/2715/2600 1776/2790/2664
f 1779/2717/2604 1812/2846/2715 1867/2923/2779
f 1780/2794/2670 1781/2795/2671 1683/2662/2550
f 1705/2690/2577 1842/2871/2740 1703/2689/2576
f 1842/2871/2740 1667/2635/2519 1813/2746/2626
f 1719/2708/2594 1946/2924/2780 1793/2817/2689
f 1926/2925/2781 1731/2749/2610 1794/2820/2691
f 1732/2726/2611 1855/2926/2782 1650/2324/2222
f 1731/2749/2610 1926/2925/2781 1815/2821/2692
f 1926/2925/2781 1856/2927/2783 1815/2821/2692
f 1653/2640/2696 1785/2774/2648 1857/2928/2784
f 1796/2824/2694 1653/2640/2696 1857/2928/2784
f 1850/2907/2765 1724/2711/2597 1859/2929/2785
f 1859/2929/2785 1724/2711/2597 1818/2855/2722
f 1851/2912/2771 1819/2911/2723 1872/2930/2786
f 1751/2757/2770 1799/2916/2769 1834/2888/2724
f 1820/2858/2725 1768/2781/2655 1874/2931/2787
f 1822/2863/2734 1878/2932/2788 1836/2889/2752
f 1738/2806/2682 1896/2933/2789 1789/2804/2680
f 1738/2806/2790 1836/2934/2790 1896/2933/2790
f 1915/2935/2791 1696/2595/2471 1862/2936/2792
f 1861/2919/2773 1880/2937/2793 1863/2920/2774
f 1756/2938/2642 1678/2683/2570 1790/2808/2684
f 1741/2741/2624 1865/2939/2757 1615/2596/2443
f 1865/2895/2757 1808/2840/2710 1642/2630/2513
f 1808/2940/2710 1810/2843/2712 1717/2684/2572
f 1775/2766/2643 1810/2843/2712 1839/2941/2794
f 1866/2942/2795 1811/2844/2713 1826/2897/2759
f 1727/2707/2593 1841/2943/2796 1559/2508/2386
f 1889/2944/2797 1780/2794/2670 1779/2717/2604
f 1483/2182/2085 1830/2876/2745 1831/2383/2280
f 1720/2601/2479 1854/2945/2798 1794/2946/2799
f 1783/2796/2672 1622/2580/2457 1868/2947/2800
f 1733/2879/2613 1832/2878/2747 1909/2948/2801
f 1622/2581/2457 1784/2823/2693 1868/2949/2800
f 1847/2950/2762 1846/2900/2718 1869/2951/2802
f 1785/2774/2648 1847/2902/2762 1857/2928/2784
f 1894/2952/2803 1833/2882/2748 1816/2953/2719
f 1833/2882/2748 1930/2903/2749 1764/2883/2630
f 1713/2700/2584 1858/2909/2766 1848/2904/2804
f 1860/2887/2750 1817/2853/2721 1870/2954/2805
f 1818/2855/2722 1749/2755/2631 1871/2955/2806
f 1871/2955/2806 1749/2755/2631 1798/2826/2698
f 1672/2732/2531 1692/2675/2559 1873/2956/2807
f 1770/2783/2659 1875/2957/2808 1692/2675/2559
f 1768/2781/2655 1835/2828/2699 1874/2931/2787
f 1820/2958/2725 1876/2959/2809 1821/2960/2727
f 1877/2961/2810 1821/2960/2811 1876/2959/2812
f 1822/2962/2733 1821/2960/2732 1877/2961/2813
f 1938/2963/2814 1837/2890/2753 1802/2833/2705
f 1897/2964/2815 1824/2834/2706 1913/2891/2754
f 1726/2712/2598 1696/2595/2471 1915/2935/2791
f 1824/2834/2706 1898/2965/2816 1861/2919/2773
f 1898/2965/2816 1880/2937/2793 1861/2919/2773
f 1881/2966/2817 1863/2920/2774 1880/2937/2793
f 1696/2595/2471 1715/2655/2538 1862/2936/2792
f 1715/2655/2538 1774/2789/2663 1862/2936/2792
f 1699/2682/2818 1805/2865/2818 1883/2967/2818
f 1640/2629/2512 1884/2968/2819 1791/2809/2685
f 1790/2808/2684 1716/2704/2589 1885/2969/2820
f 1791/2970/2685 1864/2971/2821 1741/2972/2624
f 1886/2973/2822 1807/2839/2709 1809/2842/2711
f 1776/2790/2664 1775/2766/2643 1903/2974/2823
f 1903/2974/2823 1887/2975/2824 1776/2790/2664
f 1840/2896/2758 1826/2976/2759 1778/2791/2665
f 1826/2897/2759 1888/2977/2825 1866/2942/2795
f 1758/2867/2644 1811/2844/2713 1827/2978/2739
f 1889/2944/2797 1781/2795/2671 1780/2794/2670
f 1890/2979/2826 1781/2795/2671 1889/2944/2797
f 1759/2770/2645 1891/2980/2827 1843/2847/2716
f 1686/2663/2551 1892/2981/2828 1844/2872/2741
f 1828/2874/2743 1829/2875/2744 1893/2899/2761
f 1686/2663/2551 1729/2722/2608 1892/2981/2828
f 1846/2900/2718 1733/2879/2613 1909/2948/2801
f 1763/2775/2649 1797/2798/2674 1689/2639/2523
f 1850/2907/2765 1859/2929/2785 1895/2982/2829
f 1911/2983/2830 1819/2910/2723 1860/2887/2750
f 1672/2732/2531 1873/2956/2807 1798/2984/2698
f 1787/2801/2677 1834/2857/2724 1935/2985/2831
f 1877/2961/2832 1878/2986/2788 1822/2962/2833
f 1836/2889/2752 1878/2932/2788 1896/2987/2834
f 1789/2804/2680 1896/2933/2789 1823/2864/2735
f 1837/2890/2753 1938/2963/2814 1913/2891/2754
f 1898/2965/2816 1824/2834/2706 1897/2964/2815
f 1899/2988/2835 1880/2937/2793 1898/2965/2816
f 1880/2937/2793 1899/2988/2836 1881/2966/2817
f 1881/2989/2837 1852/2990/2756 1863/2991/2775
f 1805/2865/2737 1900/2992/2838 1883/2967/2839
f 1699/2682/2840 1883/2967/2839 1755/2764/2841
f 1774/2789/2663 1853/2922/2778 1901/2993/2842
f 1825/2866/2738 1902/2994/2843 1806/2838/2708
f 1806/2995/2708 1884/2996/2819 1640/2997/2512
f 1775/2766/2643 1839/2941/2794 1903/2974/2823
f 1779/2717/2604 1867/2923/2779 1889/2944/2797
f 1727/2707/2593 1703/2689/2576 1944/2998/2844
f 1890/2979/2826 1759/2770/2645 1781/2795/2671
f 1759/2770/2645 1890/2979/2826 1891/2980/2827
f 1905/2999/2845 1760/2771/2646 1843/2847/2716
f 1946/2924/2780 1719/2708/2594 1760/2771/2646
f 1844/3000/2741 1988/2848/2717 1761/2772/2606
f 1729/2722/2608 1906/3001/2846 1892/2981/2847
f 1732/2726/2611 1745/2750/2628 1908/3002/2848
f 1765/2776/2650 1786/2825/2697 1962/3003/2849
f 1858/3004/2766 1723/2709/2595 1748/2731/2616
f 1818/2855/2722 1871/2955/2806 1859/2929/2785
f 1799/3005/2769 1912/3006/2850 1834/3007/2724
f 1835/2828/2699 1787/2801/2677 1935/2985/2831
f 1739/2736/2620 1726/2712/2598 1879/3008/2851
f 1881/2989/2852 1916/3009/2853 1917/3010/2854
f 1917/3010/2854 1852/2990/2855 1881/2989/2852
f 1825/2866/2738 1918/3011/2856 1902/2994/2843
f 1756/2938/2642 1790/2808/2684 1919/3012/2857
f 1884/2968/2819 1920/3013/2858 1791/2809/2685
f 1885/2969/2820 1716/2704/2589 1921/3014/2859
f 1741/2972/2624 1864/2971/2821 1922/3015/2860
f 1716/2704/2589 1807/2839/2709 1921/3014/2859
f 1840/2896/2861 1888/3016/2862 1826/2976/2863
f 1645/2597/2472 1682/2660/2546 1986/3017/2864
f 1827/2978/2739 1811/2844/2713 1923/3018/2865
f 1827/3019/2739 1924/3020/2866 1792/3021/2687
f 1812/2846/2715 1792/2845/2714 1924/3022/2866
f 1727/2707/2593 1944/2998/2844 1841/2943/2796
f 1842/2871/2740 1945/3023/2867 1703/2689/2576
f 1945/3023/2867 1842/2871/2740 1925/3024/2868
f 1843/2847/2716 1891/2980/2827 1905/2999/2845
f 1842/2871/2740 1813/2746/2626 1925/3024/2868
f 1832/2878/2747 1815/2821/2692 1958/3025/2869
f 1721/2727/2612 1783/2796/2672 1927/3026/2870
f 1762/2773/2647 1689/2667/2523 1910/3027/2871
f 1894/2952/2803 1929/3028/2872 1833/2882/2748
f 1833/2882/2748 1929/3028/2872 1930/2903/2749
f 1850/3029/2765 1931/3030/2873 1849/2908/2764
f 1895/2982/2874 1931/3031/2874 1850/2907/2874
f 1930/2903/2749 1870/2954/2805 1817/2853/2721
f 1848/2904/2804 1858/2909/2766 1932/3032/2875
f 1933/3033/2876 1748/2731/2616 1849/2908/2764
f 1798/2984/2698 1873/2956/2807 1934/3034/2877
f 1851/2914/2771 1963/3035/2878 1799/3036/2769
f 1835/2828/2699 1935/2985/2831 1874/2931/2787
f 1936/3037/2879 1876/3038/2809 1820/2858/2725
f 1896/3039/2834 1878/2986/2788 1877/2961/2832
f 1770/2783/2659 1739/2736/2620 1937/3040/2880
f 1981/3041/2881 1802/2833/2705 1823/2864/2735
f 1802/2833/2705 1981/3041/2882 1938/2963/2814
f 1739/2736/2620 1879/3008/2851 1937/3040/2880
f 1897/2964/2815 1913/2891/2754 1914/3042/2883
f 1897/2964/2815 1914/3042/2883 1939/3043/2884
f 1726/2712/2598 1915/2935/2791 1879/3008/2851
f 1881/3044/2852 1899/3045/2885 1916/3046/2853
f 1951/3047/2886 1882/3048/2776 1852/2990/2756
f 1853/2922/2778 1756/2765/2642 1919/3049/2857
f 1864/3050/2821 1791/2809/2685 1920/3013/2858
f 1741/2741/2624 1922/3051/2860 1865/2939/2757
f 1921/3014/2859 1807/2839/2709 1886/2973/2822
f 1940/3052/2887 1839/2941/2794 1810/2843/2712
f 1757/2714/2599 1904/2810/2686 2013/3053/2888
f 1941/3054/2889 1776/2790/2664 1887/2975/2824
f 1840/2896/2890 1776/2790/2664 1941/3054/2889
f 1888/2977/2825 1942/3055/2891 1866/2942/2795
f 1866/2942/2795 1942/3055/2891 1943/3056/2892
f 1811/2844/2713 1866/2942/2795 1943/3056/2893
f 1867/2923/2779 1812/2846/2715 1924/3022/2866
f 1988/2848/2717 1925/3024/2868 1813/2746/2626
f 1946/2924/2780 1760/2771/2646 1905/2999/2845
f 1907/2818/2690 1650/2324/2222 1855/2926/2782
f 2075/3057/2894 1856/2927/2783 1926/2925/2781
f 1711/2698/2582 1947/3058/2895 1745/2750/2628
f 1947/3058/2895 1711/2698/2582 1721/2727/2612
f 1783/2796/2672 1868/2947/2800 1927/3026/2870
f 1762/2773/2647 1910/3027/2871 1948/3059/2896
f 1857/3060/2784 1928/3061/2897 1796/3062/2694
f 1689/2639/2523 1797/2798/2674 1960/3063/2898
f 1786/2825/2697 1848/2904/2763 1949/3064/2899
f 1870/2954/2805 1911/2983/2830 1860/2887/2750
f 1872/3065/2786 1819/2910/2723 1911/2983/2830
f 1871/3066/2806 1798/2984/2698 1934/3034/2877
f 1963/3035/2878 1851/2914/2771 1872/3065/2786
f 1799/2916/2769 1963/3067/2878 1912/3068/2850
f 1912/3069/2850 1935/2985/2831 1834/2857/2724
f 1692/2675/2559 1964/3070/2900 1873/2956/2807
f 1965/3071/2901 1692/2675/2559 1875/2957/2808
f 1874/2931/2787 1950/3072/2902 1820/2858/2725
f 1876/2959/2812 1936/3073/2903 1877/2961/2810
f 1896/2933/2789 1980/3074/2904 1823/2864/2735
f 1823/2864/2735 1980/3074/2904 1981/3041/2881
f 1938/2963/2814 1998/3075/2905 1914/3042/2883
f 1938/2963/2814 1914/3042/2883 1913/2891/2754
f 1898/3076/2816 1897/3077/2815 1939/3078/2884
f 1966/3079/2906 1899/3045/2907 1898/3076/2816
f 1852/2990/2855 1917/3010/2854 1951/3047/2908
f 1900/2992/2838 1805/2865/2737 1882/3048/2777
f 1862/2936/2792 1774/2789/2663 1952/3080/2909
f 1774/2789/2663 1901/2993/2842 1952/3080/2909
f 1853/2922/2778 1970/3081/2910 1901/2993/2842
f 1919/3012/2857 1790/2808/2684 1885/2969/2820
f 1839/2941/2794 1940/3052/2887 1953/3082/2911
f 1839/2941/2794 1953/3082/2911 1903/2974/2823
f 2013/3053/2888 1809/2842/2711 1757/2714/2599
f 1954/3083/2912 1840/2896/2861 1941/3054/2913
f 1840/2896/2861 1954/3083/2912 1888/3016/2862
f 1923/3018/2865 1811/2844/2713 1943/3056/2914
f 1827/2978/2739 1923/3018/2865 1973/3084/2915
f 1972/3085/2916 1682/2660/2546 1559/2508/2386
f 1827/3086/2739 1973/3087/2915 1924/3088/2866
f 1955/3089/2917 1889/2944/2797 1867/2923/2779
f 1944/2998/2844 1703/2689/2576 1945/3023/2867
f 1893/2899/2761 1990/3090/2918 1729/2722/2608
f 1794/3091/2919 1854/3092/2919 1957/3093/2919
f 1926/2925/2781 1794/2820/2691 1957/3094/2920
f 1815/2821/2692 1856/2927/2783 1958/3025/2869
f 1832/2878/2747 1958/3025/2869 1909/2948/2801
f 1948/3059/2896 1784/2823/2693 1762/2773/2647
f 1910/3095/2871 1689/2639/2523 1960/3063/2898
f 1857/2928/2784 1847/2902/2762 1959/3096/2921
f 1857/2928/2784 1959/3096/2921 1928/3097/2897
f 1796/3098/2694 1961/3099/2922 1816/2953/2719
f 1797/2798/2674 1765/2851/2650 1962/3100/2849
f 1786/2825/2697 1949/3064/2899 1962/3003/2849
f 1931/3030/2873 1933/3033/2876 1849/2908/2764
f 1911/2983/2830 1963/3035/2878 1872/3065/2786
f 1965/3071/2901 1964/3070/2900 1692/2675/2559
f 1936/3037/2879 1820/2858/2725 1950/3072/2902
f 1770/2783/2659 1937/3040/2880 1875/2957/2808
f 1877/2961/2810 1936/3101/2903 1980/3102/2923
f 1896/3039/2924 1877/2961/2924 1980/3102/2924
f 1914/3042/2883 1998/3075/2905 1939/3043/2884
f 1966/3079/2906 1898/3076/2816 1939/3078/2884
f 1967/3103/2925 1899/3045/2907 1966/3079/2906
f 1967/3103/2926 1968/3104/2927 1899/3045/2885
f 1899/3045/2885 1968/3104/2927 1916/3046/2853
f 1969/3105/2928 1917/3010/2854 1916/3009/2853
f 1755/2764/2641 1918/3011/2856 1825/2866/2738
f 1919/3012/2857 1885/2969/2820 2044/3106/2929
f 1971/3107/2930 1954/3083/2931 1941/3054/2932
f 1986/3017/2864 1904/2810/2686 1645/2597/2472
f 1942/3108/2891 1888/3016/2825 1954/3083/2933
f 1923/3018/2865 1943/3056/2892 1973/3084/2915
f 1841/2943/2796 1972/3085/2916 1559/2508/2386
f 1889/2944/2797 1955/3089/2917 1890/2979/2826
f 1988/2848/2717 1844/3000/2741 1974/3109/2934
f 1829/2875/2744 1845/2898/2760 1990/3090/2918
f 1990/3090/2918 1906/3001/2846 1729/2722/2608
f 1956/2465/2349 1668/1771/1708 2033/3110/2935
f 1856/2927/2783 2075/3057/2894 1976/3111/2936
f 1958/3025/2869 1856/2927/2783 1976/3111/2936
f 1869/2951/2802 1846/2900/2718 2022/3112/2937
f 1796/3098/2694 1928/3113/2897 1961/3099/2922
f 1894/2952/2803 1816/2953/2719 1961/3099/2922
f 1960/3063/2898 1797/2798/2674 1962/3100/2849
f 1858/2909/2938 1978/3114/2939 1932/3032/2875
f 1748/2731/2616 1933/3033/2940 1858/3004/2766
f 1977/3115/2941 1895/2982/2829 1859/2929/2785
f 1979/3116/2942 1874/2931/2787 1935/2985/2831
f 1874/2931/2787 2026/3117/2943 1950/3072/2902
f 1938/2963/2814 1981/3041/2882 1998/3075/2905
f 1969/3105/2928 1916/3009/2853 1968/3118/2944
f 1917/3010/2854 1969/3105/2928 1982/3119/2945
f 1951/3047/2946 1917/3010/2947 1982/3119/2948
f 1900/2992/2838 1882/3048/2777 1983/3120/2949
f 1918/3011/2856 1755/2764/2841 1883/2967/2839
f 1885/2969/2820 1921/3014/2859 1984/3121/2950
f 1808/3122/2710 1985/3123/2951 1810/2843/2712
f 1810/2843/2712 1985/3123/2952 1940/3052/2887
f 1887/2975/2824 1903/2974/2823 2000/3124/2953
f 1945/3023/2867 1987/3125/2954 1944/2998/2844
f 2003/3126/2955 1905/2999/2845 1891/2980/2827
f 1793/2817/2689 1989/3127/2956 1814/2873/2742
f 1946/2924/2780 1989/3127/2956 1793/2817/2689
f 1893/2899/2761 1829/2875/2744 1990/3090/2918
f 1975/3128/2957 1990/3090/2918 1845/2898/2760
f 1831/2383/2280 1830/2876/2745 1668/1771/1708
f 1854/2945/2798 1720/2601/2479 1956/2465/2349
f 1869/2951/2802 1991/3129/2958 1847/2950/2762
f 1847/2902/2762 1991/3130/2958 1959/3096/2921
f 1894/2952/2803 2023/3131/2959 1929/3028/2872
f 1949/3064/2899 1848/2904/2763 1992/3132/2960
f 2025/3133/2961 1931/3030/2961 1895/3134/2962
f 1977/3115/2941 2025/3135/2963 1895/2982/2829
f 1932/3032/2875 1992/3132/2964 1848/2904/2804
f 1931/3030/2873 2025/3133/2965 1933/3033/2876
f 1858/3004/2766 1933/3033/2940 1978/3136/2966
f 1859/2929/2785 1993/3137/2967 1977/3115/2941
f 1859/2929/2785 1871/2955/2806 1994/3138/2968
f 1963/3139/2878 1911/3140/2830 1995/3141/2969
f 1871/3066/2806 1934/3034/2877 2006/3142/2970
f 1963/3067/2878 1995/3143/2969 1912/3068/2850
f 1996/3144/2971 1936/3037/2972 1950/3072/2973
f 1936/3037/2974 1996/3144/2975 1997/3145/2976
f 1997/3145/2977 1980/3074/2904 1936/3037/2978
f 1981/3041/2881 1980/3074/2904 1997/3145/2977
f 1981/3041/2882 1997/3145/2979 1998/3075/2905
f 1882/3048/2776 1951/3047/2886 2012/3146/2980
f 1882/3048/2777 2012/3146/2980 1983/3120/2949
f 1983/3120/2949 1883/2967/2839 1900/2992/2838
f 1902/2994/2843 1999/3147/2981 1806/2838/2708
f 1806/2995/2708 1999/3148/2981 1884/2996/2819
f 2044/3106/2929 1885/2969/2820 1984/3121/2950
f 1924/3022/2866 2001/3149/2982 1867/2923/2779
f 2001/3149/2982 1955/3089/2917 1867/2923/2779
f 1905/2999/2845 2003/3126/2955 1946/2924/2780
f 1975/3128/2957 1845/2898/2760 1814/2873/2742
f 1892/3150/2828 2073/3151/2983 1844/3000/2741
f 2075/3057/2894 1926/2925/2781 1957/3094/2920
f 2024/3152/2984 1930/2903/2749 1929/3028/2872
f 1934/3034/2877 2007/3153/2985 2006/3142/2970
f 1934/3034/2877 1873/2956/2807 2008/3154/2986
f 1997/3155/2976 1996/3156/2975 1998/3157/2987
f 1996/3156/2988 2009/3158/2989 1998/3157/2990
f 1998/3157/2990 2009/3158/2989 1939/3159/2884
f 1915/2935/2791 1862/2936/2792 1952/3080/2909
f 1982/3119/2991 1969/3105/2992 2011/3160/2993
f 2000/3124/2953 2014/3161/2994 1887/2975/2995
f 1887/2975/2824 2014/3161/2996 1941/3054/2889
f 2014/3161/2997 1971/3107/2998 1941/3054/2999
f 2015/3162/3000 1942/3108/2891 1954/3083/2933
f 1986/3017/2864 1682/2660/2546 1972/3085/2916
f 2032/3163/3001 1943/3056/2892 1942/3055/2891
f 1973/3164/2915 2016/3165/3002 1924/3166/2866
f 1955/3089/2917 2017/3167/3003 1890/2979/2826
f 2017/3167/3003 1891/2980/2827 1890/2979/2826
f 1891/2980/2827 2002/3168/3004 2003/3126/2955
f 1989/3127/2956 1946/2924/2780 2019/3169/3005
f 1844/3000/2741 2073/3151/2983 1974/3109/2934
f 1854/2945/2798 1956/2465/2349 1957/3170/3006
f 1907/2818/2690 1855/2926/2782 2020/3171/3007
f 1721/2727/2612 1927/3026/2870 2004/3172/3008
f 2004/3172/3008 1927/3026/2870 2021/3173/3009
f 1927/3174/2870 1868/2949/2800 2021/3175/3009
f 1868/2949/2800 1784/2823/2693 1948/3059/2896
f 1909/2948/2801 2022/3112/2937 1846/2900/2718
f 2024/3152/2984 1929/3028/2872 2023/3131/2959
f 2025/3133/2965 2035/3176/3010 1933/3033/2876
f 1870/2954/2805 1930/2903/2749 2005/3177/3011
f 1870/2954/2805 2005/3177/3011 2036/3178/3012
f 1859/2929/2785 1994/3138/2968 1993/3137/2967
f 1871/2955/2806 2006/3179/2970 1994/3138/2968
f 1934/3034/2877 2008/3154/2986 2007/3153/2985
f 2038/3180/3013 1935/2985/2831 1912/3069/2850
f 1873/2956/2807 1964/3070/2900 2008/3154/2986
f 1979/3116/2942 2026/3117/2943 1874/2931/2787
f 1875/2957/2808 1937/3040/2880 1965/3071/2901
f 1939/3078/2884 2027/3181/3014 1966/3079/2906
f 1966/3079/2906 2028/3182/3015 1967/3103/2925
f 1967/3103/2926 2029/3183/3016 1968/3104/2927
f 1969/3105/2928 1968/3118/2944 2010/3184/3017
f 2010/3184/3017 2011/3160/2993 1969/3105/2928
f 2012/3146/2980 1951/3047/2886 2067/3185/3018
f 1952/3080/2909 1901/2993/2842 1970/3081/3019
f 1902/2994/2843 2030/3186/3020 1999/3147/2981
f 1922/3051/2860 2045/3187/3021 1865/2939/2757
f 1921/3014/2859 1886/2973/2822 2031/3188/3022
f 1865/2895/2757 2045/3189/3021 1808/2840/2710
f 1953/3082/2911 2000/3124/2953 1903/2974/2823
f 2032/3163/3001 1973/3084/2915 1943/3056/2892
f 1891/2980/2827 2017/3167/3023 2002/3168/3004
f 1945/3023/2867 1925/3024/2868 2018/3190/3024
f 1988/2848/2717 2059/3191/3025 1925/3024/2868
f 1988/2848/2717 1974/3109/2934 2059/3191/3025
f 2046/3192/3026 1989/3127/3027 2019/3169/3005
f 1947/3058/2895 1721/2727/2612 2004/3172/3008
f 2021/3175/3009 1868/2949/2800 1948/3059/2896
f 1928/3097/2897 1959/3096/2921 2034/3193/3028
f 1894/2952/2803 1961/3099/2922 2023/3131/2959
f 1977/3115/2941 1993/3137/2967 2061/3194/3029
f 1995/3141/2969 1911/3140/2830 2050/3195/3030
f 1912/3068/2850 1995/3143/2969 2051/3196/3031
f 1912/3068/2850 2051/3196/3031 2038/3197/3013
f 1965/3071/2901 2039/3198/3032 1964/3070/2900
f 2026/3199/2943 2040/3200/3033 1950/3201/2902
f 2040/3200/3034 1996/3156/2971 1950/3201/2973
f 1937/3040/2880 1879/3008/2851 2042/3202/3035
f 1939/3203/2884 2009/3204/2989 2041/3205/3036
f 2042/3202/3035 1879/3008/2851 2043/3206/3037
f 1939/3078/2884 2041/3207/3036 2027/3181/3014
f 1879/3008/2851 1915/2935/2791 2043/3206/3037
f 2029/3208/3038 2010/3184/3039 1968/3118/3040
f 1915/2935/2791 1952/3080/2909 2043/3206/3037
f 1918/3209/2856 2030/3210/3020 1902/3211/2843
f 1922/3015/2860 1864/2971/2821 1920/3212/2858
f 1942/3055/2891 2015/3213/3000 2032/3163/3041
f 1973/3084/2915 2032/3163/3001 2056/3214/3042
f 2016/3215/3002 1973/3084/2915 2056/3214/3042
f 2016/3215/3002 2001/3149/2982 1924/3022/2866
f 2003/3126/2955 2019/3169/3005 1946/2924/2780
f 1975/3128/2957 1814/2873/2742 2047/3216/3043
f 1990/3090/2918 1975/3128/2957 2048/3217/3044
f 1906/3001/2846 1990/3090/2918 2074/3218/3045
f 1908/3002/2848 1745/2750/2628 1947/3058/2895
f 2090/3219/3046 1909/2948/2801 1958/3025/2869
f 1977/3220/3047 2049/3221/3047 2025/3133/3047
f 2025/3133/3048 2049/3221/3049 2035/3176/3050
f 1977/3115/2941 2061/3194/3029 2049/3222/3051
f 1932/3032/2875 1978/3114/2939 1992/3132/2964
f 2037/3223/3052 1870/2954/2805 2036/3178/3012
f 1870/2954/2805 2037/3223/3052 1911/2983/2830
f 2064/3224/3053 1979/3116/2942 1935/2985/2831
f 2040/3200/3034 2052/3225/3054 1996/3156/2971
f 1966/3079/2906 2027/3181/3014 2028/3182/3015
f 1884/3226/2819 2054/3227/3055 1920/3228/2858
f 1886/2973/2822 1809/2842/2711 2031/3188/3022
f 2119/3229/3056 1971/3107/2998 2055/3230/3057
f 1954/3083/2931 1971/3107/2930 2119/3229/3058
f 2084/3231/3059 1841/2943/2796 1944/2998/2844
f 2057/3232/3060 1955/3089/2917 2001/3149/2982
f 2017/3167/3003 1955/3089/2917 2058/3233/3061
f 1987/3125/2954 1945/3023/2867 2018/3190/3024
f 1925/3024/2868 2059/3191/3025 2018/3190/3024
f 2047/3216/3062 1814/2873/2742 1989/3127/2956
f 1909/2948/2801 2090/3219/3046 2060/3234/3063
f 1869/2951/2802 2022/3112/2937 1991/3129/2958
f 1992/3132/3064 1978/3114/2966 2062/3235/3065
f 1978/3136/2966 1933/3033/2940 2035/3176/3066
f 2024/3152/2984 2005/3177/3011 1930/2903/2749
f 2061/3194/3029 1993/3137/2967 2079/3236/3067
f 2050/3237/3030 1911/2983/2830 2037/3223/3052
f 1995/3141/3068 2050/3195/3030 2063/3238/3069
f 2038/3180/3013 2064/3224/3053 1935/2985/2831
f 2064/3224/3053 2026/3117/2943 1979/3116/2942
f 2052/3225/3054 2065/3239/3070 1996/3156/2971
f 2065/3239/3070 2009/3158/2989 1996/3156/2988
f 2009/3240/2989 2116/3241/3071 2041/3207/3036
f 1967/3103/2926 2028/3182/3015 2053/3242/3072
f 2010/3184/3017 2066/3243/3073 2011/3160/2993
f 1982/3119/2991 2011/3160/2993 2066/3243/3073
f 1982/3119/2948 2067/3185/3074 1951/3047/2946
f 2082/3244/3075 1883/2967/2839 1983/3120/2949
f 1970/3081/2910 1853/2922/2778 1919/3245/2857
f 2098/3246/3076 1920/3228/2858 2054/3227/3055
f 1921/3014/2859 2031/3188/3022 1984/3121/2950
f 1954/3083/2931 2119/3229/3058 2015/3162/3077
f 2001/3149/2982 2016/3215/3002 2070/3247/3078
f 1987/3125/2954 2071/3248/3079 1944/2998/2844
f 2059/3191/3025 1974/3109/2934 2072/3249/3080
f 1906/3001/2846 2074/3218/3045 1892/2981/2847
f 1892/2981/2828 2074/3218/3081 2073/3250/2983
f 2122/3251/3082 1976/3111/2936 2075/3057/2894
f 2076/3252/3083 2021/3175/3009 1948/3059/2896
f 1909/2948/2801 2060/3234/3063 2022/3112/2937
f 2077/3253/3084 1959/3254/2921 1991/3129/2958
f 2034/3255/3028 1959/3254/2921 2077/3253/3084
f 1961/3099/2922 1928/3113/2897 2078/3256/3085
f 1962/3003/2849 1949/3064/2899 2111/3257/3086
f 2061/3194/3029 2079/3236/3067 2049/3258/3087
f 2063/3259/3088 2051/3196/3031 1995/3143/2969
f 2064/3224/3053 2095/3260/3089 2026/3117/2943
f 2026/3199/2943 2095/3261/3090 2040/3200/3033
f 2065/3239/3070 2116/3262/3071 2009/3158/2989
f 2053/3242/3072 2080/3263/3091 1967/3103/2926
f 2080/3263/3091 2029/3183/3016 1967/3103/2926
f 2081/3264/3092 1982/3119/3093 2066/3243/3094
f 1982/3119/3093 2081/3264/3092 2067/3185/3018
f 1883/2967/2839 2082/3244/3075 1918/3011/2856
f 1918/3209/2856 2130/3265/3095 2030/3210/3020
f 2054/3227/3055 1884/3226/2819 1999/3266/2981
f 1809/2842/2711 2013/3053/2888 2031/3188/3022
f 2101/3267/3096 2000/3124/2953 1953/3082/2911
f 2014/3268/2997 2055/3269/3057 1971/3270/2998
f 1904/2810/2686 1986/3017/2864 2083/3271/3097
f 1944/2998/2844 2071/3248/3079 2084/3231/3059
f 2085/3272/3098 1955/3089/2917 2057/3232/3060
f 2086/3273/3099 2003/3126/2955 2002/3168/3004
f 2087/3274/3100 2046/3192/3026 2019/3169/3005
f 2088/3275/3101 1989/3127/3027 2046/3192/3026
f 2048/3217/3044 1975/3128/2957 2047/3216/3043
f 1990/3090/2918 2089/3276/3102 2074/3218/3045
f 1990/3090/2918 2048/3217/3044 2089/3276/3102
f 1668/1771/1708 1830/2876/2745 2311/3277/3103
f 2023/3131/2959 1961/3099/2922 2078/3256/3085
f 2023/3131/2959 2138/3278/3104 2024/3152/2984
f 2111/3257/3086 1949/3064/2899 1992/3132/2960
f 2035/3176/3066 2091/3279/3105 1978/3136/2966
f 2079/3236/3067 1993/3137/2967 2125/3280/3106
f 2125/3280/3107 1993/3137/2967 2092/3281/3108
f 2038/3180/3013 2051/3282/3031 2093/3283/3109
f 1965/3071/2901 1937/3040/2880 2115/3284/3110
f 2096/3285/3111 2010/3184/3039 2029/3208/3038
f 2096/3285/3111 2066/3243/3112 2010/3184/3039
f 2131/3286/3113 1999/3266/2981 2030/3287/3020
f 1970/3288/2910 1919/3012/2857 2068/3289/3114
f 1919/3012/2857 2044/3106/2929 2097/3290/3115
f 1920/3228/2858 2098/3246/3076 1922/3291/2860
f 1922/3051/2860 2098/3292/3076 2045/3187/3021
f 2098/3293/3076 2100/3294/3116 2045/3295/3021
f 1984/3121/2950 2031/3188/3022 2099/3296/3117
f 1808/2840/2710 2045/3189/3021 2100/3297/3116
f 2144/3298/3118 1940/3052/2887 1985/3123/2952
f 2102/3299/3119 2000/3124/2953 2101/3267/3096
f 2102/3299/3119 2014/3161/2994 2000/3124/2953
f 2103/3300/3120 2055/3269/3121 2014/3268/3122
f 1972/3085/2916 1841/2943/2796 2084/3231/3059
f 2001/3149/2982 2070/3247/3078 2057/3232/3060
f 2085/3272/3098 2058/3233/3061 1955/3089/2917
f 2104/3301/3123 2017/3167/3003 2058/3233/3061
f 2017/3167/3023 2104/3301/3123 2002/3168/3004
f 2018/3190/3024 2059/3191/3025 2105/3302/3124
f 2059/3191/3025 2072/3249/3080 2105/3302/3124
f 2046/3192/3026 2106/3303/3125 2088/3275/3101
f 1974/3109/2934 2073/3151/2983 2072/3249/3080
f 1989/3127/2956 2088/3275/3126 2107/3304/3127
f 2107/3304/3127 2047/3216/3062 1989/3127/2956
f 1668/1771/1708 2311/3277/3103 2033/3110/2935
f 1957/3093/3128 1956/3305/3128 2108/3306/3128
f 2004/3172/3008 2021/3173/3009 2109/3307/3129
f 1948/3059/2896 1910/3027/2871 2110/3308/3130
f 2022/3112/2937 2171/3309/3131 1991/3129/2958
f 1960/3310/2898 2110/3308/3130 1910/3027/2871
f 1928/3113/2897 2034/3255/3028 2123/3311/3132
f 1960/3063/2898 1962/3312/2849 2111/3313/3086
f 2111/3257/3086 1992/3132/3133 2112/3314/3134
f 2113/3315/3135 2049/3221/3135 2079/3316/3135
f 2035/3176/3050 2049/3221/3049 2113/3315/3136
f 2005/3177/3011 2037/3223/3052 2036/3178/3012
f 2092/3281/3108 1993/3137/2967 1994/3138/2968
f 1994/3138/2968 2006/3179/2970 2114/3317/3137
f 2093/3283/3109 2064/3224/3053 2038/3180/3013
f 2039/3198/3032 2008/3154/2986 1964/3070/2900
f 1965/3071/2901 2115/3284/3110 2039/3198/3032
f 2140/3318/3138 2065/3239/3070 2052/3225/3054
f 1937/3040/2880 2042/3202/3035 2115/3284/3110
f 2029/3183/3016 2080/3263/3091 2117/3319/3139
f 2029/3208/3038 2117/3320/3140 2096/3285/3111
f 2068/3321/3114 2129/3322/3141 1970/3081/2910
f 2131/3286/3113 2054/3227/3055 1999/3266/2981
f 2044/3106/2929 1984/3121/2950 2118/3323/3142
f 1808/3122/2710 2100/3324/3116 1985/3123/2951
f 1940/3052/2887 2144/3298/3118 2069/3325/3143
f 1940/3052/2887 2069/3325/3143 1953/3082/2911
f 2102/3326/3144 2103/3327/3145 2014/3328/3146
f 2120/3329/3147 2085/3272/3098 2057/3232/3060
f 1987/3125/2954 2018/3190/3024 2133/3330/3148
f 2003/3126/2955 2134/3331/3149 2019/3169/3005
f 2046/3192/3150 2087/3274/3150 2106/3303/3150
f 2106/3303/3151 2121/3332/3152 2088/3275/3153
f 2075/3057/2894 1957/3094/2920 2108/3333/3154
f 2021/3173/3009 2076/3334/3083 2109/3307/3129
f 2022/3112/2937 2060/3234/3063 2171/3309/3131
f 2077/3253/3084 1991/3129/2958 2171/3309/3131
f 1928/3113/2897 2123/3311/3132 2078/3256/3085
f 1992/3132/3155 2124/3335/3156 2112/3314/3134
f 2125/3280/3106 2113/3336/3157 2079/3236/3067
f 1978/3136/2966 2091/3279/3105 2062/3337/3065
f 2005/3177/3011 2024/3152/2984 2126/3338/3158
f 2005/3177/3011 2139/3339/3159 2037/3223/3052
f 2092/3281/3108 1994/3138/2968 2127/3340/3160
f 1994/3138/2968 2114/3317/3137 2127/3340/3160
f 2093/3341/3109 2095/3261/3089 2064/3342/3053
f 2140/3318/3138 2052/3225/3054 2095/3261/3161
f 2052/3225/3054 2040/3200/3034 2095/3261/3161
f 2042/3202/3035 2043/3206/3037 2142/3343/3162
f 2096/3285/3111 2128/3344/3163 2066/3243/3112
f 1952/3080/2909 1970/3081/3019 2143/3345/3164
f 2143/3345/3164 1970/3081/2910 2129/3322/3141
f 2082/3244/3075 2130/3346/3095 1918/3011/2856
f 2130/3265/3095 2131/3347/3113 2030/3210/3020
f 2097/3290/3115 2068/3289/3114 1919/3012/2857
f 1953/3082/2911 2069/3325/3143 2132/3348/3165
f 1953/3082/2911 2132/3348/3166 2101/3267/3096
f 2013/3053/2888 1904/2810/2686 2083/3271/3097
f 2055/3269/3121 2103/3300/3120 2164/3349/3167
f 2055/3350/3057 2164/3351/3168 2119/3352/3056
f 1972/3085/2916 2146/3353/3169 1986/3017/2864
f 2056/3214/3042 2070/3247/3078 2016/3215/3002
f 2104/3301/3123 2086/3273/3099 2002/3168/3004
f 2105/3302/3124 2133/3330/3148 2018/3190/3024
f 2134/3331/3149 2003/3126/2955 2086/3273/3099
f 2072/3249/3080 2073/3151/2983 2135/3354/3170
f 2135/3355/3170 2073/3250/2983 2074/3218/3081
f 2168/3356/3171 2122/3251/3082 2075/3057/2894
f 1976/3111/2936 2184/3357/3172 1958/3025/2869
f 2184/3357/3172 2090/3219/3046 1958/3025/2869
f 2076/3252/3083 1948/3059/2896 2137/3358/3173
f 1948/3059/2896 2110/3308/3130 2137/3358/3173
f 2110/3308/3130 1960/3310/2898 2111/3257/3086
f 2078/3256/3085 2138/3278/3104 2023/3131/2959
f 2124/3335/3174 1992/3132/3064 2062/3235/3065
f 2126/3338/3158 2024/3152/2984 2138/3278/3104
f 2113/3315/3136 2150/3359/3175 2035/3176/3050
f 2150/3359/3176 2091/3279/3177 2035/3176/3178
f 2063/3259/3069 2050/3360/3030 2093/3341/3179
f 2093/3341/3109 2051/3196/3031 2063/3259/3180
f 2008/3154/2986 2094/3361/3181 2007/3153/2985
f 2093/3341/3179 2140/3318/3138 2095/3261/3161
f 2066/3243/3182 2128/3344/3183 2157/3362/3184
f 2157/3362/3185 2081/3264/3092 2066/3243/3094
f 2100/3324/3186 2144/3298/3187 1985/3123/3188
f 2031/3188/3022 2013/3053/2888 2163/3363/3189
f 2101/3267/3096 2145/3364/3190 2102/3299/3119
f 2019/3169/3005 2134/3331/3149 2087/3274/3100
f 2072/3249/3080 2135/3354/3170 2182/3365/3191
f 2089/3276/3102 2148/3366/3192 2147/3367/3193
f 2280/3368/3194 2107/3304/3127 2088/3275/3153
f 2048/3217/3044 2148/3366/3192 2089/3276/3195
f 1956/2465/2349 2033/3110/2935 2108/3369/3196
f 2169/3370/3197 1908/3002/2848 1947/3058/2895
f 2004/3172/3008 2169/3370/3197 1947/3058/2895
f 2170/3371/3198 2090/3219/3046 2184/3357/3172
f 2060/3234/3063 2090/3219/3046 2170/3371/3198
f 2077/3253/3084 2247/3372/3199 2034/3255/3028
f 2126/3338/3158 2139/3339/3159 2005/3177/3011
f 2139/3373/3159 2174/3374/3200 2037/3375/3052
f 2114/3317/3137 2006/3179/2970 2151/3376/3201
f 2152/3377/3202 2065/3239/3070 2140/3318/3138
f 2065/3239/3070 2152/3377/3202 2116/3262/3071
f 2041/3207/3036 2116/3241/3071 2153/3378/3203
f 2027/3379/3014 2141/3380/3204 2028/3381/3015
f 2028/3182/3015 2141/3382/3204 2053/3242/3072
f 2117/3319/3139 2080/3263/3091 2154/3383/3205
f 2155/3384/3206 2096/3385/3111 2117/3386/3140
f 2155/3384/3206 2156/3387/3207 2096/3385/3111
f 2096/3385/3111 2156/3387/3208 2128/3388/3163
f 2158/3389/3209 1983/3120/2949 2012/3146/2980
f 2159/3390/3210 2160/3391/3211 2054/3227/3055
f 2098/3246/3076 2161/3392/3212 2100/3393/3116
f 2013/3053/2888 2083/3271/3097 2163/3363/3189
f 2102/3394/3144 2164/3395/3213 2103/3396/3145
f 2164/3349/3168 2165/3397/3214 2119/3398/3056
f 2083/3271/3097 1986/3017/2864 2146/3353/3169
f 2015/3399/3077 2119/3400/3058 2166/3401/3215
f 2032/3402/3041 2015/3399/3000 2166/3401/3216
f 2166/3403/3217 2056/3214/3042 2032/3163/3001
f 2166/3403/3218 2070/3247/3078 2056/3214/3042
f 2120/3404/3219 2057/3405/3219 2070/3406/3219
f 2087/3274/3100 2134/3331/3149 2106/3303/3220
f 2134/3331/3221 2121/3332/3152 2106/3303/3222
f 2074/3218/3045 2089/3276/3102 2183/3407/3223
f 2089/3276/3102 2147/3367/3193 2183/3407/3223
f 2075/3057/2894 2108/3333/3154 2168/3356/3171
f 1855/2926/2782 1732/2726/2611 1908/3002/2848
f 2060/3234/3063 2170/3371/3198 2149/3408/3224
f 2060/3234/3063 2149/3408/3224 2171/3309/3131
f 2123/3311/3132 2034/3255/3028 2247/3372/3199
f 2138/3278/3104 2078/3256/3085 2186/3409/3225
f 2125/3280/3226 2150/3410/3175 2113/3336/3136
f 2174/3374/3200 2139/3373/3159 2173/3411/3227
f 2127/3340/3160 2114/3317/3137 2151/3376/3201
f 2174/3374/3200 2175/3412/3228 2037/3375/3052
f 2175/3412/3228 2050/3360/3030 2037/3375/3052
f 2175/3412/3228 2093/3341/3179 2050/3360/3030
f 2006/3142/2970 2007/3153/2985 2176/3413/3229
f 2006/3142/2970 2176/3413/3229 2151/3414/3201
f 2175/3412/3228 2140/3318/3138 2093/3341/3179
f 2177/3415/3230 2007/3153/2985 2094/3361/3181
f 2042/3202/3035 2179/3416/3231 2115/3284/3110
f 2155/3384/3206 2117/3386/3140 2154/3417/3232
f 1983/3120/2949 2158/3389/3233 2082/3244/3075
f 2131/3347/3113 2130/3265/3095 2218/3418/3234
f 2054/3227/3055 2160/3391/3211 2098/3246/3076
f 2097/3290/3115 2044/3106/2929 2118/3323/3142
f 2099/3296/3117 2031/3188/3022 2163/3363/3189
f 2102/3299/3119 2145/3364/3190 2164/3419/3235
f 2166/3401/3218 2119/3400/3056 2165/3420/3214
f 2084/3231/3059 2146/3353/3169 1972/3085/2916
f 2070/3406/3236 2180/3421/3237 2120/3404/3238
f 1987/3125/2954 2133/3330/3148 2181/3422/3239
f 1987/3125/2954 2181/3422/3239 2071/3248/3079
f 2058/3233/3061 2167/3423/3240 2104/3301/3123
f 2047/3216/3043 2136/3424/3241 2207/3425/3242
f 2208/3426/3243 2136/3424/3241 2047/3216/3043
f 2047/3216/3043 2148/3366/3192 2048/3217/3044
f 2121/3332/3152 2280/3368/3194 2088/3275/3153
f 2122/3251/3082 2184/3357/3172 1976/3111/2936
f 2171/3309/3131 2265/3427/3244 2210/3428/3245
f 2210/3428/3245 2077/3253/3084 2171/3309/3131
f 2110/3308/3130 2111/3257/3086 2185/3429/3246
f 2185/3429/3246 2111/3257/3086 2112/3314/3134
f 2172/3430/3247 2091/3279/3177 2150/3359/3176
f 2092/3281/3108 2127/3340/3160 2187/3431/3248
f 2007/3153/2985 2177/3415/3230 2176/3413/3229
f 2152/3377/3202 2140/3318/3138 2178/3432/3249
f 2039/3198/3032 2115/3284/3110 2198/3433/3250
f 2152/3434/3202 2250/3435/3251 2116/3436/3071
f 2042/3202/3035 2142/3343/3162 2179/3416/3231
f 2128/3344/3163 2156/3437/3208 2189/3438/3252
f 2128/3344/3183 2189/3438/3253 2157/3362/3184
f 2043/3206/3037 1952/3080/2909 2143/3345/3164
f 2190/3439/3254 2067/3185/3018 2081/3264/3092
f 2067/3185/3018 2190/3439/3254 2012/3146/2980
f 2131/3286/3113 2191/3440/3255 2054/3227/3055
f 2054/3227/3055 2191/3440/3255 2159/3390/3210
f 2145/3364/3190 2101/3267/3096 2132/3348/3166
f 2164/3349/3168 2192/3441/3256 2165/3397/3214
f 2163/3363/3189 2083/3271/3097 2146/3353/3257
f 2166/3403/3218 2193/3442/3258 2070/3247/3078
f 2203/3443/3259 2084/3231/3059 2071/3248/3079
f 2194/3444/3260 2120/3404/3238 2180/3421/3237
f 2195/3445/3261 2058/3233/3061 2085/3272/3098
f 2133/3330/3148 2204/3446/3262 2181/3422/3239
f 2072/3249/3080 2206/3447/3263 2105/3302/3124
f 2135/3355/3170 2074/3218/3081 2227/3448/3264
f 2280/3368/3194 2047/3216/3062 2107/3304/3127
f 1908/3002/2848 2281/3449/3265 1855/2926/2782
f 2109/3307/3129 2076/3334/3083 2137/3450/3173
f 2184/3357/3172 2196/3451/3266 2170/3371/3198
f 2149/3408/3224 2265/3427/3244 2171/3309/3131
f 2247/3372/3199 2077/3253/3084 2210/3428/3245
f 2186/3409/3225 2123/3311/3132 2247/3372/3199
f 2123/3311/3132 2186/3409/3225 2078/3256/3085
f 2125/3452/3107 2197/3453/3267 2150/3359/3176
f 2138/3278/3104 2283/3454/3268 2126/3338/3158
f 2197/3455/3267 2125/3280/3107 2092/3281/3108
f 2233/3456/3269 2139/3339/3159 2126/3338/3158
f 2139/3339/3159 2233/3456/3269 2173/3457/3227
f 2140/3318/3138 2175/3412/3228 2178/3432/3249
f 2008/3154/2986 2214/3458/3270 2094/3361/3181
f 2250/3435/3251 2153/3459/3203 2116/3436/3071
f 2041/3207/3036 2153/3378/3203 2188/3460/3271
f 2027/3181/3014 2041/3207/3036 2188/3460/3271
f 2027/3379/3014 2188/3461/3271 2200/3462/3272
f 2027/3379/3014 2200/3462/3272 2141/3380/3204
f 2053/3463/3072 2201/3464/3273 2080/3465/3091
f 2154/3383/3205 2080/3263/3091 2201/3466/3273
f 2156/3387/3207 2155/3384/3206 2154/3417/3232
f 2131/3286/3113 2218/3467/3234 2191/3440/3255
f 2144/3298/3118 2221/3468/3274 2162/3469/3275
f 2069/3325/3143 2144/3298/3118 2162/3469/3275
f 2132/3348/3165 2069/3325/3143 2162/3469/3275
f 2202/3470/3276 2164/3471/3235 2145/3364/3190
f 2192/3441/3277 2164/3349/3235 2202/3472/3276
f 2165/3420/3214 2223/3473/3278 2166/3401/3218
f 2084/3231/3059 2203/3443/3259 2146/3353/3257
f 2058/3233/3061 2195/3445/3261 2167/3423/3240
f 2105/3302/3124 2225/3474/3279 2133/3330/3148
f 2205/3475/3280 2134/3331/3149 2086/3273/3099
f 2105/3302/3124 2206/3447/3263 2225/3474/3279
f 2072/3249/3080 2182/3365/3191 2206/3447/3263
f 2226/3476/3281 2134/3331/3149 2258/3477/3282
f 2134/3331/3221 2226/3476/3281 2121/3332/3152
f 2047/3216/3043 2207/3425/3242 2148/3366/3192
f 2183/3407/3223 2227/3448/3283 2074/3218/3045
f 2004/3172/3008 2209/3478/3284 2169/3370/3197
f 2138/3278/3104 2186/3409/3225 2283/3454/3268
f 2211/3479/3285 2174/3374/3200 2173/3411/3227
f 2174/3374/3200 2211/3479/3285 2175/3412/3228
f 2212/3480/3286 2175/3412/3228 2211/3479/3285
f 2212/3480/3286 2178/3432/3249 2175/3412/3228
f 2212/3480/3286 2213/3481/3287 2178/3432/3249
f 2213/3481/3287 2152/3377/3202 2178/3432/3249
f 2008/3154/2986 2039/3198/3032 2214/3458/3270
f 2039/3198/3032 2198/3433/3250 2214/3458/3270
f 2115/3284/3110 2199/3482/3288 2198/3433/3250
f 2141/3382/3204 2215/3483/3289 2053/3242/3072
f 2201/3464/3290 2053/3463/3072 2215/3484/3289
f 2216/3485/3291 2043/3206/3037 2143/3345/3164
f 2240/3486/3292 2157/3362/3184 2189/3438/3253
f 2081/3264/3293 2157/3362/3293 2240/3486/3293
f 2217/3487/3294 2082/3244/3295 2158/3389/3209
f 2082/3488/3075 2217/3489/3296 2130/3490/3095
f 2130/3490/3095 2217/3489/3297 2218/3467/3234
f 2129/3491/3141 2068/3289/3114 2143/3492/3164
f 2098/3246/3076 2219/3493/3298 2161/3392/3212
f 1984/3121/2950 2099/3296/3117 2220/3494/3299
f 2161/3392/3212 2221/3495/3274 2100/3393/3116
f 2100/3393/3186 2221/3495/3300 2144/3496/3187
f 2202/3470/3276 2145/3364/3190 2222/3497/3301
f 2146/3353/3257 2242/3498/3302 2163/3363/3189
f 2193/3442/3258 2180/3499/3237 2070/3247/3236
f 2180/3499/3237 2243/3500/3303 2194/3501/3260
f 2224/3502/3304 2085/3272/3098 2120/3329/3147
f 2085/3272/3098 2224/3502/3305 2195/3445/3261
f 2258/3477/3282 2134/3331/3149 2205/3475/3280
f 2183/3407/3223 2147/3367/3193 2148/3366/3192
f 2208/3503/3306 2207/3504/3242 2136/3505/3241
f 2135/3354/3170 2227/3506/3264 2182/3365/3191
f 2047/3216/3043 2280/3368/3307 2208/3426/3243
f 2228/3507/3308 2108/3306/3196 2033/3508/2935
f 2108/3509/3154 2228/3510/3309 2168/3511/3171
f 2228/3510/3310 2229/3512/3311 2168/3511/3312
f 2020/3171/3007 1855/2926/2782 2281/3449/3265
f 2122/3251/3082 2168/3356/3171 2230/3513/3313
f 2209/3478/3284 2004/3172/3008 2109/3307/3129
f 2247/3372/3199 2297/3514/3314 2186/3409/3225
f 2150/3359/3176 2197/3453/3267 2172/3430/3247
f 2091/3515/3105 2231/3516/3315 2062/3235/3065
f 2172/3430/3247 2231/3517/3315 2091/3279/3177
f 2092/3281/3108 2232/3518/3316 2197/3455/3267
f 2092/3281/3108 2234/3519/3317 2232/3518/3316
f 2233/3456/3269 2126/3338/3158 2283/3454/3268
f 2092/3281/3108 2187/3431/3248 2234/3519/3317
f 2187/3431/3248 2127/3340/3160 2235/3520/3318
f 2151/3376/3201 2235/3520/3318 2127/3340/3160
f 2188/3460/3271 2153/3378/3203 2236/3521/3319
f 2156/3387/3207 2154/3417/3232 2239/3522/3320
f 2189/3523/3252 2156/3387/3208 2239/3522/3321
f 2012/3146/2980 2190/3439/3254 2158/3389/3209
f 2191/3440/3255 2252/3524/3322 2159/3390/3210
f 2272/3525/3323 2068/3289/3114 2097/3290/3115
f 2159/3390/3210 2252/3524/3322 2160/3391/3211
f 2219/3493/3298 2098/3246/3076 2160/3391/3211
f 2118/3323/3142 1984/3121/2950 2220/3494/3299
f 2241/3526/3324 2132/3348/3165 2162/3469/3275
f 2287/3527/3325 2132/3348/3326 2241/3526/3324
f 2287/3527/3327 2145/3364/3190 2132/3348/3166
f 2194/3444/3328 2255/3528/3329 2120/3404/3330
f 2255/3528/3331 2224/3529/3304 2120/3404/3147
f 2227/3506/3283 2246/3530/3332 2182/3365/3333
f 2168/3531/3312 2229/3532/3311 2230/3533/3334
f 1908/3002/2848 2169/3370/3197 2261/3534/3335
f 2267/3535/3336 2197/3455/3267 2232/3518/3316
f 2124/3335/3174 2062/3235/3065 2248/3536/3337
f 2197/3453/3267 2267/3537/3336 2172/3430/3247
f 2249/3538/3338 2211/3479/3285 2173/3539/3227
f 2212/3480/3286 2211/3479/3285 2249/3538/3338
f 2179/3416/3231 2199/3482/3288 2115/3284/3110
f 2179/3416/3231 2142/3343/3162 2237/3540/3339
f 2141/3380/3204 2200/3462/3272 2238/3541/3340
f 2238/3542/3340 2215/3483/3341 2141/3382/3204
f 2251/3543/3342 2189/3438/3342 2239/3544/3342
f 2142/3343/3162 2043/3206/3037 2216/3485/3291
f 2189/3438/3253 2251/3543/3343 2240/3486/3292
f 2240/3545/3344 2190/3546/3254 2081/3547/3092
f 2158/3389/3209 2322/3548/3345 2217/3487/3294
f 2143/3492/3164 2068/3289/3114 2272/3525/3323
f 2192/3549/3277 2202/3550/3276 2253/3551/3346
f 2165/3397/3214 2192/3441/3256 2223/3552/3278
f 2193/3442/3258 2166/3403/3218 2223/3552/3278
f 2203/3443/3259 2071/3248/3079 2254/3553/3347
f 2194/3501/3328 2243/3500/3348 2255/3554/3329
f 2204/3446/3262 2133/3330/3148 2256/3555/3349
f 2167/3423/3240 2195/3445/3261 2257/3556/3350
f 2167/3423/3240 2244/3557/3351 2104/3301/3123
f 2121/3332/3152 2226/3476/3281 2280/3368/3194
f 2230/3533/3313 2229/3532/3352 2260/3558/3353
f 2261/3534/3335 2281/3449/3265 1908/3002/2848
f 2230/3513/3313 2282/3559/3354 2122/3251/3082
f 2262/3560/3355 2261/3534/3335 2169/3370/3197
f 2282/3559/3356 2184/3357/3172 2122/3251/3082
f 2196/3451/3266 2184/3357/3172 2295/3561/3357
f 2137/3358/3173 2110/3308/3130 2263/3562/3358
f 2266/3563/3359 2210/3428/3245 2296/3564/3360
f 2266/3563/3359 2247/3372/3199 2210/3428/3245
f 2297/3514/3314 2299/3565/3361 2186/3409/3225
f 2298/3566/3362 2112/3314/3134 2124/3335/3156
f 2298/3566/3362 2124/3335/3363 2248/3536/3364
f 2186/3409/3225 2299/3565/3361 2283/3454/3268
f 2062/3235/3065 2231/3516/3315 2248/3536/3364
f 2317/3567/3365 2173/3457/3227 2233/3456/3269
f 2151/3414/3201 2268/3568/3366 2235/3569/3318
f 2151/3414/3201 2176/3413/3229 2268/3568/3366
f 2177/3415/3230 2094/3361/3181 2214/3458/3270
f 2213/3570/3287 2250/3435/3251 2152/3434/3202
f 2188/3460/3271 2236/3521/3319 2269/3571/3367
f 2154/3383/3205 2201/3466/3273 2270/3572/3368
f 2239/3573/3369 2154/3383/3370 2270/3572/3371
f 2240/3486/3372 2251/3543/3372 2271/3574/3372
f 2286/3575/3373 2160/3391/3211 2252/3524/3322
f 2307/3576/3374 2161/3392/3212 2219/3493/3298
f 2221/3495/3274 2161/3392/3212 2307/3576/3374
f 2162/3469/3275 2221/3468/3274 2308/3577/3375
f 2273/3578/3376 2099/3296/3117 2163/3363/3189
f 2273/3578/3376 2163/3363/3189 2275/3579/3377
f 2287/3527/3378 2274/3580/3379 2145/3364/3190
f 2275/3579/3377 2163/3363/3189 2242/3498/3302
f 2222/3581/3301 2253/3551/3380 2202/3550/3276
f 2223/3552/3381 2192/3441/3382 2276/3582/3383
f 2180/3499/3237 2193/3442/3258 2289/3583/3384
f 2254/3553/3347 2071/3248/3079 2181/3422/3239
f 2180/3499/3237 2289/3583/3384 2243/3500/3303
f 2224/3529/3304 2255/3528/3331 2277/3584/3385
f 2256/3555/3349 2133/3330/3148 2225/3474/3279
f 2257/3556/3350 2244/3557/3351 2167/3423/3240
f 2104/3301/3123 2244/3557/3351 2086/3273/3099
f 2205/3475/3280 2086/3273/3099 2244/3557/3351
f 2278/3585/3386 2258/3477/3282 2205/3475/3280
f 2245/3586/3387 2226/3476/3281 2258/3477/3282
f 2182/3365/3333 2246/3530/3332 2279/3587/3388
f 2183/3407/3223 2148/3366/3192 2331/3588/3389
f 2293/3589/3390 2207/3504/3391 2208/3503/3243
f 2226/3590/3281 2245/3591/3387 2280/3592/3194
f 2230/3533/3313 2260/3558/3353 2282/3593/3354
f 2295/3561/3357 2184/3357/3172 2282/3559/3356
f 2196/3451/3266 2334/3594/3392 2170/3371/3198
f 2170/3371/3198 2334/3594/3393 2149/3408/3224
f 2149/3408/3224 2264/3595/3394 2265/3427/3244
f 2247/3372/3199 2266/3563/3359 2297/3514/3314
f 2316/3596/3395 2267/3537/3395 2232/3597/3395
f 2250/3435/3251 2236/3598/3319 2153/3459/3203
f 2200/3462/3272 2188/3461/3271 2269/3599/3367
f 2270/3600/3371 2251/3543/3396 2239/3544/3369
f 2240/3545/3397 2271/3601/3397 2285/3602/3397
f 2285/3602/3398 2190/3546/3254 2240/3545/3344
f 2219/3493/3298 2160/3391/3211 2286/3575/3373
f 2220/3494/3299 2099/3296/3117 2273/3578/3376
f 2222/3581/3301 2145/3603/3190 2274/3604/3379
f 2192/3441/3399 2253/3605/3400 2276/3582/3383
f 2146/3353/3257 2203/3443/3259 2242/3498/3302
f 2223/3552/3381 2276/3582/3383 2288/3606/3401
f 2243/3500/3402 2290/3607/3403 2255/3554/3404
f 2195/3445/3261 2224/3502/3305 2257/3556/3350
f 2278/3585/3386 2205/3475/3280 2327/3608/3405
f 2291/3609/3406 2245/3586/3387 2258/3477/3282
f 2279/3587/3388 2206/3447/3263 2182/3365/3191
f 2291/3610/3407 2293/3611/3390 2280/3592/3307
f 2245/3591/3387 2291/3610/3406 2280/3592/3194
f 2293/3589/3408 2292/3612/3409 2207/3504/3242
f 2208/3613/3243 2280/3614/3307 2293/3615/3390
f 2033/3110/2935 2259/3616/3410 2294/3617/3411
f 2262/3560/3355 2169/3370/3197 2209/3478/3284
f 2137/3358/3173 2263/3562/3358 2109/3618/3129
f 2263/3562/3358 2110/3308/3130 2185/3429/3246
f 2149/3408/3224 2334/3594/3393 2264/3595/3394
f 2264/3595/3394 2296/3564/3360 2265/3427/3244
f 2210/3428/3245 2265/3427/3244 2296/3564/3360
f 2232/3518/3316 2300/3619/3412 2316/3620/3413
f 2301/3621/3414 2172/3430/3247 2267/3537/3336
f 2300/3619/3412 2232/3518/3316 2234/3519/3317
f 2299/3565/3361 2302/3622/3415 2283/3454/3268
f 2283/3454/3268 2302/3622/3415 2233/3456/3269
f 2303/3623/3416 2234/3519/3317 2187/3431/3248
f 2187/3431/3248 2235/3520/3318 2303/3623/3416
f 2176/3413/3229 2177/3415/3230 2304/3624/3417
f 2213/3570/3287 2212/3625/3286 2249/3626/3338
f 2198/3433/3250 2199/3482/3288 2320/3627/3418
f 2142/3343/3162 2284/3628/3419 2237/3540/3339
f 2251/3543/3420 2270/3600/3420 2271/3574/3420
f 2142/3343/3162 2216/3485/3291 2284/3628/3419
f 2190/3439/3254 2285/3629/3398 2350/3630/3421
f 2190/3439/3254 2350/3630/3421 2158/3389/3209
f 2272/3525/3323 2305/3631/3422 2143/3492/3164
f 2387/3632/3423 2252/3524/3322 2191/3440/3255
f 2221/3495/3274 2307/3576/3374 2308/3633/3375
f 2289/3583/3384 2193/3442/3258 2223/3552/3278
f 2244/3557/3351 2257/3556/3350 2309/3634/3424
f 2205/3475/3280 2244/3557/3351 2327/3608/3405
f 2258/3477/3282 2278/3585/3386 2310/3635/3425
f 2291/3610/3407 2292/3636/3426 2293/3611/3390
f 2183/3407/3223 2331/3588/3389 2227/3448/3283
f 2207/3425/3242 2329/3637/3427 2148/3366/3192
f 1907/2818/2690 2020/3171/3007 2311/3277/3103
f 1830/2876/2745 1907/2818/2690 2311/3277/3103
f 2228/3507/3308 2033/3508/2935 2312/3638/3428
f 2228/3507/3429 2312/3638/3430 2313/3639/3431
f 2228/3640/3432 2314/3641/3433 2229/3532/3352
f 2228/3507/3434 2313/3639/3434 2314/3642/3434
f 2314/3641/3433 2260/3558/3353 2229/3532/3352
f 2295/3561/3357 2282/3559/3356 2315/3643/3435
f 2185/3429/3246 2112/3314/3134 2333/3644/3436
f 2172/3430/3247 2301/3621/3414 2231/3517/3315
f 2234/3519/3317 2335/3645/3437 2300/3619/3412
f 2234/3519/3317 2303/3623/3416 2336/3646/3438
f 2302/3622/3415 2317/3567/3365 2233/3456/3269
f 2268/3568/3366 2176/3413/3229 2304/3624/3417
f 2318/3647/3439 2213/3570/3287 2249/3626/3338
f 2304/3624/3417 2177/3415/3230 2319/3648/3440
f 2177/3415/3230 2214/3458/3270 2319/3648/3440
f 2198/3433/3250 2320/3627/3418 2214/3458/3270
f 2269/3599/3367 2236/3598/3319 2364/3649/3441
f 2200/3462/3272 2269/3599/3367 2337/3650/3442
f 2338/3651/3443 2238/3541/3340 2200/3462/3272
f 2215/3484/3341 2338/3651/3443 2349/3652/3444
f 2201/3464/3290 2215/3484/3289 2349/3652/3445
f 2349/3652/3446 2270/3653/3368 2201/3464/3273
f 2271/3601/3447 2321/3654/3448 2285/3602/3449
f 2158/3389/3209 2350/3630/3421 2322/3548/3345
f 2367/3655/3450 2217/3489/3294 2322/3656/3345
f 2218/3467/3234 2217/3489/3297 2367/3655/3451
f 2415/3657/3452 2191/3440/3255 2367/3655/3451
f 2367/3655/3451 2191/3440/3255 2218/3467/3234
f 2387/3632/3423 2191/3440/3255 2415/3657/3452
f 2272/3525/3323 2097/3290/3115 2388/3658/3453
f 2286/3575/3373 2252/3524/3322 2339/3659/3454
f 2097/3290/3115 2118/3323/3142 2351/3660/3455
f 2162/3469/3275 2340/3661/3456 2241/3526/3324
f 2274/3604/3379 2323/3662/3457 2222/3581/3301
f 2324/3663/3458 2275/3579/3377 2242/3498/3302
f 2222/3581/3301 2323/3662/3457 2253/3551/3380
f 2203/3443/3259 2354/3664/3459 2242/3498/3302
f 2243/3500/3402 2325/3665/3460 2290/3607/3403
f 2204/3446/3262 2256/3555/3349 2369/3666/3461
f 2257/3556/3350 2224/3502/3305 2326/3667/3462
f 2257/3556/3350 2326/3667/3463 2309/3634/3424
f 2225/3474/3279 2206/3447/3263 2371/3668/3464
f 2327/3608/3405 2244/3557/3351 2309/3634/3424
f 2279/3587/3388 2328/3669/3465 2206/3447/3263
f 2331/3588/3389 2148/3366/3192 2329/3637/3427
f 2207/3425/3242 2292/3670/3409 2330/3671/3466
f 2227/3448/3283 2331/3588/3389 2246/3672/3332
f 2332/3673/3467 2282/3593/3356 2260/3558/3468
f 2263/3562/3358 2185/3429/3246 2333/3644/3436
f 2333/3644/3436 2112/3314/3134 2298/3566/3362
f 2316/3674/3469 2335/3645/3437 2360/3675/3470
f 2267/3537/3336 2316/3596/3471 2301/3621/3414
f 2316/3674/3413 2300/3619/3412 2335/3645/3437
f 2335/3645/3437 2234/3519/3317 2336/3646/3438
f 2173/3457/3227 2317/3567/3365 2249/3626/3338
f 2365/3676/3472 2199/3482/3288 2179/3416/3231
f 2237/3540/3339 2365/3676/3472 2179/3416/3231
f 2238/3541/3340 2338/3651/3443 2215/3484/3341
f 2271/3574/3473 2270/3600/3473 2366/3677/3473
f 2387/3632/3423 2339/3659/3454 2252/3524/3322
f 2306/3678/3474 2388/3658/3453 2097/3290/3115
f 2351/3660/3455 2306/3678/3474 2097/3290/3115
f 2307/3576/3374 2219/3493/3298 2390/3679/3475
f 2274/3604/3379 2353/3680/3476 2323/3662/3457
f 2324/3663/3458 2242/3498/3302 2354/3664/3459
f 2223/3552/3381 2288/3606/3401 2289/3583/3384
f 2341/3681/3477 2290/3607/3403 2325/3665/3460
f 2290/3607/3403 2341/3681/3478 2255/3682/3404
f 2341/3683/3479 2342/3684/3480 2255/3528/3331
f 2255/3528/3331 2342/3684/3480 2277/3584/3385
f 2224/3685/3304 2277/3584/3385 2326/3686/3463
f 2206/3447/3263 2355/3687/3481 2371/3668/3464
f 2343/3688/3482 2258/3477/3282 2310/3635/3425
f 2343/3688/3482 2291/3609/3406 2258/3477/3282
f 2330/3671/3466 2292/3670/3409 2291/3609/3406
f 2344/3689/3483 2311/3277/3103 2020/3171/3007
f 2312/3690/3428 2033/3110/2935 2294/3617/3411
f 2313/3691/3431 2312/3692/3430 2314/3641/3484
f 2315/3643/3435 2282/3559/3356 2332/3693/3467
f 2209/3478/3284 2109/3307/3129 2358/3694/3485
f 2264/3595/3394 2359/3695/3486 2296/3564/3360
f 2296/3564/3360 2398/3696/3487 2266/3563/3359
f 2248/3536/3364 2231/3516/3315 2345/3697/3488
f 2235/3520/3318 2361/3698/3489 2303/3623/3416
f 2318/3647/3439 2249/3626/3338 2346/3699/3490
f 2213/3570/3287 2318/3647/3439 2250/3435/3251
f 2318/3647/3439 2382/3700/3491 2250/3435/3251
f 2382/3700/3491 2236/3598/3319 2250/3435/3251
f 2200/3462/3272 2337/3650/3442 2338/3651/3443
f 2366/3677/3492 2270/3600/3368 2349/3701/3446
f 2321/3654/3448 2271/3601/3447 2366/3702/3493
f 2285/3629/3398 2321/3703/3448 2350/3630/3421
f 2286/3575/3373 2390/3679/3475 2219/3493/3298
f 2118/3323/3142 2220/3494/3299 2351/3660/3455
f 2241/3704/3324 2352/3705/3494 2287/3706/3325
f 2352/3705/3495 2274/3604/3379 2287/3706/3378
f 2418/3707/3496 2253/3551/3497 2323/3662/3457
f 2276/3708/3383 2253/3551/3400 2418/3707/3498
f 2354/3664/3459 2203/3443/3259 2254/3553/3347
f 2181/3422/3239 2204/3446/3262 2369/3666/3461
f 2256/3555/3349 2225/3474/3279 2371/3668/3464
f 2329/3637/3427 2207/3425/3242 2330/3671/3466
f 2033/3110/2935 2311/3277/3103 2259/3616/3410
f 2312/3692/3499 2356/3709/3500 2314/3641/3501
f 2357/3710/3502 2260/3558/3503 2356/3709/3500
f 2314/3641/3504 2356/3709/3504 2260/3558/3504
f 2260/3558/3503 2357/3710/3502 2332/3673/3505
f 2374/3711/3506 2315/3643/3435 2332/3693/3467
f 2378/3712/3507 2334/3594/3392 2196/3451/3266
f 2248/3536/3364 2396/3713/3508 2298/3566/3362
f 2248/3536/3364 2345/3697/3488 2396/3713/3508
f 2397/3714/3509 2335/3645/3437 2336/3646/3438
f 2297/3514/3314 2399/3715/3510 2299/3565/3361
f 2299/3565/3361 2399/3715/3510 2302/3622/3415
f 2381/3716/3511 2336/3646/3438 2303/3623/3416
f 2302/3622/3415 2412/3717/3512 2317/3567/3365
f 2362/3718/3513 2361/3719/3489 2235/3569/3318
f 2317/3567/3365 2363/3720/3514 2249/3626/3338
f 2346/3699/3490 2249/3626/3338 2363/3720/3514
f 2268/3568/3366 2304/3624/3417 2347/3721/3515
f 2364/3649/3441 2236/3598/3319 2382/3700/3491
f 2199/3482/3288 2348/3722/3516 2320/3627/3418
f 2305/3723/3422 2216/3485/3291 2143/3345/3164
f 2306/3678/3474 2389/3724/3517 2388/3658/3453
f 2308/3633/3375 2307/3576/3374 2391/3725/3518
f 2273/3578/3376 2275/3579/3377 2404/3726/3519
f 2352/3705/3520 2353/3680/3476 2274/3604/3379
f 2404/3726/3519 2275/3579/3377 2324/3663/3458
f 2254/3553/3347 2368/3727/3521 2354/3664/3459
f 2243/3500/3303 2370/3728/3522 2325/3665/3460
f 2254/3553/3347 2181/3422/3239 2369/3666/3461
f 2325/3665/3460 2370/3728/3522 2341/3681/3477
f 2369/3666/3461 2256/3555/3349 2371/3668/3464
f 2326/3686/3463 2277/3584/3385 2342/3684/3480
f 2326/3667/3463 2406/3729/3523 2309/3634/3424
f 2327/3608/3405 2310/3635/3425 2278/3585/3386
f 2206/3447/3263 2328/3669/3465 2355/3687/3481
f 2291/3609/3406 2343/3688/3482 2330/3671/3466
f 2331/3588/3389 2372/3730/3524 2246/3672/3332
f 2468/3731/3525 2281/3449/3265 2261/3534/3335
f 2373/3732/3526 2332/3673/3527 2357/3710/3528
f 2209/3478/3284 2375/3733/3529 2262/3560/3355
f 2358/3694/3485 2109/3307/3129 2376/3734/3530
f 2109/3618/3129 2263/3562/3358 2376/3735/3530
f 2295/3561/3357 2377/3736/3531 2196/3451/3266
f 2377/3736/3531 2378/3712/3507 2196/3451/3266
f 2471/3737/3532 2334/3594/3392 2378/3712/3507
f 2334/3594/3393 2471/3737/3532 2264/3595/3394
f 2264/3595/3394 2471/3737/3532 2359/3695/3486
f 2398/3696/3487 2296/3564/3360 2359/3695/3486
f 2298/3566/3362 2396/3713/3508 2426/3738/3533
f 2335/3645/3437 2410/3739/3534 2360/3675/3470
f 2379/3740/3535 2316/3596/3469 2360/3741/3470
f 2316/3596/3471 2379/3740/3536 2301/3621/3414
f 2301/3621/3414 2379/3740/3537 2380/3742/3538
f 2301/3621/3414 2380/3742/3538 2231/3517/3315
f 2335/3645/3437 2397/3714/3509 2411/3743/3539
f 2397/3744/3509 2336/3745/3438 2381/3746/3511
f 2268/3568/3366 2362/3718/3513 2235/3569/3318
f 2347/3721/3515 2304/3624/3417 2319/3648/3440
f 2214/3458/3270 2320/3627/3418 2319/3648/3440
f 2385/3747/3540 2349/3652/3444 2401/3748/3541
f 2401/3748/3541 2349/3652/3444 2338/3651/3443
f 2322/3548/3345 2350/3630/3421 2386/3749/3542
f 2367/3655/3450 2322/3656/3345 2403/3750/3543
f 2391/3725/3518 2307/3576/3374 2390/3679/3475
f 2273/3578/3376 2500/3751/3544 2220/3494/3299
f 2162/3469/3275 2308/3577/3375 2392/3752/3545
f 2340/3661/3456 2162/3469/3275 2392/3752/3545
f 2241/3526/3324 2340/3661/3456 2352/3753/3494
f 2324/3663/3458 2354/3664/3459 2393/3754/3546
f 2418/3707/3498 2288/3755/3401 2276/3708/3383
f 2289/3583/3384 2288/3606/3401 2370/3728/3522
f 2289/3583/3384 2370/3728/3522 2243/3500/3303
f 2439/3756/3547 2342/3684/3480 2341/3683/3479
f 2406/3757/3523 2326/3686/3463 2342/3684/3480
f 2407/3758/3548 2328/3669/3465 2279/3587/3388
f 2374/3759/3549 2332/3673/3527 2373/3732/3526
f 2374/3711/3506 2394/3760/3550 2315/3643/3435
f 2375/3733/3529 2209/3478/3284 2358/3694/3485
f 2315/3643/3435 2394/3760/3550 2425/3761/3551
f 2263/3562/3358 2333/3644/3436 2376/3735/3530
f 2333/3644/3436 2298/3566/3362 2395/3762/3552
f 2360/3741/3470 2410/3763/3534 2379/3740/3553
f 2335/3764/3437 2411/3765/3539 2410/3763/3534
f 2297/3514/3314 2266/3563/3359 2398/3696/3487
f 2303/3766/3416 2430/3767/3554 2381/3746/3511
f 2302/3622/3415 2399/3715/3510 2412/3717/3512
f 2320/3627/3418 2383/3768/3555 2319/3648/3440
f 2364/3649/3441 2382/3700/3491 2433/3769/3556
f 2269/3599/3367 2364/3649/3441 2384/3770/3557
f 2348/3722/3516 2199/3482/3288 2365/3676/3472
f 2337/3650/3442 2269/3599/3367 2384/3770/3557
f 2401/3748/3541 2338/3651/3443 2337/3650/3442
f 2385/3771/3558 2366/3677/3492 2349/3701/3446
f 2237/3540/3339 2284/3628/3419 2402/3772/3559
f 2386/3749/3542 2350/3630/3421 2321/3703/3448
f 2414/3773/3560 2284/3628/3419 2216/3485/3291
f 2403/3750/3543 2322/3656/3345 2386/3774/3561
f 2367/3655/3451 2403/3750/3562 2453/3775/3563
f 2305/3631/3422 2272/3525/3323 2388/3658/3453
f 2454/3776/3564 2286/3575/3373 2339/3659/3454
f 2308/3633/3375 2391/3725/3518 2435/3777/3565
f 2273/3578/3376 2404/3726/3519 2500/3751/3544
f 2352/3753/3566 2340/3661/3456 2392/3752/3545
f 2353/3680/3476 2352/3705/3520 2405/3778/3567
f 2323/3662/3457 2353/3680/3476 2437/3779/3568
f 2323/3662/3457 2437/3779/3568 2418/3707/3496
f 2288/3606/3569 2418/3780/3570 2370/3728/3522
f 2254/3553/3347 2369/3666/3461 2368/3727/3521
f 2406/3729/3523 2327/3608/3405 2309/3634/3424
f 2464/3781/3571 2355/3687/3481 2328/3669/3465
f 2372/3782/3524 2279/3587/3388 2246/3530/3332
f 2329/3637/3427 2421/3783/3572 2331/3588/3389
f 2312/3690/3428 2294/3617/3411 2408/3784/3573
f 2356/3709/3500 2312/3692/3499 2408/3785/3574
f 2344/3689/3483 2020/3171/3007 2281/3449/3265
f 2315/3643/3435 2425/3761/3551 2295/3561/3357
f 2425/3761/3551 2377/3736/3531 2295/3561/3357
f 2409/3786/3575 2376/3735/3530 2333/3644/3436
f 2298/3566/3362 2426/3738/3533 2395/3762/3552
f 2380/3787/3538 2345/3697/3488 2231/3516/3315
f 2428/3788/3576 2397/3744/3509 2381/3746/3511
f 2362/3789/3513 2430/3767/3554 2361/3790/3489
f 2363/3720/3514 2317/3567/3365 2412/3717/3512
f 2413/3791/3577 2318/3647/3439 2346/3699/3490
f 2318/3647/3439 2413/3791/3577 2382/3700/3491
f 2400/3792/3578 2364/3649/3441 2433/3769/3556
f 2320/3627/3418 2348/3722/3516 2383/3768/3555
f 2400/3792/3578 2384/3770/3557 2364/3649/3441
f 2434/3793/3579 2366/3677/3580 2385/3771/3581
f 2366/3677/3493 2386/3749/3542 2321/3703/3448
f 2216/3485/3291 2305/3723/3422 2414/3773/3560
f 2305/3631/3422 2388/3658/3453 2416/3794/3582
f 2498/3795/3583 2387/3632/3423 2415/3657/3452
f 2387/3632/3423 2498/3795/3583 2339/3659/3454
f 2390/3679/3475 2286/3575/3373 2454/3776/3564
f 2404/3726/3519 2324/3663/3458 2457/3796/3584
f 2437/3779/3568 2353/3680/3476 2458/3797/3585
f 2417/3798/3586 2324/3663/3458 2393/3754/3546
f 2461/3799/3587 2341/3681/3477 2370/3728/3522
f 2461/3800/3587 2439/3756/3547 2341/3683/3477
f 2371/3668/3464 2438/3801/3588 2369/3666/3461
f 2371/3668/3464 2462/3802/3589 2438/3801/3588
f 2439/3756/3547 2440/3803/3590 2342/3684/3480
f 2342/3684/3480 2440/3803/3590 2406/3757/3523
f 2371/3668/3464 2355/3687/3481 2462/3802/3589
f 2465/3804/3591 2310/3635/3425 2327/3608/3405
f 2328/3669/3465 2407/3758/3548 2464/3781/3571
f 2310/3635/3425 2465/3804/3591 2343/3688/3482
f 2343/3688/3482 2419/3805/3592 2330/3671/3466
f 2420/3806/3593 2329/3637/3427 2330/3671/3466
f 2421/3783/3572 2329/3637/3427 2420/3806/3593
f 2331/3588/3389 2421/3783/3572 2372/3730/3524
f 2356/3709/3500 2408/3785/3574 2422/3807/3594
f 2423/3808/3595 2357/3710/3596 2422/3807/3597
f 2422/3807/3594 2357/3710/3502 2356/3709/3500
f 2373/3732/3526 2357/3710/3596 2423/3808/3595
f 2373/3732/3526 2424/3809/3598 2374/3759/3549
f 2471/3737/3532 2378/3712/3507 2508/3810/3599
f 2427/3811/3600 2410/3763/3601 2411/3812/3539
f 2446/3813/3602 2379/3740/3553 2410/3763/3534
f 2427/3811/3603 2446/3813/3604 2410/3763/3605
f 2427/3814/3600 2411/3815/3539 2397/3744/3509
f 2491/3816/3606 2359/3695/3486 2471/3737/3532
f 2427/3814/3600 2397/3744/3509 2428/3788/3576
f 2359/3695/3486 2429/3817/3607 2398/3696/3487
f 2297/3514/3314 2398/3696/3487 2450/3818/3608
f 2399/3715/3510 2297/3514/3314 2450/3818/3608
f 2361/3790/3489 2430/3767/3554 2303/3766/3416
f 2362/3718/3513 2268/3568/3366 2431/3819/3609
f 2268/3568/3366 2347/3721/3515 2431/3819/3609
f 2346/3699/3490 2363/3720/3514 2475/3820/3610
f 2347/3721/3515 2319/3648/3440 2432/3821/3611
f 2413/3791/3577 2433/3769/3556 2382/3700/3491
f 2365/3676/3472 2237/3540/3339 2402/3772/3559
f 2367/3655/3451 2453/3775/3563 2415/3657/3452
f 2500/3751/3544 2351/3660/3455 2220/3494/3299
f 2308/3822/3375 2435/3823/3612 2436/3824/3613
f 2392/3825/3545 2456/3826/3614 2352/3705/3566
f 2457/3796/3584 2324/3663/3458 2417/3798/3586
f 2405/3778/3567 2458/3797/3585 2353/3680/3476
f 2354/3664/3459 2368/3727/3521 2393/3754/3546
f 2418/3707/3496 2437/3779/3568 2459/3827/3615
f 2459/3827/3616 2370/3828/3522 2418/3707/3570
f 2368/3727/3521 2369/3666/3461 2438/3801/3588
f 2463/3829/3617 2440/3803/3590 2439/3756/3547
f 2465/3804/3591 2327/3608/3405 2440/3830/3590
f 2406/3757/3523 2440/3803/3590 2327/3831/3405
f 2355/3687/3481 2464/3781/3571 2462/3802/3589
f 2330/3671/3466 2419/3805/3592 2420/3806/3593
f 2279/3587/3388 2372/3782/3524 2407/3758/3548
f 2344/3689/3483 2281/3449/3265 2441/3832/3618
f 2375/3733/3529 2442/3833/3619 2262/3560/3355
f 2374/3759/3549 2424/3809/3598 2443/3834/3620
f 2394/3835/3550 2374/3759/3506 2443/3834/3621
f 2488/3836/3622 2425/3761/3551 2394/3760/3550
f 2444/3837/3623 2376/3735/3530 2409/3786/3575
f 2378/3712/3507 2377/3736/3531 2508/3810/3599
f 2333/3644/3436 2395/3762/3552 2409/3786/3575
f 2445/3838/3624 2427/3814/3625 2447/3839/3626
f 2379/3740/3537 2448/3840/3627 2380/3742/3538
f 2428/3788/3576 2447/3839/3626 2427/3814/3600
f 2449/3841/3628 2428/3788/3576 2381/3746/3511
f 2449/3841/3628 2381/3746/3511 2430/3767/3554
f 2514/3842/3629 2451/3843/3630 2399/3715/3510
f 2399/3715/3510 2451/3843/3630 2412/3717/3512
f 2362/3789/3513 2492/3844/3631 2430/3767/3554
f 2412/3717/3512 2475/3820/3610 2363/3720/3514
f 2413/3791/3577 2346/3699/3490 2475/3820/3610
f 2383/3768/3555 2432/3821/3611 2319/3648/3440
f 2400/3792/3578 2433/3769/3556 2494/3845/3632
f 2515/3846/3633 2385/3747/3634 2401/3748/3541
f 2434/3847/3579 2385/3747/3581 2515/3846/3635
f 2386/3749/3561 2366/3677/3580 2434/3848/3579
f 2402/3772/3559 2284/3628/3419 2414/3773/3560
f 2386/3774/3561 2478/3849/3636 2403/3750/3543
f 2453/3775/3563 2518/3850/3637 2415/3657/3452
f 2305/3631/3422 2416/3794/3582 2414/3851/3560
f 2518/3850/3637 2498/3795/3583 2415/3657/3452
f 2391/3725/3518 2390/3679/3475 2455/3852/3638
f 2391/3725/3518 2455/3852/3638 2435/3777/3639
f 2435/3853/3640 2479/3854/3641 2436/3855/3642
f 2308/3577/3375 2436/3856/3613 2392/3752/3545
f 2458/3797/3585 2480/3857/3643 2437/3779/3568
f 2437/3779/3644 2480/3857/3645 2459/3827/3616
f 2438/3801/3588 2460/3858/3646 2368/3727/3521
f 2504/3859/3647 2370/3828/3522 2481/3860/3648
f 2459/3827/3616 2481/3860/3648 2370/3828/3522
f 2461/3800/3587 2482/3861/3649 2439/3756/3547
f 2482/3861/3649 2463/3829/3617 2439/3756/3547
f 2465/3804/3591 2419/3805/3592 2343/3688/3482
f 2420/3806/3593 2484/3862/3650 2421/3783/3572
f 2372/3730/3524 2421/3783/3572 2467/3863/3651
f 2486/3864/3652 2408/3865/3652 2294/3866/3652
f 2408/3865/3653 2486/3864/3654 2422/3867/3597
f 2262/3560/3355 2468/3731/3525 2261/3534/3335
f 2373/3732/3526 2423/3808/3595 2424/3809/3598
f 2394/3760/3550 2487/3868/3655 2488/3836/3622
f 2425/3761/3551 2488/3836/3622 2377/3736/3531
f 2488/3836/3622 2508/3810/3599 2377/3736/3531
f 2395/3762/3656 2469/3869/3657 2409/3786/3575
f 2395/3762/3552 2426/3738/3533 2470/3870/3658
f 2508/3810/3599 2509/3871/3659 2471/3737/3532
f 2445/3872/3624 2472/3873/3660 2446/3813/3661
f 2447/3839/3626 2472/3874/3660 2445/3838/3624
f 2472/3874/3660 2447/3839/3626 2490/3875/3662
f 2445/3872/3663 2446/3813/3604 2427/3811/3603
f 2345/3876/3488 2380/3742/3538 2473/3877/3664
f 2380/3742/3665 2448/3840/3666 2473/3877/3664
f 2446/3813/3667 2448/3840/3668 2379/3740/3669
f 2511/3878/3670 2447/3839/3626 2449/3841/3628
f 2449/3841/3628 2447/3839/3626 2428/3788/3576
f 2474/3879/3671 2359/3695/3486 2491/3816/3606
f 2474/3879/3671 2429/3817/3607 2359/3695/3486
f 2450/3818/3608 2514/3842/3629 2399/3715/3510
f 2475/3820/3610 2412/3717/3512 2451/3843/3630
f 2476/3880/3672 2431/3819/3609 2347/3721/3515
f 2495/3881/3673 2348/3722/3516 2452/3882/3674
f 2348/3722/3516 2365/3676/3472 2452/3882/3674
f 2384/3770/3557 2515/3846/3675 2337/3650/3442
f 2515/3846/3633 2401/3748/3541 2337/3650/3442
f 2402/3772/3559 2414/3773/3560 2477/3883/3676
f 2478/3849/3636 2386/3774/3561 2434/3847/3579
f 2453/3775/3563 2403/3750/3562 2478/3849/3636
f 2543/3884/3677 2339/3659/3454 2498/3795/3583
f 2455/3852/3678 2479/3885/3678 2435/3777/3678
f 2521/3886/3679 2404/3726/3519 2457/3796/3584
f 2456/3826/3680 2502/3887/3681 2352/3705/3520
f 2352/3705/3520 2502/3887/3681 2405/3778/3567
f 2458/3797/3585 2503/3888/3682 2480/3857/3643
f 2460/3858/3646 2546/3889/3683 2393/3754/3546
f 2480/3857/3645 2481/3860/3648 2459/3827/3616
f 2368/3727/3521 2460/3858/3646 2393/3754/3546
f 2370/3828/3522 2504/3859/3647 2461/3800/3587
f 2440/3803/3590 2463/3829/3617 2506/3890/3684
f 2440/3803/3590 2506/3890/3684 2465/3891/3591
f 2407/3758/3548 2372/3782/3524 2466/3892/3685
f 2486/3893/3654 2423/3808/3595 2422/3807/3597
f 2281/3449/3265 2468/3731/3525 2441/3832/3618
f 2468/3731/3525 2262/3560/3355 2442/3833/3619
f 2487/3894/3655 2394/3835/3550 2443/3834/3686
f 2470/3870/3658 2469/3869/3657 2395/3762/3552
f 2512/3895/3687 2472/3874/3660 2489/3896/3688
f 2490/3875/3662 2489/3896/3689 2472/3874/3660
f 2490/3875/3662 2511/3878/3670 2510/3897/3690
f 2471/3737/3532 2509/3871/3659 2491/3816/3606
f 2511/3878/3670 2490/3875/3662 2447/3839/3626
f 2474/3879/3671 2491/3816/3606 2536/3898/3691
f 2398/3696/3487 2429/3817/3607 2450/3818/3608
f 2492/3899/3631 2362/3718/3513 2493/3900/3692
f 2431/3819/3609 2493/3900/3692 2362/3718/3513
f 2413/3791/3577 2475/3820/3610 2578/3901/3693
f 2432/3821/3611 2476/3880/3672 2347/3721/3515
f 2383/3768/3555 2348/3722/3516 2495/3881/3673
f 2515/3846/3675 2496/3902/3694 2434/3847/3579
f 2478/3849/3636 2434/3847/3579 2496/3902/3694
f 2453/3775/3563 2478/3849/3636 2541/3903/3695
f 2453/3775/3563 2541/3903/3695 2518/3850/3637
f 2416/3794/3582 2388/3658/3453 2497/3904/3696
f 2543/3884/3677 2454/3776/3564 2339/3659/3454
f 2454/3776/3564 2499/3905/3697 2390/3679/3475
f 2455/3852/3638 2499/3905/3697 2520/3906/3698
f 2499/3905/3697 2455/3852/3638 2390/3679/3475
f 2501/3907/3699 2455/3852/3638 2520/3906/3698
f 2521/3886/3679 2500/3751/3544 2404/3726/3519
f 2392/3908/3545 2436/3909/3613 2456/3826/3614
f 2502/3887/3681 2503/3888/3682 2458/3797/3585
f 2405/3778/3567 2502/3887/3681 2458/3797/3585
f 2417/3798/3586 2393/3754/3546 2546/3889/3683
f 2503/3888/3682 2524/3910/3700 2480/3857/3643
f 2481/3860/3648 2480/3857/3645 2524/3910/3701
f 2438/3801/3588 2462/3802/3589 2505/3911/3702
f 2482/3861/3649 2506/3890/3684 2463/3829/3617
f 2464/3781/3571 2483/3912/3703 2525/3913/3704
f 2464/3781/3571 2407/3758/3548 2483/3912/3703
f 2420/3806/3593 2419/3805/3592 2526/3914/3705
f 2466/3892/3685 2372/3782/3524 2467/3915/3651
f 2294/3617/3411 2259/3616/3410 2486/3916/3706
f 2344/3689/3483 2612/3917/3707 2485/3918/3708
f 2486/3864/3654 2528/3919/3709 2423/3920/3595
f 2423/3920/3595 2528/3919/3709 2424/3921/3598
f 2443/3834/3620 2424/3809/3598 2487/3894/3710
f 2487/3868/3655 2529/3922/3711 2488/3836/3622
f 2409/3786/3575 2469/3869/3657 2444/3837/3623
f 2512/3923/3712 2489/3924/3712 2532/3925/3712
f 2489/3896/3713 2533/3926/3714 2532/3927/3715
f 2510/3897/3690 2533/3926/3716 2490/3875/3662
f 2533/3926/3717 2489/3896/3689 2490/3875/3662
f 2472/3873/3660 2512/3923/3687 2446/3813/3661
f 2473/3928/3664 2396/3713/3508 2345/3697/3488
f 2513/3929/3718 2448/3840/3668 2446/3813/3667
f 2451/3843/3630 2538/3930/3719 2475/3820/3610
f 2540/3931/3720 2413/3791/3577 2578/3901/3693
f 2413/3791/3577 2540/3931/3720 2433/3769/3556
f 2433/3769/3556 2540/3931/3720 2494/3845/3632
f 2494/3845/3632 2384/3770/3557 2400/3792/3578
f 2384/3770/3557 2494/3845/3632 2515/3846/3675
f 2402/3772/3559 2516/3932/3721 2365/3676/3472
f 2517/3933/3722 2496/3902/3694 2515/3846/3675
f 2497/3904/3696 2388/3658/3453 2389/3724/3517
f 2543/3884/3677 2519/3934/3723 2454/3776/3564
f 2519/3934/3723 2499/3905/3697 2454/3776/3564
f 2559/3935/3724 2306/3678/3474 2351/3660/3455
f 2455/3936/3725 2501/3937/3725 2479/3938/3725
f 2502/3887/3681 2456/3826/3680 2561/3939/3726
f 2585/3940/3727 2503/3888/3682 2502/3887/3681
f 2503/3888/3682 2585/3940/3727 2523/3941/3728
f 2523/3941/3728 2524/3910/3729 2503/3888/3682
f 2481/3860/3730 2524/3910/3731 2564/3942/3732
f 2481/3860/3648 2564/3942/3733 2504/3859/3647
f 2564/3942/3732 2461/3800/3587 2504/3859/3647
f 2564/3942/3732 2482/3861/3649 2461/3800/3587
f 2505/3911/3702 2462/3802/3589 2464/3781/3571
f 2465/3804/3591 2507/3943/3734 2419/3805/3592
f 2407/3758/3548 2466/3892/3685 2483/3912/3703
f 2311/3277/3103 2344/3689/3483 2485/3918/3708
f 2565/3944/3735 2528/3919/3709 2486/3864/3654
f 2487/3894/3736 2424/3809/3737 2547/3945/3738
f 2487/3894/3736 2547/3945/3738 2529/3946/3739
f 2529/3922/3711 2550/3947/3740 2488/3836/3622
f 2488/3836/3622 2550/3947/3740 2509/3871/3659
f 2488/3836/3622 2509/3871/3659 2508/3810/3599
f 2553/3948/3741 2470/3870/3658 2426/3738/3533
f 2510/3897/3690 2554/3949/3742 2533/3926/3716
f 2511/3878/3670 2554/3949/3742 2510/3897/3690
f 2511/3878/3670 2531/3950/3743 2554/3949/3744
f 2534/3951/3745 2512/3923/3746 2532/3925/3715
f 2534/3951/3747 2446/3813/3661 2512/3923/3687
f 2396/3713/3508 2553/3948/3741 2426/3738/3533
f 2491/3816/3606 2509/3871/3659 2536/3898/3691
f 2537/3952/3748 2535/3953/3749 2511/3878/3670
f 2537/3952/3748 2511/3878/3670 2449/3841/3628
f 2556/3954/3750 2429/3817/3607 2474/3879/3671
f 2557/3955/3751 2430/3767/3554 2492/3844/3631
f 2431/3819/3609 2476/3880/3672 2493/3900/3692
f 2475/3820/3610 2538/3930/3719 2578/3901/3693
f 2432/3821/3611 2539/3956/3752 2476/3880/3672
f 2494/3845/3632 2579/3957/3753 2515/3846/3675
f 2365/3676/3472 2516/3932/3721 2452/3882/3674
f 2516/3932/3721 2402/3772/3559 2477/3883/3676
f 2541/3903/3695 2478/3849/3636 2496/3902/3694
f 2414/3773/3560 2542/3958/3754 2477/3883/3676
f 2518/3850/3637 2541/3903/3695 2648/3959/3755
f 2414/3773/3560 2416/3960/3582 2542/3958/3754
f 2542/3961/3754 2416/3794/3582 2497/3904/3696
f 2500/3751/3544 2559/3935/3724 2351/3660/3455
f 2501/3907/3699 2520/3906/3698 2544/3962/3756
f 2479/3938/3757 2501/3937/3757 2522/3963/3757
f 2479/3938/3641 2522/3963/3758 2436/3964/3642
f 2561/3939/3726 2456/3826/3680 2436/3909/3759
f 2502/3887/3681 2561/3939/3726 2545/3965/3760
f 2560/3966/3761 2457/3796/3584 2417/3798/3586
f 2502/3887/3681 2545/3965/3760 2585/3940/3727
f 2524/3910/3762 2523/3941/3763 2562/3967/3764
f 2460/3858/3646 2505/3911/3702 2563/3968/3765
f 2438/3801/3588 2505/3911/3702 2460/3858/3646
f 2505/3911/3702 2464/3781/3571 2525/3913/3704
f 2482/3861/3649 2587/3969/3766 2506/3890/3684
f 2587/3969/3766 2465/3891/3591 2506/3890/3684
f 2507/3970/3734 2680/3971/3767 2419/3972/3592
f 2420/3806/3593 2526/3914/3705 2484/3862/3650
f 2484/3862/3650 2467/3863/3651 2421/3783/3572
f 2527/3973/3768 2486/3974/3768 2259/3975/3768
f 2612/3917/3707 2344/3689/3483 2441/3832/3618
f 2527/3976/3769 2565/3977/3735 2486/3978/3654
f 2468/3731/3525 2566/3979/3770 2441/3832/3618
f 2565/3944/3735 2614/3980/3771 2528/3919/3709
f 2528/3919/3709 2547/3981/3772 2424/3921/3598
f 2358/3694/3485 2376/3734/3530 2548/3982/3773
f 2444/3837/3623 2548/3983/3773 2376/3735/3530
f 2530/3984/3774 2567/3985/3775 2529/3922/3739
f 2529/3922/3711 2567/3985/3775 2550/3947/3740
f 2568/3986/3776 2531/3950/3743 2552/3987/3777
f 2551/3988/3778 2568/3986/3779 2552/3987/3777
f 2531/3950/3780 2571/3989/3781 2554/3949/3782
f 2534/3951/3745 2532/3925/3715 2533/3990/3714
f 2531/3950/3743 2511/3878/3670 2552/3987/3777
f 2553/3948/3741 2396/3713/3508 2473/3928/3664
f 2535/3953/3749 2555/3991/3783 2511/3878/3670
f 2509/3871/3659 2550/3947/3740 2573/3992/3784
f 2509/3871/3659 2573/3992/3784 2574/3993/3785
f 2509/3871/3659 2574/3993/3785 2536/3898/3691
f 2430/3767/3554 2537/3952/3748 2449/3841/3628
f 2429/3817/3607 2576/3994/3786 2450/3818/3608
f 2450/3818/3608 2576/3994/3786 2514/3842/3629
f 2514/3842/3629 2597/3995/3787 2451/3843/3630
f 2451/3843/3630 2597/3995/3787 2538/3930/3719
f 2671/3996/3788 2540/3931/3720 2578/3901/3693
f 2432/3821/3611 2383/3768/3555 2599/3997/3789
f 2383/3768/3555 2495/3881/3673 2599/3997/3789
f 2517/3933/3722 2558/3998/3790 2496/3902/3694
f 2496/3902/3694 2580/3999/3791 2541/3903/3695
f 2541/3903/3695 2580/3999/3791 2648/3959/3755
f 2582/4000/3792 2497/3904/3696 2389/3724/3517
f 2559/3935/3724 2389/3724/3517 2306/3678/3474
f 2500/3751/3544 2521/3886/3679 2559/3935/3724
f 2499/3905/3697 2605/4001/3793 2520/3906/3698
f 2436/3909/3759 2522/4002/3794 2561/3939/3726
f 2653/4003/3795 2546/3889/3683 2460/3858/3646
f 2524/3910/3731 2609/4004/3796 2564/3942/3732
f 2564/3942/3732 2587/3969/3766 2482/3861/3649
f 2358/3694/3485 2662/4005/3797 2375/3733/3529
f 2529/3946/3739 2547/3945/3738 2530/4006/3774
f 2444/3837/3623 2469/3869/3657 2548/3983/3773
f 2549/4007/3798 2568/3986/3779 2551/3988/3778
f 2530/3984/3799 2549/4007/3798 2570/4008/3800
f 2567/3985/3775 2530/3984/3774 2570/4008/3800
f 2570/4008/3800 2549/4007/3798 2551/3988/3801
f 2571/3989/3781 2531/3950/3780 2590/4009/3802
f 2568/3986/3803 2590/4009/3802 2531/3950/3780
f 2550/3947/3740 2567/3985/3775 2573/3992/3784
f 2553/3948/3741 2569/4010/3804 2470/3870/3658
f 2554/3949/3742 2572/4011/3805 2533/3926/3716
f 2571/3989/3781 2572/4011/3806 2554/3949/3782
f 2551/3988/3778 2552/3987/3777 2555/3991/3783
f 2570/4008/3800 2551/3988/3801 2555/3991/3783
f 2555/3991/3783 2552/3987/3777 2511/3878/3670
f 2620/4012/3807 2473/3928/3664 2448/4013/3666
f 2536/3898/3691 2574/3993/3785 2575/4014/3808
f 2594/4015/3809 2536/3898/3691 2575/4014/3810
f 2537/3952/3748 2430/3767/3554 2557/3955/3751
f 2576/3994/3786 2597/3995/3787 2514/3842/3629
f 2625/4016/3811 2538/3930/3719 2597/3995/3787
f 2538/3930/3719 2625/4016/3811 2578/3901/3693
f 2599/3997/3789 2539/3956/3752 2432/3821/3611
f 2540/3931/3720 2671/3996/3788 2494/3845/3632
f 2579/3957/3753 2494/3845/3632 2671/3996/3788
f 2515/3846/3675 2579/3957/3753 2517/3933/3722
f 2558/3998/3790 2517/3933/3722 2602/4017/3812
f 2558/3998/3790 2580/3999/3791 2496/3902/3694
f 2542/3958/3754 2581/4018/3813 2477/3883/3676
f 2498/3795/3583 2649/4019/3814 2543/3884/3677
f 2745/4020/3815 2543/3884/3677 2649/4019/3814
f 2521/3886/3679 2629/4021/3816 2559/3935/3724
f 2583/4022/3817 2522/3963/3818 2501/3937/3819
f 2521/3886/3679 2457/3796/3584 2560/3966/3761
f 2584/4023/3820 2522/3963/3818 2583/4022/3817
f 2522/4002/3818 2607/4024/3821 2561/3939/3726
f 2561/3939/3726 2607/4024/3821 2545/3965/3760
f 2545/3965/3760 2607/4024/3821 2585/3940/3727
f 2417/3798/3586 2546/3889/3683 2653/4003/3795
f 2608/4025/3822 2523/3941/3728 2585/3940/3727
f 2586/4026/3823 2523/3941/3763 2608/4025/3824
f 2523/4027/3763 2586/4028/3823 2562/4029/3764
f 2653/4003/3795 2460/3858/3646 2563/3968/3765
f 2524/3910/3825 2562/3967/3826 2609/4004/3827
f 2587/3969/3766 2679/4030/3828 2465/3891/3591
f 2679/4030/3828 2507/3970/3734 2465/3891/3591
f 2680/4031/3767 2526/3914/3705 2419/3805/3592
f 2527/3976/3829 2588/4032/3830 2565/3977/3735
f 2614/3980/3771 2615/4033/3831 2528/3919/3709
f 2528/3919/3709 2615/4033/3831 2547/3981/3772
f 2442/3833/3619 2375/3733/3529 2699/4034/3832
f 2547/3981/3772 2615/4033/3831 2616/4035/3833
f 2547/3981/3772 2616/4035/3833 2530/3984/3799
f 2589/4036/3834 2548/3983/3773 2469/3869/3657
f 2616/4035/3833 2617/4037/3835 2530/3984/3799
f 2530/3984/3799 2617/4037/3835 2549/4007/3798
f 2589/4036/3834 2469/3869/3657 2470/3870/3658
f 2549/4007/3798 2617/4037/3835 2568/3986/3779
f 2569/4010/3804 2589/4036/3834 2470/3870/3658
f 2617/4037/3836 2590/4009/3802 2568/3986/3803
f 2590/4009/3802 2572/4011/3806 2571/3989/3781
f 2533/3990/3714 2591/4038/3837 2534/3951/3745
f 2572/4039/3838 2591/4038/3839 2533/3990/3840
f 2446/3813/3667 2534/3951/3745 2513/3929/3718
f 2620/4012/3807 2553/3948/3741 2473/3928/3664
f 2535/3953/3749 2592/4040/3841 2555/3991/3783
f 2592/4040/3841 2535/3953/3749 2593/4041/3842
f 2574/3993/3785 2573/3992/3784 2622/4042/3843
f 2537/3952/3748 2593/4041/3842 2535/3953/3749
f 2594/4015/3809 2595/4043/3844 2536/3898/3691
f 2474/3879/3671 2536/3898/3691 2595/4043/3844
f 2429/3817/3607 2556/3954/3750 2596/4044/3845
f 2596/4044/3845 2576/3994/3786 2429/3817/3607
f 2557/3955/3751 2492/3844/3631 2645/4045/3846
f 2597/3995/3787 2576/3994/3786 2624/4046/3847
f 2476/3880/3672 2598/4047/3848 2577/4048/3849
f 2476/3880/3672 2539/3956/3752 2598/4047/3848
f 2495/3881/3673 2452/3882/3674 2601/4049/3850
f 2516/3932/3721 2601/4049/3850 2452/3882/3674
f 2579/3957/3753 2602/4017/3812 2517/3933/3722
f 2690/4050/3851 2580/3999/3791 2558/3998/3790
f 2581/4018/3813 2516/3932/3721 2477/3883/3676
f 2518/3850/3637 2648/3959/3755 2498/3795/3583
f 2649/4019/3814 2498/3795/3583 2673/4051/3852
f 2745/4020/3815 2519/3934/3723 2543/3884/3677
f 2604/4052/3853 2389/3724/3517 2559/3935/3724
f 2519/3934/3723 2605/4001/3793 2499/3905/3697
f 2521/3886/3679 2560/3966/3761 2629/4021/3816
f 2544/3962/3756 2606/4053/3854 2501/3907/3699
f 2501/3907/3819 2606/4053/3855 2583/4054/3817
f 2607/4024/3821 2522/4002/3818 2584/4055/3820
f 2607/4024/3821 2608/4025/3822 2585/3940/3727
f 2631/4056/3856 2563/3968/3765 2505/3911/3702
f 2609/4057/3796 2696/4058/3857 2564/4059/3732
f 2525/3913/3704 2631/4056/3856 2505/3911/3702
f 2680/3971/3767 2610/4060/3858 2526/4061/3705
f 2467/4062/3651 2656/4063/3859 2466/3892/3685
f 2611/4064/3860 2527/3973/3829 2259/3975/3861
f 2588/4032/3830 2527/3976/3829 2611/4065/3860
f 2588/4032/3830 2613/4066/3862 2565/3977/3735
f 2614/4067/3771 2565/3977/3735 2613/4066/3862
f 2548/3983/3773 2662/4068/3797 2358/4069/3485
f 2590/4009/3863 2641/4070/3864 2618/4071/3865
f 2617/4037/3866 2641/4070/3867 2590/4009/3868
f 2618/4072/3865 2572/4039/3838 2590/4073/3863
f 2572/4039/3838 2618/4072/3865 2591/4038/3839
f 2619/4074/3869 2569/4075/3804 2553/4076/3741
f 2619/4074/3869 2553/4077/3741 2620/4078/3870
f 2620/4012/3870 2448/4013/3871 2621/4079/3872
f 2513/3929/3718 2621/4080/3873 2448/3840/3668
f 2567/3985/3775 2570/4008/3800 2573/3992/3784
f 2570/4008/3800 2555/3991/3783 2592/4040/3841
f 2573/3992/3784 2570/4008/3800 2622/4042/3843
f 2643/4081/3874 2622/4042/3843 2570/4008/3800
f 2575/4014/3808 2574/3993/3785 2622/4042/3843
f 2556/3954/3750 2474/3879/3671 2623/4082/3875
f 2593/4041/3842 2537/3952/3748 2557/3955/3751
f 2596/4044/3845 2624/4046/3847 2576/3994/3786
f 2597/3995/3787 2624/4046/3847 2625/4016/3811
f 2577/4048/3849 2493/3900/3692 2476/3880/3672
f 2626/4083/3876 2625/4016/3811 2670/4084/3877
f 2625/4016/3811 2626/4083/3876 2578/3901/3693
f 2671/3996/3788 2578/3901/3693 2706/4085/3878
f 2495/3881/3673 2601/4049/3850 2600/4086/3879
f 2627/4087/3880 2579/3957/3753 2671/3996/3788
f 2627/4087/3880 2602/4017/3812 2579/3957/3753
f 2690/4050/3851 2558/3998/3790 2602/4017/3812
f 2498/3795/3583 2648/3959/3755 2673/4051/3852
f 2582/4088/3792 2603/4089/3881 2542/3958/3754
f 2542/3958/3754 2497/4090/3696 2582/4088/3792
f 2520/3906/3698 2652/4091/3882 2544/3962/3756
f 2630/4092/3883 2607/4024/3821 2584/4055/3820
f 2608/4025/3884 2607/4024/3821 2630/4092/3883
f 2417/3798/3586 2653/4003/3795 2731/4093/3885
f 2678/4094/3886 2586/4028/3887 2608/4095/3884
f 2678/4094/3888 2562/4029/3888 2586/4028/3888
f 2564/4059/3732 2696/4058/3857 2587/4096/3766
f 2588/4097/3889 2611/4098/3890 2633/4099/3891
f 2613/4100/3892 2588/4101/3889 2633/4099/3891
f 2612/3917/3707 2441/3832/3618 2566/3979/3770
f 2614/4067/3893 2613/4066/3892 2634/4102/3894
f 2634/4102/3895 2615/4103/3831 2614/4067/3771
f 2635/4104/3896 2468/3731/3525 2442/3833/3619
f 2615/4033/3831 2636/4105/3897 2616/4035/3833
f 2636/4105/3897 2637/4106/3898 2616/4035/3833
f 2616/4035/3833 2637/4106/3898 2617/4037/3835
f 2548/3983/3773 2589/4036/3834 2639/4107/3899
f 2637/4106/3898 2638/4108/3900 2617/4037/3835
f 2638/4108/3900 2640/4109/3901 2617/4037/3835
f 2617/4037/3866 2640/4109/3902 2641/4070/3867
f 2640/4110/3903 2618/4072/3865 2641/4111/3904
f 2642/4112/3905 2534/3951/3745 2591/4038/3837
f 2642/4112/3905 2513/3929/3718 2534/3951/3745
f 2570/4008/3800 2592/4040/3841 2643/4081/3874
f 2592/4040/3841 2593/4041/3842 2644/4113/3906
f 2622/4042/3843 2643/4081/3874 2575/4014/3808
f 2643/4081/3874 2592/4040/3841 2644/4113/3906
f 2575/4014/3810 2643/4081/3874 2594/4015/3809
f 2623/4082/3875 2474/3879/3671 2595/4043/3844
f 2593/4041/3842 2557/3955/3751 2669/4114/3907
f 2593/4041/3842 2669/4114/3907 2644/4113/3906
f 2556/3954/3750 2623/4082/3875 2596/4044/3845
f 2669/4114/3907 2557/3955/3751 2645/4045/3846
f 2645/4045/3846 2492/3844/3631 2646/4115/3908
f 2646/4115/3908 2492/3844/3631 2493/4116/3692
f 2625/4016/3811 2624/4046/3847 2670/4084/3877
f 2578/3901/3693 2626/4083/3876 2706/4085/3878
f 2599/3997/3789 2647/4117/3909 2539/3956/3752
f 2599/3997/3789 2495/3881/3673 2600/4086/3879
f 2516/3932/3721 2672/4118/3910 2601/4049/3850
f 2581/4018/3813 2672/4118/3910 2516/3932/3721
f 2582/4000/3792 2389/3724/3517 2604/4052/3853
f 2628/4119/3911 2604/4052/3853 2559/3935/3724
f 2519/3934/3723 2650/4120/3912 2605/4001/3793
f 2651/4121/3913 2520/3906/3698 2605/4001/3793
f 2652/4091/3882 2520/3906/3698 2651/4121/3913
f 2695/4122/3914 2562/4029/3826 2678/4094/3886
f 2525/3913/3704 2483/3912/3703 2654/4123/3915
f 2679/4030/3828 2632/4124/3916 2507/3970/3734
f 2733/4125/3917 2680/3971/3767 2632/4124/3916
f 2507/3970/3734 2632/4124/3916 2680/3971/3767
f 2483/3912/3703 2466/3892/3685 2655/4126/3918
f 2655/4126/3918 2466/3892/3685 2656/4063/3859
f 2656/4127/3859 2467/4128/3651 2484/4129/3650
f 2610/4060/3858 2711/4130/3919 2526/4131/3705
f 2611/4064/3920 2259/3975/3410 2657/4132/3921
f 2611/4133/3922 2658/4134/3923 2633/4099/3891
f 2658/4135/3923 2611/4064/3922 2657/4132/3924
f 2634/4136/3894 2613/4100/3892 2659/4137/3925
f 2659/4137/3925 2613/4100/3892 2633/4099/3891
f 2659/4137/3925 2660/4138/3926 2634/4136/3895
f 2635/4104/3896 2566/3979/3770 2468/3731/3525
f 2660/4138/3926 2661/4139/3927 2634/4136/3895
f 2615/4103/3831 2634/4102/3895 2661/4140/3927
f 2699/4034/3832 2375/3733/3529 2662/4005/3797
f 2661/4140/3928 2663/4141/3928 2615/4103/3928
f 2663/4141/3929 2636/4142/3897 2615/4103/3831
f 2664/4143/3930 2636/4142/3897 2663/4141/3929
f 2665/4144/3931 2637/4145/3931 2664/4146/3931
f 2664/4147/3930 2637/4106/3932 2636/4105/3897
f 2637/4148/3898 2665/4149/3933 2638/4150/3900
f 2638/4150/3934 2665/4149/3935 2640/4110/3903
f 2640/4110/3903 2666/4151/3936 2618/4072/3865
f 2666/4151/3936 2591/4038/3839 2618/4072/3865
f 2621/4152/3872 2619/4153/3869 2620/4154/3870
f 2621/4080/3873 2513/3929/3718 2687/4155/3937
f 2642/4112/3905 2687/4155/3937 2513/3929/3718
f 2667/4156/3938 2595/4043/3844 2594/4015/3809
f 2594/4015/3809 2643/4081/3874 2668/4157/3939
f 2668/4157/3939 2643/4081/3874 2644/4113/3906
f 2668/4157/3939 2644/4113/3906 2669/4114/3907
f 2624/4046/3847 2596/4044/3845 2723/4158/3940
f 2723/4158/3940 2670/4084/3877 2624/4046/3847
f 2672/4118/3910 2600/4086/3879 2601/4049/3850
f 2580/3999/3791 2690/4050/3851 2691/4159/3941
f 2648/3959/3755 2580/3999/3791 2691/4159/3941
f 2648/3959/3755 2691/4159/3941 2673/4051/3852
f 2581/4018/3813 2542/3958/3754 2603/4089/3881
f 2582/4088/3792 2604/4160/3853 2674/4161/3942
f 2629/4021/3816 2628/4119/3911 2559/3935/3724
f 2650/4120/3912 2651/4121/3913 2605/4001/3793
f 2675/4162/3943 2583/4022/3943 2606/4163/3943
f 2675/4162/3944 2584/4023/3944 2583/4022/3944
f 2676/4164/3945 2584/4023/3945 2675/4162/3945
f 2678/4094/3886 2608/4095/3884 2630/4165/3883
f 2695/4166/3914 2609/4004/3827 2562/3967/3826
f 2679/4167/3828 2587/4096/3766 2696/4058/3857
f 2631/4056/3856 2525/3913/3704 2654/4123/3915
f 2632/4124/3916 2679/4030/3828 2752/4168/3946
f 2680/3971/3767 2681/4169/3947 2610/4060/3858
f 2711/4130/3919 2484/4170/3650 2526/4131/3705
f 2610/4060/3858 2681/4169/3947 2711/4130/3919
f 2658/4171/3923 2682/4172/3948 2633/4173/3891
f 2659/4174/3925 2633/4173/3891 2682/4172/3948
f 2442/3833/3619 2699/4034/3832 2635/4104/3896
f 2683/4175/3949 2661/4139/3927 2660/4138/3926
f 2661/4139/3927 2683/4175/3949 2663/4176/3950
f 2683/4175/3951 2684/4177/3952 2663/4176/3953
f 2664/4178/3954 2663/4176/3953 2684/4177/3952
f 2548/3983/3773 2639/4107/3899 2662/4068/3797
f 2665/4179/3955 2664/4178/3955 2684/4177/3955
f 2665/4149/3935 2685/4180/3956 2640/4110/3903
f 2619/4181/3869 2721/4182/3957 2569/4010/3804
f 2642/4112/3905 2591/4038/3837 2686/4183/3958
f 2642/4112/3905 2686/4183/3958 2687/4155/3937
f 2595/4043/3844 2667/4156/3938 2703/4184/3959
f 2623/4082/3875 2595/4043/3844 2703/4184/3959
f 2667/4156/3938 2594/4015/3809 2668/4157/3939
f 2669/4114/3907 2645/4045/3846 2646/4115/3908
f 2688/4185/3960 2669/4114/3907 2646/4115/3908
f 2646/4115/3908 2493/4116/3692 2724/4186/3961
f 2577/4187/3849 2724/4186/3961 2493/4116/3692
f 2671/3996/3788 2706/4085/3878 2627/4087/3880
f 2691/4159/3941 2792/4188/3962 2673/4051/3852
f 2674/4161/3942 2603/4089/3881 2582/4088/3792
f 2767/4189/3963 2745/4020/3815 2649/4019/3814
f 2519/3934/3723 2745/4020/3815 2650/4120/3912
f 2544/4190/3756 2693/4191/3964 2606/4163/3854
f 2606/4163/3965 2693/4191/3965 2675/4162/3965
f 2676/4164/3966 2730/4192/3966 2584/4023/3966
f 2584/4193/3820 2730/4194/3967 2630/4195/3883
f 2630/4195/3968 2730/4194/3969 2677/4196/3970
f 2694/4197/3971 2630/4092/3968 2677/4198/3970
f 2483/3912/3703 2655/4126/3918 2697/4199/3972
f 2733/4125/3917 2681/4169/3947 2680/3971/3767
f 2658/4171/3923 2698/4200/3973 2682/4172/3948
f 2566/3979/3770 2635/4104/3896 2612/3917/3707
f 2682/4172/3948 2700/4201/3974 2659/4174/3925
f 2660/4202/3926 2659/4174/3925 2700/4201/3974
f 2665/4179/3975 2684/4177/3976 2701/4203/3977
f 2639/4107/3899 2589/4036/3834 2719/4204/3978
f 2685/4180/3979 2665/4149/3975 2701/4205/3977
f 2720/4206/3980 2719/4204/3978 2589/4036/3834
f 2569/4010/3804 2720/4206/3980 2589/4036/3834
f 2685/4180/3956 2666/4151/3936 2640/4110/3903
f 2569/4010/3804 2721/4182/3957 2720/4206/3980
f 2666/4151/3981 2702/4207/3982 2591/4038/3983
f 2667/4156/3938 2668/4157/3939 2704/4208/3984
f 2669/4114/3907 2688/4185/3960 2668/4157/3939
f 2704/4208/3984 2668/4157/3939 2688/4185/3960
f 2623/4082/3875 2723/4158/3940 2596/4044/3845
f 2670/4084/3877 2723/4158/3940 2626/4083/3876
f 2626/4083/3876 2723/4158/3940 2725/4209/3985
f 2626/4083/3876 2726/4210/3986 2706/4085/3878
f 2727/4211/3987 2600/4212/3879 2672/4213/3910
f 2627/4087/3880 2790/4214/3988 2602/4017/3812
f 2602/4017/3812 2790/4214/3988 2690/4050/3851
f 2790/4214/3988 2691/4159/3941 2690/4050/3851
f 2581/4018/3813 2709/4215/3989 2672/4118/3910
f 2581/4018/3813 2603/4089/3881 2692/4216/3990
f 2628/4119/3911 2629/4021/3816 2560/3966/3761
f 2651/4217/3913 2729/4218/3991 2652/4219/3882
f 2729/4218/3992 2544/4190/3756 2652/4219/3882
f 2675/4162/3993 2693/4191/3993 2676/4164/3993
f 2730/4220/3994 2749/4221/3995 2677/4198/3996
f 2417/3798/3586 2710/4222/3997 2560/3966/3761
f 2710/4222/3997 2417/3798/3586 2731/4093/3885
f 2630/4165/3883 2694/4223/3998 2678/4094/3886
f 2653/4003/3795 2563/3968/3765 2731/4093/3885
f 2609/4004/3999 2695/4166/3999 2751/4224/3999
f 2563/3968/3765 2631/4056/3856 2732/4225/4000
f 2609/4004/3796 2751/4224/4001 2696/4226/3857
f 2654/4123/3915 2732/4225/4000 2631/4056/3856
f 2751/4224/4001 2679/4030/3828 2696/4227/3857
f 2654/4123/3915 2483/3912/3703 2697/4199/3972
f 2484/4228/3650 2713/4229/4002 2656/4063/3859
f 2259/3616/3410 2714/4230/4003 2657/4231/3921
f 2657/4132/3924 2715/4232/4004 2658/4135/3923
f 2658/4171/3923 2715/4233/4004 2698/4200/4005
f 2717/4234/4006 2682/4172/4007 2698/4200/4008
f 2717/4234/4006 2700/4201/4009 2682/4172/4007
f 2660/4202/3926 2700/4201/3974 2683/4235/3949
f 2683/4235/4010 2700/4201/4009 2718/4236/4011
f 2684/4237/4012 2683/4235/4012 2718/4236/4012
f 2718/4236/4013 2701/4205/4013 2684/4237/4013
f 2702/4207/3982 2666/4151/3981 2685/4180/4014
f 2686/4183/3958 2591/4038/3837 2702/4207/4015
f 2721/4238/3957 2619/4239/3869 2757/4240/4016
f 2757/4240/4017 2619/4239/3869 2621/4241/3872
f 2757/4240/4016 2621/4241/3873 2876/4242/4018
f 2621/4241/3873 2687/4243/3937 2876/4242/4018
f 2623/4082/3875 2703/4184/3959 2740/4244/4019
f 2723/4158/3940 2623/4082/3875 2740/4244/4019
f 2704/4208/3984 2688/4185/3960 2722/4245/4020
f 2723/4158/3940 2743/4246/4021 2725/4209/3985
f 2724/4247/3961 2577/4048/3849 2598/4047/3848
f 2705/4248/4022 2689/4249/4023 2598/4047/3848
f 2539/3956/3752 2705/4248/4022 2598/4047/3848
f 2726/4210/3986 2725/4209/3985 2764/4250/4024
f 2725/4209/3985 2726/4210/3986 2626/4083/3876
f 2647/4117/3909 2705/4248/4022 2539/3956/3752
f 2599/3997/3789 2600/4086/3879 2707/4251/4025
f 2706/4085/3878 2790/4214/3988 2627/4087/3880
f 2727/4211/3987 2672/4213/3910 2708/4252/4026
f 2709/4253/3989 2708/4252/4026 2672/4213/3910
f 2709/4215/3989 2581/4018/3813 2692/4216/3990
f 2792/4188/3962 2813/4254/4027 2673/4051/3852
f 2649/4019/3814 2673/4051/3852 2813/4254/4027
f 2674/4161/3942 2692/4216/3990 2603/4089/3881
f 2674/4255/3942 2604/4052/3853 2728/4256/4028
f 2628/4119/3911 2728/4256/4028 2604/4052/3853
f 2729/4257/4029 2651/4121/3913 2650/4120/3912
f 2560/3966/3761 2769/4258/4030 2628/4119/3911
f 2769/4258/4030 2560/3966/3761 2710/4222/3997
f 2544/4190/3756 2729/4218/3992 2693/4191/4031
f 2749/4221/4032 2750/4259/4032 2677/4198/4032
f 2677/4198/3970 2750/4259/4033 2694/4197/3971
f 2695/4122/3914 2678/4094/3886 2694/4223/3998
f 2731/4093/3885 2563/3968/3765 2732/4225/4000
f 2711/4260/3919 2681/4261/3947 2753/4262/4034
f 2713/4229/4002 2712/4263/4035 2656/4063/3859
f 2822/4264/4036 2713/4265/4002 2484/3862/3650
f 2711/4260/3919 2822/4264/4036 2484/3862/3650
f 2485/3918/3708 2612/3917/3707 2716/4266/4037
f 2718/4236/4011 2700/4201/4009 2717/4234/4006
f 2734/4267/4038 2701/4205/4039 2718/4236/4011
f 2734/4267/4038 2685/4180/4040 2701/4205/4039
f 2734/4267/4041 2702/4207/3982 2685/4180/4014
f 2686/4183/3958 2702/4207/4015 2735/4268/4042
f 2667/4269/3938 2704/4270/3984 2737/4271/4043
f 2704/4270/3984 2736/4272/4044 2737/4271/4045
f 2703/4273/3959 2667/4269/3938 2737/4271/4046
f 2722/4274/4020 2736/4272/4044 2704/4270/3984
f 2703/4184/3959 2738/4275/4047 2740/4244/4019
f 2688/4276/4048 2739/4277/4048 2722/4274/4048
f 2739/4277/4049 2688/4276/3960 2741/4278/4050
f 2741/4278/4050 2688/4276/3960 2742/4279/4051
f 2688/4185/3960 2646/4115/3908 2742/4280/4051
f 2723/4158/3940 2740/4244/4019 2763/4281/4052
f 2743/4246/4021 2723/4158/3940 2763/4281/4052
f 2743/4246/4021 2744/4282/4053 2725/4209/3985
f 2598/4047/3848 2689/4249/4023 2724/4247/3961
f 2725/4209/4054 2744/4282/4053 2764/4250/4024
f 2599/3997/3789 2765/4283/4055 2647/4117/3909
f 2599/3997/3789 2707/4251/4025 2765/4283/4055
f 2706/4085/3878 2726/4210/3986 2855/4284/4056
f 2600/4086/3879 2727/4285/3987 2707/4251/4025
f 2790/4214/3988 2706/4085/3878 2855/4284/4056
f 2792/4188/3962 2691/4159/3941 2790/4214/3988
f 2745/4020/3815 2747/4286/4057 2650/4120/3912
f 2748/4287/4058 2729/4257/4029 2650/4120/3912
f 2771/4288/4059 2676/4289/4059 2693/4290/4059
f 2676/4289/4060 2771/4288/4060 2730/4220/4060
f 2730/4220/3994 2771/4288/4061 2749/4221/3995
f 2749/4221/4062 2773/4291/4063 2750/4259/4064
f 2774/4292/4065 2695/4122/4066 2694/4223/4067
f 2751/4224/4001 2842/4293/4068 2679/4030/3828
f 2842/4293/4068 2752/4168/3946 2679/4030/3828
f 2681/4261/3947 2733/4294/3917 2753/4262/4034
f 2697/4199/3972 2655/4126/3918 2798/4295/4069
f 2656/4063/3859 2798/4295/4069 2655/4126/3918
f 2712/4263/4035 2798/4295/4069 2656/4063/3859
f 2755/4296/4070 2635/4104/3896 2699/4034/3832
f 2718/4236/4011 2717/4234/4006 2756/4297/4071
f 2718/4236/4011 2756/4297/4071 2734/4267/4038
f 2702/4207/4015 2734/4267/4038 2735/4268/4042
f 2686/4183/4072 2735/4268/4042 2758/4298/4073
f 2686/4183/4072 2759/4299/4074 2687/4155/4075
f 2722/4274/4076 2761/4300/4077 2736/4272/4078
f 2760/4301/4079 2703/4184/3959 2737/4302/4046
f 2738/4275/4080 2703/4184/3959 2760/4301/4079
f 2722/4274/4076 2739/4277/4081 2761/4300/4077
f 2779/4303/4082 2740/4244/4019 2738/4275/4047
f 2741/4278/4050 2742/4279/4051 2762/4304/4083
f 2763/4281/4052 2740/4244/4019 2779/4303/4082
f 2743/4246/4021 2782/4305/4084 2744/4282/4053
f 2726/4210/3986 2764/4250/4024 2855/4284/4056
f 2766/4306/4085 2727/4211/3987 2708/4252/4026
f 2813/4254/4027 2793/4307/4086 2649/4019/3814
f 2649/4019/3814 2793/4307/4086 2767/4189/3963
f 2794/4308/4087 2692/4216/3990 2674/4161/3942
f 2628/4119/3911 2768/4309/4088 2728/4256/4028
f 2650/4120/3912 2747/4286/4057 2795/4310/4089
f 2769/4258/4030 2746/4311/4090 2628/4119/3911
f 2748/4287/4058 2650/4120/3912 2795/4310/4089
f 2771/4312/4091 2729/4218/4091 2770/4313/4091
f 2729/4257/4092 2771/4288/4092 2693/4290/4092
f 2815/4314/4093 2772/4315/4094 2773/4291/4095
f 2815/4314/4096 2773/4291/4097 2771/4288/4098
f 2771/4288/4099 2773/4291/4063 2749/4221/4062
f 2750/4259/4064 2818/4316/4100 2694/4197/4067
f 2694/4197/4067 2818/4316/4100 2774/4317/4065
f 2751/4224/4001 2695/4166/4101 2796/4318/4102
f 2859/4319/4103 2842/4293/4068 2751/4224/4001
f 2752/4320/3946 2775/4321/4104 2632/4322/3916
f 2733/4294/3917 2632/4322/3916 2797/4323/4105
f 2711/4260/3919 2753/4262/4034 2754/4324/4106
f 2715/4232/4107 2657/4132/3921 2714/4325/4003
f 2720/4206/3980 2778/4326/4108 2719/4204/3978
f 2721/4182/3957 2778/4326/4108 2720/4206/3980
f 2759/4327/4074 2876/4242/4018 2687/4243/3937
f 2737/4328/4109 2803/4329/4110 2760/4330/4111
f 2739/4277/4049 2741/4278/4050 2761/4300/4112
f 2779/4303/4082 2738/4275/4047 2805/4331/4113
f 2763/4281/4052 2779/4303/4082 2780/4332/4114
f 2724/4186/3961 2781/4333/4115 2646/4115/3908
f 2781/4333/4115 2742/4280/4051 2646/4115/3908
f 2763/4281/4052 2782/4305/4084 2743/4246/4021
f 2780/4332/4114 2783/4334/4116 2763/4281/4052
f 2782/4305/4084 2763/4281/4052 2783/4334/4117
f 2784/4335/4118 2785/4336/4119 2786/4337/4120
f 2786/4337/4121 2785/4336/4121 2787/4338/4121
f 2744/4282/4053 2782/4305/4084 2764/4250/4024
f 2764/4250/4024 2782/4305/4084 2829/4339/4122
f 2831/4340/4123 2786/4337/4120 2787/4338/4124
f 2647/4341/3909 2788/4342/4125 2705/4343/4022
f 2765/4344/4055 2788/4342/4125 2647/4341/3909
f 2855/4284/4056 2764/4250/4024 2789/4345/4126
f 2791/4346/4127 2766/4306/4085 2708/4252/4026
f 2792/4188/3962 2790/4214/3988 2812/4347/4128
f 2708/4252/4026 2709/4253/3989 2791/4346/4127
f 2794/4308/4087 2709/4215/3989 2692/4216/3990
f 2745/4020/3815 2795/4310/4089 2747/4286/4057
f 2729/4218/4029 2748/4348/4058 2770/4313/4129
f 2770/4349/4130 2815/4314/4096 2771/4288/4098
f 2774/4317/4065 2796/4318/4131 2695/4166/4132
f 2796/4318/4102 2859/4319/4103 2751/4224/4001
f 2842/4293/4068 2775/4350/4104 2752/4168/3946
f 2697/4199/3972 2819/4351/4133 2654/4123/3915
f 2797/4323/4105 2632/4322/3916 2775/4321/4104
f 2822/4264/4036 2711/4260/3919 2754/4324/4106
f 2822/4352/4036 2712/4353/4035 2713/4354/4002
f 2485/3918/3708 2776/4355/4134 2311/3277/3103
f 2777/4356/4135 2698/4200/4005 2715/4233/4004
f 2777/4356/4135 2717/4234/4006 2698/4200/4008
f 2699/4034/4136 2799/4357/4137 2755/4296/4138
f 2662/4068/3797 2799/4358/4139 2699/4359/3832
f 2800/4360/4140 2756/4297/4071 2717/4234/4006
f 2802/4361/4141 2756/4297/4071 2800/4360/4140
f 2756/4297/4071 2802/4361/4141 2734/4267/4038
f 2735/4268/4042 2734/4267/4038 2802/4361/4141
f 2757/4362/4016 2778/4326/4108 2721/4182/3957
f 2758/4298/4073 2759/4299/4074 2686/4183/4072
f 2737/4271/4109 2736/4272/4142 2803/4363/4110
f 2736/4272/4143 2804/4364/4144 2803/4363/4145
f 2804/4364/4144 2736/4272/4143 2761/4300/4146
f 2805/4331/4113 2738/4275/4047 2760/4301/4111
f 2741/4278/4050 2806/4365/4147 2761/4300/4112
f 2741/4278/4050 2762/4304/4148 2806/4365/4147
f 2806/4365/4149 2762/4304/4150 2807/4366/4151
f 2762/4304/4083 2742/4367/4051 2808/4368/4152
f 2779/4303/4082 2827/4369/4153 2780/4332/4114
f 2808/4370/4152 2742/4280/4051 2781/4333/4115
f 2827/4369/4154 2809/4371/4155 2784/4335/4156
f 2780/4332/4114 2827/4369/4153 2784/4335/4157
f 2783/4334/4116 2780/4332/4114 2784/4335/4157
f 2781/4333/4115 2724/4186/3961 2689/4372/4023
f 2784/4373/4156 2809/4374/4155 2785/4375/4158
f 2786/4376/4120 2810/4377/4159 2784/4378/4118
f 2810/4379/4159 2783/4334/4116 2784/4335/4157
f 2705/4343/4022 2811/4380/4160 2689/4372/4023
f 2831/4381/4123 2810/4382/4159 2786/4376/4120
f 2829/4339/4122 2832/4383/4161 2764/4250/4024
f 2764/4250/4024 2832/4383/4161 2789/4345/4126
f 2855/4284/4056 2812/4347/4128 2790/4214/3988
f 2766/4306/4085 2835/4384/4162 2727/4211/3987
f 2794/4385/4087 2674/4255/3942 2728/4256/4028
f 2767/4189/3963 2814/4386/4163 2745/4020/3815
f 2768/4309/4088 2628/4119/3911 2746/4311/4090
f 2814/4386/4163 2795/4310/4089 2745/4020/3815
f 2748/4287/4164 2815/4314/4093 2770/4349/4165
f 2817/4387/4166 2772/4315/4094 2815/4314/4093
f 2773/4291/4063 2840/4388/4167 2750/4259/4064
f 2750/4259/4064 2840/4388/4167 2818/4316/4100
f 2774/4317/4065 2818/4316/4100 2796/4318/4131
f 2796/4318/4102 2818/4316/4100 2888/4389/4168
f 2732/4225/4000 2819/4351/4133 2841/4390/4169
f 2796/4318/4102 2888/4389/4168 2859/4319/4103
f 2654/4123/3915 2819/4351/4133 2732/4225/4000
f 2697/4199/3972 2820/4391/4170 2819/4351/4133
f 2733/4294/3917 2797/4323/4105 2821/4392/4171
f 2311/3277/3103 2874/4393/4172 2259/3616/3410
f 2714/4325/4003 2823/4394/4173 2715/4232/4107
f 2823/4395/4174 2777/4396/4135 2715/4397/4004
f 2755/4296/4070 2824/4398/4175 2635/4104/3896
f 2799/4358/4137 2662/4068/4176 2863/4399/4177
f 2662/4068/3797 2639/4107/3899 2863/4399/4178
f 2719/4204/3978 2801/4400/4179 2639/4107/3899
f 2735/4268/4042 2802/4361/4141 2825/4401/4180
f 2758/4298/4073 2735/4268/4042 2825/4401/4180
f 2876/4242/4018 2759/4327/4074 2877/4402/4181
f 2826/4403/4182 2761/4300/4146 2806/4365/4183
f 2805/4331/4113 2866/4404/4184 2779/4303/4082
f 2866/4404/4184 2827/4369/4185 2779/4303/4082
f 2762/4304/4186 2808/4368/4186 2807/4366/4186
f 2828/4405/4187 2785/4375/4188 2809/4374/4189
f 2782/4305/4084 2783/4334/4117 2829/4339/4122
f 2783/4334/4116 2810/4379/4159 2849/4406/4190
f 2829/4339/4122 2783/4334/4117 2849/4406/4190
f 2810/4379/4159 2831/4340/4123 2830/4407/4191
f 2849/4406/4190 2832/4383/4161 2829/4339/4122
f 2789/4345/4126 2832/4383/4161 2870/4408/4192
f 2834/4409/4193 2765/4344/4055 2707/4410/4025
f 2707/4410/4025 2727/4211/3987 2835/4384/4194
f 2812/4347/4128 2855/4284/4056 2854/4411/4195
f 2812/4347/4128 2856/4412/4196 2792/4188/3962
f 2792/4188/3962 2856/4412/4196 2813/4254/4027
f 2836/4413/4197 2791/4346/4127 2709/4253/3989
f 2793/4307/4086 2813/4254/4027 2885/4414/4198
f 2837/4415/4199 2794/4416/4087 2728/4417/4028
f 2837/4418/4199 2728/4256/4028 2768/4309/4088
f 2839/4419/4200 2746/4311/4090 2769/4258/4030
f 2795/4310/4089 2838/4420/4201 2748/4287/4058
f 2815/4314/4093 2748/4287/4164 2838/4420/4201
f 2816/4421/4202 2839/4419/4200 2769/4258/4030
f 2769/4258/4030 2710/4222/3997 2816/4421/4202
f 2773/4291/4203 2772/4315/4203 2906/4422/4203
f 2840/4388/4167 2773/4291/4063 2906/4422/4204
f 2710/4222/3997 2731/4093/3885 2841/4390/4169
f 2732/4225/4000 2841/4390/4169 2731/4093/3885
f 2697/4199/3972 2798/4295/4069 2820/4391/4170
f 2821/4392/4171 2753/4262/4034 2733/4294/3917
f 2712/4353/4035 2822/4352/4036 2862/4423/4205
f 2612/3917/3707 2635/4104/3896 2716/4266/4037
f 2777/4356/4135 2843/4424/4206 2717/4234/4006
f 2800/4360/4140 2717/4234/4006 2843/4424/4206
f 2757/4362/4016 2864/4425/4207 2778/4326/4108
f 2758/4298/4073 2877/4426/4181 2759/4299/4074
f 2844/4427/4208 2804/4364/4144 2761/4300/4146
f 2761/4300/4146 2826/4403/4182 2844/4427/4208
f 2868/4428/4209 2827/4369/4185 2866/4404/4184
f 2807/4366/4151 2808/4368/4210 2845/4429/4211
f 2809/4374/4155 2827/4430/4154 2828/4405/4212
f 2846/4431/4213 2781/4333/4115 2689/4372/4023
f 2787/4338/4214 2785/4336/4188 2847/4432/4215
f 2811/4380/4160 2705/4343/4022 2788/4342/4125
f 2848/4433/4216 2831/4340/4217 2787/4338/4214
f 2810/4379/4159 2830/4407/4191 2849/4406/4190
f 2850/4434/4218 2831/4340/4219 2848/4433/4220
f 2831/4340/4221 2850/4434/4218 2833/4435/4222
f 2833/4435/4222 2851/4436/4223 2831/4340/4221
f 2830/4407/4191 2831/4340/4123 2851/4436/4224
f 2832/4383/4161 2849/4406/4190 2851/4436/4224
f 2833/4435/4222 2850/4434/4218 2852/4437/4225
f 2851/4436/4224 2833/4435/4226 2852/4437/4227
f 2853/4438/4228 2834/4409/4193 2707/4410/4025
f 2855/4284/4056 2789/4345/4126 2854/4411/4195
f 2812/4347/4128 2854/4411/4195 2856/4412/4196
f 2836/4413/4197 2709/4253/3989 2794/4416/4087
f 2793/4307/4086 2885/4414/4198 2767/4189/3963
f 2857/4439/4229 2837/4418/4199 2768/4309/4088
f 2795/4310/4089 2814/4386/4163 2871/4440/4230
f 2838/4420/4201 2817/4387/4166 2815/4314/4093
f 2817/4387/4166 2906/4422/4204 2772/4315/4094
f 2858/4441/4231 2816/4421/4202 2710/4222/3997
f 2710/4222/3997 2841/4390/4169 2858/4441/4231
f 2859/4319/4103 2860/4442/4232 2842/4293/4068
f 2860/4442/4232 2775/4350/4104 2842/4293/4068
f 2861/4443/4233 2712/4353/4035 2862/4423/4205
f 2754/4324/4106 2753/4262/4034 2821/4392/4171
f 2861/4443/4233 2798/4444/4069 2712/4353/4035
f 2259/3616/3410 2874/4393/4172 2714/4230/4003
f 2635/4104/3896 2824/4398/4175 2716/4266/4234
f 2639/4107/3899 2801/4400/4179 2863/4399/4178
f 2890/4445/4235 2801/4400/4179 2719/4204/3978
f 2719/4204/3978 2778/4326/4108 2890/4445/4235
f 2890/4445/4235 2778/4326/4108 2864/4425/4207
f 2877/4446/4181 2758/4298/4073 2825/4401/4180
f 2757/4447/4016 2876/4242/4018 2864/4448/4207
f 2760/4301/4111 2803/4449/4110 2805/4331/4113
f 2805/4331/4113 2892/4450/4236 2866/4404/4184
f 2865/4451/4237 2826/4403/4182 2806/4365/4183
f 2807/4366/4151 2867/4452/4238 2806/4365/4149
f 2807/4366/4151 2845/4429/4211 2867/4452/4238
f 2869/4453/4239 2827/4369/4185 2868/4428/4209
f 2828/4405/4240 2827/4430/4185 2869/4454/4239
f 2828/4405/4187 2847/4455/4215 2785/4375/4188
f 2811/4380/4160 2846/4431/4213 2689/4372/4023
f 2847/4432/4215 2848/4433/4216 2787/4338/4214
f 2849/4406/4190 2830/4407/4191 2851/4436/4224
f 2788/4342/4125 2765/4344/4055 2881/4456/4241
f 2881/4456/4241 2765/4344/4055 2834/4409/4193
f 2870/4408/4192 2851/4436/4224 2852/4437/4227
f 2832/4383/4161 2851/4436/4224 2870/4408/4192
f 2789/4345/4126 2870/4408/4192 2884/4457/4242
f 2854/4411/4195 2884/4457/4242 2883/4458/4243
f 2789/4345/4126 2884/4457/4242 2854/4411/4195
f 2835/4384/4194 2853/4438/4228 2707/4410/4025
f 2856/4412/4196 2854/4411/4195 2897/4459/4244
f 2898/4460/4245 2813/4254/4027 2897/4459/4244
f 2897/4459/4246 2813/4254/4246 2856/4412/4246
f 2791/4346/4127 2836/4413/4197 2766/4306/4085
f 2885/4414/4198 2871/4440/4230 2767/4189/3963
f 2871/4440/4230 2814/4386/4163 2767/4189/3963
f 2857/4461/4229 2886/4462/4247 2837/4415/4199
f 2857/4439/4229 2768/4309/4088 2746/4311/4090
f 2839/4419/4200 2857/4439/4229 2746/4311/4090
f 2871/4440/4230 2838/4420/4201 2795/4310/4089
f 2816/4421/4202 2905/4463/4248 2839/4419/4200
f 2841/4464/4169 2819/4465/4133 2889/4466/4249
f 2819/4465/4133 2820/4467/4170 2889/4466/4249
f 2775/4350/4104 2860/4442/4232 2797/4468/4105
f 2861/4443/4233 2820/4467/4170 2798/4444/4069
f 2862/4469/4205 2822/4470/4036 2872/4471/4250
f 2485/3918/3708 2716/4266/4037 2873/4472/4251
f 2843/4424/4206 2875/4473/4252 2800/4360/4140
f 2875/4473/4252 2912/4474/4253 2802/4361/4141
f 2800/4360/4140 2875/4473/4252 2802/4361/4141
f 2825/4401/4180 2802/4361/4141 2912/4474/4253
f 2876/4242/4018 2931/4475/4254 2864/4448/4207
f 2877/4402/4181 2932/4476/4255 2876/4242/4018
f 2804/4364/4256 2879/4477/4257 2878/4478/4258
f 2878/4479/4259 2803/4449/4259 2804/4480/4259
f 2804/4364/4256 2844/4427/4260 2879/4477/4257
f 2803/4449/4261 2892/4450/4236 2805/4331/4113
f 2916/4481/4262 2892/4450/4236 2915/4482/4263
f 2892/4450/4236 2916/4481/4262 2866/4404/4184
f 2866/4404/4184 2916/4481/4262 2893/4483/4264
f 2806/4365/4183 2867/4452/4265 2865/4451/4237
f 2893/4483/4264 2868/4428/4266 2866/4404/4184
f 2808/4368/4210 2894/4484/4267 2845/4429/4211
f 2781/4485/4115 2880/4486/4268 2808/4368/4152
f 2881/4456/4241 2811/4380/4160 2788/4342/4125
f 2882/4487/4269 2852/4437/4225 2850/4434/4218
f 2884/4457/4242 2852/4437/4270 2883/4458/4243
f 2870/4408/4192 2852/4437/4227 2884/4457/4242
f 2921/4488/4271 2853/4438/4228 2835/4384/4194
f 2813/4254/4027 2898/4460/4245 2900/4489/4272
f 2900/4489/4272 2885/4414/4198 2813/4254/4027
f 2837/4415/4199 2836/4413/4197 2794/4416/4087
f 2924/4490/4273 2871/4440/4230 2885/4414/4198
f 2871/4440/4230 2904/4491/4274 2838/4420/4201
f 2817/4387/4166 2838/4420/4201 2906/4422/4204
f 2926/4492/4275 2816/4421/4202 2858/4441/4231
f 2907/4493/4276 2818/4316/4100 2840/4388/4167
f 2888/4389/4168 2818/4316/4100 2907/4493/4276
f 2889/4466/4249 2887/4494/4277 2841/4464/4169
f 2888/4389/4168 2994/4495/4278 2859/4319/4103
f 2859/4319/4103 2994/4495/4278 2860/4442/4232
f 2889/4466/4249 2820/4467/4170 2908/4496/4279
f 2860/4442/4232 2821/4497/4171 2797/4468/4105
f 2820/4467/4170 2861/4443/4233 2908/4496/4279
f 2861/4443/4233 2862/4423/4205 2909/4498/4280
f 2714/4499/4003 2874/4500/4172 2823/4394/4281
f 2864/4425/4207 2931/4501/4254 2890/4445/4235
f 2825/4502/4180 2891/4503/4282 2877/4402/4181
f 2932/4476/4255 2931/4475/4254 2876/4242/4018
f 2878/4479/4283 2892/4450/4236 2803/4449/4261
f 2893/4483/4264 2916/4481/4262 2917/4504/4284
f 2893/4483/4264 2917/4504/4284 2918/4505/4285
f 2893/4483/4264 2918/4505/4285 2868/4428/4286
f 2828/4506/4240 2869/4453/4239 2919/4507/4287
f 2847/4455/4288 2828/4405/4289 2919/4508/4290
f 2781/4485/4115 2846/4509/4213 2880/4486/4268
f 2811/4380/4160 2895/4510/4291 2846/4431/4213
f 2896/4511/4292 2850/4434/4218 2848/4433/4220
f 2882/4512/4269 2850/4513/4218 2896/4514/4292
f 2883/4458/4243 2897/4459/4244 2854/4411/4195
f 2766/4306/4085 2899/4515/4293 2835/4384/4162
f 2924/4490/4273 2885/4414/4198 2900/4489/4272
f 2901/4516/4294 2766/4306/4085 2836/4413/4197
f 2837/4415/4199 2902/4517/4295 2836/4413/4197
f 2924/4490/4273 2988/4518/4296 2871/4440/4230
f 2857/4461/4229 2903/4519/4297 2886/4462/4247
f 2871/4440/4230 2988/4518/4296 2904/4491/4274
f 2970/4520/4298 2904/4491/4274 2988/4518/4296
f 2839/4419/4200 2925/4521/4299 2857/4439/4229
f 2925/4522/4299 2839/4523/4200 2905/4524/4248
f 2904/4491/4274 2940/4525/4300 2838/4420/4201
f 2816/4421/4202 2926/4492/4275 2905/4463/4248
f 2906/4422/4204 2907/4493/4276 2840/4388/4167
f 2887/4526/4277 2926/4492/4275 2858/4441/4231
f 2841/4390/4169 2887/4526/4277 2858/4441/4231
f 2942/4527/4301 2822/4528/4036 2754/4529/4106
f 2910/4530/4302 2843/4424/4206 2777/4356/4135
f 2863/4399/4178 2801/4400/4179 2929/4531/4303
f 2911/4532/4304 2912/4474/4253 2875/4473/4252
f 2890/4445/4235 2929/4531/4303 2801/4400/4179
f 2912/4474/4253 2891/4533/4282 2825/4401/4180
f 2891/4503/4282 2913/4534/4305 2877/4402/4181
f 2913/4534/4305 2932/4476/4255 2877/4402/4181
f 2826/4403/4182 2914/4535/4306 2844/4427/4307
f 2914/4535/4308 2879/4477/4257 2844/4427/4260
f 2826/4403/4182 2865/4451/4237 2914/4535/4306
f 2946/4536/4309 2918/4505/4285 2917/4504/4284
f 2868/4428/4286 2918/4505/4285 2948/4537/4310
f 2948/4537/4311 2869/4453/4312 2868/4428/4313
f 2894/4484/4267 2808/4368/4210 2880/4486/4314
f 2847/4432/4215 2936/4538/4315 2848/4433/4216
f 2895/4510/4291 2811/4380/4160 2881/4456/4241
f 2920/4539/4316 2852/4437/4225 2882/4487/4269
f 2852/4437/4225 2920/4539/4316 2883/4458/4243
f 2834/4409/4193 2853/4438/4228 2921/4488/4271
f 2921/4488/4271 2835/4384/4194 2923/4540/4317
f 2923/4540/4317 2835/4384/4318 2899/4515/4319
f 2901/4516/4294 2899/4515/4293 2766/4306/4085
f 2836/4413/4197 2902/4517/4295 2901/4516/4294
f 2904/4491/4274 2970/4520/4298 2940/4525/4300
f 2838/4420/4201 2940/4525/4300 2906/4422/4204
f 2887/4541/4277 2927/4542/4320 2926/4543/4275
f 2994/4495/4278 2888/4389/4168 2907/4493/4276
f 2889/4466/4249 2973/4544/4321 2887/4494/4277
f 2973/4544/4321 2889/4466/4249 2941/4545/4322
f 2941/4545/4322 2889/4466/4249 2908/4496/4279
f 2860/4442/4232 2975/4546/4323 2821/4497/4171
f 2862/4469/4205 2872/4471/4250 2909/4547/4280
f 2942/4527/4301 2754/4529/4106 2821/4497/4171
f 2843/4424/4206 2910/4530/4302 2928/4548/4324
f 2843/4424/4206 2928/4548/4324 2875/4473/4252
f 2890/4445/4235 2930/4549/4325 2929/4531/4303
f 2931/4501/4254 2930/4549/4325 2890/4445/4235
f 2933/4550/4326 2878/4551/4327 2879/4477/4257
f 2892/4450/4236 2878/4479/4283 2915/4482/4263
f 2915/4482/4263 2962/4552/4328 2916/4481/4262
f 2916/4481/4262 2962/4552/4328 2917/4504/4284
f 2865/4451/4237 2867/4452/4265 2934/4553/4329
f 2948/4537/4310 2918/4505/4285 2946/4536/4309
f 2867/4452/4238 2845/4429/4211 2935/4554/4330
f 2869/4453/4312 2948/4537/4311 2919/4507/4331
f 2845/4429/4211 2894/4484/4332 2935/4554/4330
f 2919/4555/4331 2949/4556/4333 2936/4557/4334
f 2919/4555/4290 2936/4557/4335 2847/4558/4288
f 2951/4559/4336 2848/4433/4220 2936/4538/4337
f 2846/4509/4213 2895/4560/4291 2938/4561/4338
f 2938/4561/4339 2880/4486/4339 2846/4509/4339
f 2937/4562/4340 2896/4511/4292 2848/4433/4220
f 2883/4458/4243 2939/4563/4341 2897/4459/4244
f 2952/4564/4342 2834/4409/4193 2921/4488/4271
f 2898/4460/4245 2897/4459/4244 2939/4563/4341
f 2898/4460/4245 2939/4563/4341 2922/4565/4343
f 2922/4565/4343 2900/4489/4272 2898/4460/4245
f 2837/4415/4199 2886/4462/4247 2902/4517/4295
f 2857/4439/4229 2925/4521/4299 2903/4566/4297
f 2940/4525/4300 2907/4493/4276 2906/4422/4204
f 2973/4544/4321 2927/4567/4320 2887/4494/4277
f 2942/4527/4301 2872/4568/4250 2822/4528/4036
f 2824/4398/4175 2755/4296/4344 2959/4569/4345
f 2959/4570/4345 2755/4571/4344 2863/4399/4178
f 2755/4296/4138 2799/4357/4137 2863/4572/4177
f 2913/4534/4305 2943/4573/4346 2932/4476/4255
f 2933/4574/4347 2915/4482/4263 2878/4479/4283
f 2933/4550/4326 2879/4477/4257 2914/4535/4308
f 2914/4535/4306 2865/4451/4237 2944/4575/4348
f 2917/4504/4284 2962/4552/4328 2945/4576/4349
f 2917/4504/4284 2945/4576/4350 2946/4536/4309
f 2946/4536/4309 2947/4577/4351 2948/4537/4310
f 2867/4578/4265 2935/4579/4352 2934/4580/4329
f 2919/4507/4331 2948/4537/4311 2949/4581/4333
f 2949/4581/4333 2950/4582/4353 2936/4538/4334
f 2936/4583/4337 2950/4584/4354 2951/4585/4336
f 2848/4433/4220 2951/4559/4336 2937/4562/4340
f 2937/4562/4340 2966/4586/4355 2896/4511/4292
f 2881/4456/4241 2834/4409/4193 2952/4564/4342
f 2953/4587/4356 2952/4564/4342 2921/4488/4271
f 2953/4587/4356 2921/4488/4271 2923/4540/4317
f 2923/4540/4317 2899/4515/4319 2954/4588/4357
f 2900/4489/4272 2987/4589/4358 2924/4490/4273
f 2987/4589/4358 2988/4518/4296 2924/4490/4273
f 2901/4516/4294 2902/4517/4295 2955/4590/4359
f 2956/4591/4360 2902/4517/4295 2886/4462/4247
f 2955/4590/4359 2902/4517/4295 2956/4591/4360
f 2989/4592/4361 2970/4520/4298 2988/4518/4296
f 2956/4591/4362 2886/4462/4247 2903/4519/4297
f 2970/4520/4298 2971/4593/4363 2940/4525/4300
f 2926/4594/4275 2925/4522/4299 2905/4524/4248
f 2940/4525/4300 2990/4595/4364 2907/4493/4276
f 2941/4596/4322 2993/4597/4365 2992/4598/4366
f 2907/4493/4276 2974/4599/4367 2994/4495/4278
f 2941/4545/4322 2908/4496/4279 2993/4600/4365
f 2994/4495/4278 2975/4546/4323 2860/4442/4232
f 2861/4443/4233 2993/4600/4365 2908/4496/4279
f 2975/4546/4323 2942/4527/4301 2821/4497/4171
f 2823/4395/4174 2910/4601/4302 2777/4396/4135
f 2824/4398/4175 2959/4569/4345 2716/4266/4234
f 2716/4266/4037 2959/4569/4368 2873/4472/4251
f 2931/4501/4254 2977/4602/4369 2930/4549/4325
f 2943/4573/4346 2960/4603/4370 2932/4476/4255
f 3010/4604/4371 2913/4534/4305 2961/4605/4372
f 2915/4482/4263 2933/4574/4347 2978/4606/4373
f 2978/4606/4374 2962/4552/4328 2915/4482/4263
f 2934/4553/4375 2944/4575/4375 2865/4451/4375
f 2945/4576/4350 2947/4577/4351 2946/4536/4309
f 2947/4607/4376 2963/4608/4377 2949/4609/4378
f 2947/4607/4379 2949/4609/4379 2948/4610/4379
f 2950/4611/4380 2949/4609/4381 2963/4608/4382
f 2935/4554/4330 2894/4484/4332 2964/4612/4383
f 2894/4484/4332 2880/4486/4384 2964/4612/4383
f 2880/4486/4385 2965/4613/4386 2964/4612/4387
f 2967/4614/4388 2882/4487/4269 2896/4511/4292
f 2882/4487/4269 2967/4614/4389 2920/4539/4316
f 2881/4456/4241 2952/4564/4342 2968/4615/4390
f 2939/4563/4341 2883/4458/4243 2920/4539/4316
f 3001/4616/4391 2900/4489/4272 2922/4565/4343
f 2954/4588/4357 2899/4515/4319 2955/4590/4359
f 2899/4515/4293 2901/4516/4294 2955/4590/4359
f 2969/4617/4392 2955/4590/4359 2956/4591/4360
f 2989/4592/4361 3004/4618/4393 2970/4520/4298
f 2956/4591/4362 2903/4519/4297 2925/4522/4299
f 2925/4522/4299 2957/4619/4394 2956/4591/4360
f 2970/4520/4298 3004/4618/4393 2971/4593/4363
f 2925/4522/4299 2972/4620/4395 2957/4619/4394
f 2972/4620/4395 2925/4522/4299 2926/4594/4275
f 2940/4525/4300 2971/4593/4363 2990/4595/4364
f 2972/4620/4395 2926/4594/4275 2927/4567/4320
f 2907/4493/4276 2990/4595/4364 2974/4599/4367
f 2909/4621/4280 2872/4568/4250 2995/4622/4396
f 2874/4393/4172 2311/3277/3103 3175/4623/4397
f 2863/4399/4178 2929/4531/4303 2959/4570/4345
f 2928/4548/4324 2976/4624/4398 2875/4473/4252
f 2911/4532/4304 2875/4473/4252 2976/4624/4398
f 3033/4625/4399 2891/4533/4282 2912/4474/4253
f 2977/4602/4369 2931/4501/4254 2960/4626/4370
f 2961/4627/4372 2913/4628/4305 2891/4533/4282
f 2960/4626/4370 2931/4501/4254 2932/4629/4255
f 2913/4534/4305 3010/4604/4371 2943/4573/4346
f 2914/4535/4400 2980/4630/4400 2933/4550/4400
f 2980/4631/4401 2978/4606/4401 2933/4574/4401
f 2978/4606/4374 2979/4632/4402 2962/4552/4328
f 2914/4535/4403 2944/4575/4404 2980/4630/4405
f 2962/4552/4328 2979/4632/4406 2945/4576/4349
f 2979/4632/4406 2981/4633/4407 2945/4576/4349
f 2945/4576/4349 2981/4633/4407 2947/4577/4376
f 2935/4579/4352 2982/4634/4408 2934/4580/4329
f 2963/4635/4382 2983/4636/4409 2950/4584/4380
f 2951/4585/4336 2950/4584/4354 2983/4636/4410
f 2983/4636/4410 2937/4637/4340 2951/4585/4336
f 2880/4486/4385 2938/4561/4411 2965/4613/4386
f 2938/4561/4412 2984/4638/4413 2965/4613/4386
f 2985/4639/4414 2896/4511/4292 2966/4586/4355
f 2895/4510/4291 2986/4640/4415 2938/4641/4338
f 2986/4642/4416 2984/4638/4413 2938/4561/4412
f 2895/4510/4291 2881/4456/4241 2986/4640/4415
f 2986/4640/4415 2881/4456/4241 2968/4615/4390
f 2939/4563/4341 3001/4616/4391 2922/4565/4343
f 3001/4616/4391 2987/4589/4358 2900/4489/4272
f 3024/4643/4417 2927/4567/4320 2973/4544/4321
f 2973/4544/4321 3047/4644/4418 3024/4643/4417
f 2973/4544/4321 2941/4545/4322 3047/4644/4418
f 2990/4595/4364 2991/4645/4419 2974/4599/4367
f 2993/4597/4365 2861/4646/4233 3005/4647/4420
f 2975/4546/4323 2994/4495/4278 3030/4648/4421
f 2861/4646/4233 2909/4547/4280 3005/4647/4420
f 2995/4622/4396 3005/4649/4420 2909/4621/4280
f 2995/4622/4396 2872/4568/4250 2942/4527/4301
f 2975/4546/4323 3030/4648/4421 2942/4527/4301
f 2485/3918/3708 2873/4472/4251 2776/4355/4134
f 2959/4570/4345 2929/4531/4303 2996/4650/4422
f 2912/4474/4253 2911/4532/4304 3033/4625/4399
f 3033/4625/4399 2961/4627/4372 2891/4533/4282
f 2978/4606/4374 3034/4651/4423 2979/4632/4402
f 2944/4575/4404 2997/4652/4424 2980/4630/4405
f 2944/4575/4425 2934/4553/4425 2997/4652/4425
f 3034/4651/4423 2981/4633/4407 2979/4632/4406
f 2997/4652/4426 2934/4553/4427 2982/4653/4428
f 2998/4654/4429 2947/4577/4376 2981/4633/4407
f 2998/4654/4429 2963/4655/4377 2947/4577/4376
f 2964/4656/4430 2982/4657/4408 2935/4658/4352
f 2966/4659/4355 2937/4637/4340 2983/4636/4431
f 2999/4660/4432 2984/4661/4413 2986/4640/4416
f 2967/4614/4388 2896/4511/4292 2985/4639/4414
f 3017/4662/4433 2967/4614/4434 2985/4639/4435
f 2967/4614/4389 3000/4663/4436 2920/4539/4316
f 2920/4539/4316 3000/4663/4436 2939/4563/4341
f 3000/4663/4437 3001/4616/4437 2939/4563/4437
f 3020/4664/4438 2968/4615/4390 2952/4564/4342
f 3020/4664/4438 2952/4564/4342 2953/4587/4356
f 3001/4616/4391 3041/4665/4439 2987/4589/4358
f 2923/4540/4317 3002/4666/4440 2953/4587/4356
f 3002/4666/4440 2923/4540/4317 3003/4667/4441
f 2954/4588/4357 3003/4667/4441 2923/4540/4317
f 2987/4589/4358 3022/4668/4442 2988/4518/4296
f 2988/4518/4296 3022/4668/4442 2989/4592/4361
f 2954/4588/4357 2955/4590/4359 2969/4617/4392
f 2957/4619/4394 2969/4617/4392 2956/4591/4360
f 3004/4618/4393 3065/4669/4443 2971/4593/4363
f 2990/4595/4364 2971/4593/4363 3025/4670/4444
f 3024/4643/4417 2972/4620/4395 2927/4567/4320
f 2990/4595/4364 3025/4670/4444 3026/4671/4445
f 2991/4645/4419 2990/4595/4364 3026/4671/4445
f 2992/4672/4366 3047/4644/4418 2941/4545/4322
f 3030/4648/4421 2994/4495/4278 2974/4599/4367
f 3071/4673/4446 2942/4527/4301 3030/4648/4421
f 3071/4673/4446 2995/4622/4396 2942/4527/4301
f 2996/4650/4447 2929/4531/4447 3006/4674/4447
f 2929/4531/4303 2930/4549/4325 3006/4674/4448
f 2976/4624/4398 3008/4675/4449 2911/4532/4304
f 3007/4676/4450 2930/4549/4325 2977/4602/4369
f 2911/4532/4304 3009/4677/4451 3033/4625/4452
f 2960/4626/4370 2943/4678/4346 3010/4679/4371
f 2978/4606/4453 2980/4631/4453 3011/4680/4453
f 3011/4680/4454 2980/4631/4455 3012/4681/4456
f 2980/4630/4457 2997/4652/4458 3012/4682/4459
f 3011/4680/4460 3034/4651/4423 2978/4606/4374
f 2981/4633/4407 3034/4651/4423 3013/4683/4461
f 2998/4654/4429 2981/4633/4407 3013/4683/4461
f 2982/4653/4408 2964/4612/4430 3036/4684/4462
f 2963/4635/4382 3014/4685/4463 2983/4636/4409
f 2983/4636/4409 3015/4686/4464 2966/4659/4465
f 2964/4687/4387 2965/4688/4386 2984/4689/4413
f 3015/4690/4466 3016/4691/4466 2966/4586/4466
f 2966/4586/4467 3016/4691/4468 2985/4639/4435
f 3017/4662/4433 3018/4692/4469 2967/4614/4434
f 3038/4693/4470 3018/4692/4469 3017/4662/4433
f 3018/4692/4469 3040/4694/4471 2967/4614/4434
f 3040/4694/4472 3000/4663/4472 2967/4614/4472
f 2986/4640/4415 2968/4615/4390 3019/4695/4473
f 3020/4664/4438 3019/4695/4473 2968/4615/4390
f 3000/4663/4474 3059/4696/4475 3001/4616/4391
f 3003/4667/4441 2954/4588/4357 2969/4617/4392
f 3003/4667/4441 2969/4617/4392 3045/4697/4476
f 3023/4698/4477 3045/4697/4476 2969/4617/4392
f 3004/4618/4393 2989/4592/4361 3063/4699/4478
f 2969/4617/4392 2957/4619/4394 2972/4620/4395
f 2972/4620/4479 3023/4698/4477 2969/4617/4392
f 3004/4618/4393 3063/4699/4478 3065/4669/4443
f 3025/4670/4480 2971/4593/4363 3065/4669/4443
f 3027/4700/4481 3047/4644/4418 2992/4672/4366
f 2991/4645/4419 3026/4671/4445 3028/4701/4482
f 2991/4645/4419 3028/4701/4482 2974/4599/4367
f 2974/4599/4367 3028/4701/4482 3030/4648/4421
f 3049/4702/4483 3071/4673/4484 3030/4648/4421
f 2874/4500/4172 3175/4703/4397 2823/4394/4485
f 2873/4472/4486 2959/4569/4345 3031/4704/4487
f 2930/4549/4488 3007/4676/4489 3006/4674/4490
f 2960/4626/4370 3007/4676/4450 2977/4602/4369
f 3010/4705/4371 2961/4627/4372 3076/4706/4491
f 3035/4707/4492 3013/4683/4461 3034/4651/4423
f 2982/4653/4428 3036/4684/4493 2997/4652/4426
f 3014/4708/4494 2963/4655/4495 2998/4654/4429
f 3015/4690/4464 2983/4709/4409 3014/4708/4463
f 2964/4687/4496 2984/4689/4413 3037/4710/4497
f 3037/4710/4497 2984/4689/4413 2999/4711/4432
f 3055/4712/4498 3017/4662/4433 2985/4639/4435
f 3017/4662/4433 3080/4713/4499 3038/4693/4470
f 3039/4714/4500 2999/4660/4432 2986/4640/4416
f 3039/4714/4501 2986/4640/4415 3019/4695/4473
f 3038/4693/4470 3040/4694/4471 3018/4692/4469
f 3059/4696/4475 3021/4715/4502 3001/4616/4391
f 3021/4715/4502 3061/4716/4503 3041/4665/4439
f 3001/4616/4391 3021/4715/4502 3041/4665/4439
f 3020/4664/4438 2953/4587/4356 3042/4717/4504
f 3042/4717/4504 2953/4587/4356 3002/4666/4440
f 3041/4665/4439 3043/4718/4505 2987/4589/4358
f 2987/4589/4358 3043/4718/4505 3022/4668/4442
f 3044/4719/4506 3002/4666/4440 3003/4667/4441
f 3088/4720/4507 3063/4699/4478 3022/4668/4508
f 3022/4668/4442 3063/4699/4478 2989/4592/4361
f 3046/4721/4509 3023/4698/4477 2972/4620/4395
f 3024/4643/4417 3046/4721/4509 2972/4620/4395
f 3025/4670/4480 3065/4669/4443 3094/4722/4510
f 3047/4644/4418 3046/4721/4509 3024/4643/4417
f 3025/4670/4444 3094/4722/4510 3093/4723/4511
f 3026/4671/4445 3025/4670/4444 3093/4723/4511
f 3093/4723/4511 3048/4724/4512 3049/4702/4513
f 3026/4671/4445 3093/4723/4511 3049/4702/4483
f 3029/4725/4514 2992/4598/4366 2993/4597/4365
f 3028/4701/4482 3026/4671/4445 3049/4702/4483
f 3029/4725/4515 2993/4597/4516 3050/4726/4517
f 3049/4702/4483 3048/4724/4518 3051/4727/4519
f 3030/4648/4421 3028/4701/4482 3049/4702/4483
f 3052/4728/4520 3005/4647/4420 2995/4729/4396
f 2776/4355/4134 2958/4730/4521 2311/3277/3103
f 2928/4548/4324 2910/4530/4302 3032/4731/4522
f 2976/4624/4398 2928/4548/4324 3074/4732/4523
f 3008/4675/4449 3009/4677/4451 2911/4532/4304
f 3007/4676/4450 2960/4626/4370 3010/4679/4371
f 2961/4627/4372 3033/4625/4399 3076/4706/4524
f 3011/4680/4454 3012/4681/4456 3053/4733/4525
f 2997/4652/4458 3053/4734/4525 3012/4682/4459
f 3034/4651/4423 3011/4680/4460 3035/4707/4492
f 3013/4683/4461 3035/4707/4492 3014/4708/4494
f 3013/4683/4461 3014/4708/4494 2998/4654/4429
f 3014/4708/4526 3054/4735/4527 3015/4690/4528
f 2964/4687/4430 3037/4710/4529 3036/4736/4462
f 3016/4691/4468 3015/4690/4528 3054/4735/4527
f 3016/4691/4468 3055/4712/4498 2985/4639/4435
f 3080/4713/4499 3017/4662/4433 3055/4712/4498
f 2999/4711/4530 3039/4737/4501 3056/4738/4531
f 3000/4663/4532 3040/4694/4533 3058/4739/4534
f 3059/4696/4475 3000/4663/4474 3058/4739/4535
f 3039/4714/4501 3019/4695/4473 3060/4740/4536
f 3056/4741/4531 3039/4714/4501 3060/4740/4536
f 3060/4740/4536 3019/4695/4473 3020/4664/4438
f 3059/4696/4475 3083/4742/4537 3021/4715/4502
f 3083/4742/4537 3061/4716/4503 3021/4715/4502
f 3043/4718/4505 3041/4665/4439 3061/4716/4503
f 3044/4719/4506 3042/4717/4504 3002/4666/4440
f 3045/4697/4476 3044/4719/4506 3003/4667/4441
f 3062/4743/4538 3044/4719/4506 3045/4697/4476
f 3045/4697/4476 3023/4698/4477 3062/4743/4538
f 3064/4744/4539 3023/4698/4477 3046/4721/4509
f 3094/4722/4510 3065/4669/4443 3090/4745/4540
f 3047/4644/4418 3091/4746/4541 3046/4721/4509
f 3066/4747/4542 3091/4746/4541 3047/4644/4418
f 3066/4747/4543 3047/4644/4543 3068/4748/4543
f 3069/4749/4544 3067/4750/4545 3095/4751/4546
f 3048/4724/4512 3067/4750/4547 3069/4749/4544
f 3068/4748/4548 3047/4644/4418 3027/4752/4481
f 3070/4753/4549 3048/4724/4512 3069/4749/4544
f 3093/4723/4511 3067/4750/4547 3048/4724/4512
f 3070/4753/4549 3051/4727/4550 3048/4724/4512
f 3005/4647/4420 3050/4726/4517 2993/4597/4365
f 3052/4728/4520 3050/4726/4517 3005/4647/4420
f 3051/4727/4519 3071/4673/4484 3049/4702/4483
f 2311/3277/3103 2958/4730/4521 3175/4623/4397
f 2823/4394/4551 3175/4703/4552 3072/4754/4553
f 2873/4472/4251 3031/4704/4554 2776/4355/4134
f 3072/4754/4555 2910/4755/4302 2823/4394/4174
f 3072/4756/4555 3032/4731/4522 2910/4530/4302
f 3031/4704/4487 2959/4569/4345 2996/4757/4422
f 2996/4650/4422 3006/4674/4556 3073/4758/4557
f 2976/4624/4398 3074/4732/4523 3008/4675/4449
f 3007/4676/4489 3010/4679/4371 3097/4759/4558
f 3053/4733/4525 3122/4760/4559 3011/4680/4454
f 3011/4680/4460 3122/4760/4560 3035/4707/4492
f 2997/4652/4458 3077/4761/4561 3053/4734/4525
f 2997/4652/4562 3036/4684/4563 3077/4761/4564
f 3123/4762/4565 3035/4707/4492 3122/4760/4560
f 3035/4707/4492 3078/4763/4566 3014/4708/4494
f 3078/4763/4566 3079/4764/4567 3014/4708/4494
f 3014/4708/4494 3079/4764/4567 3054/4735/4527
f 3016/4691/4468 3054/4735/4527 3055/4712/4498
f 3037/4710/4497 2999/4711/4432 3081/4765/4568
f 2999/4711/4432 3056/4738/4569 3081/4765/4568
f 3038/4766/4470 3057/4767/4570 3040/4768/4471
f 3060/4769/4571 3082/4770/4572 3056/4771/4573
f 3084/4772/4574 3083/4742/4537 3059/4696/4475
f 3060/4740/4536 3020/4664/4438 3085/4773/4575
f 3061/4716/4503 3084/4772/4576 3086/4774/4577
f 3083/4742/4537 3084/4772/4578 3061/4716/4503
f 3085/4773/4575 3020/4664/4438 3042/4717/4504
f 3044/4719/4506 3087/4775/4579 3042/4717/4504
f 3022/4668/4442 3043/4718/4505 3114/4776/4580
f 3088/4720/4507 3022/4668/4508 3114/4776/4580
f 3063/4699/4478 3088/4720/4507 3116/4777/4581
f 3064/4744/4539 3062/4743/4538 3023/4698/4477
f 3089/4778/4582 3062/4743/4538 3064/4744/4539
f 3063/4699/4478 3136/4779/4583 3065/4669/4443
f 3136/4779/4583 3090/4745/4540 3065/4669/4443
f 3091/4746/4541 3064/4744/4539 3046/4721/4509
f 3090/4745/4540 3092/4780/4584 3094/4722/4510
f 3094/4722/4510 3092/4780/4584 3093/4723/4511
f 3119/4781/4585 3067/4750/4547 3093/4723/4511
f 3066/4747/4542 3119/4781/4585 3091/4746/4541
f 3067/4750/4547 3119/4781/4585 3066/4747/4542
f 3068/4748/4586 3095/4751/4586 3066/4747/4586
f 3067/4750/4547 3066/4747/4542 3095/4751/4587
f 3096/4782/4588 3069/4749/4544 3095/4751/4546
f 3137/4783/4589 3027/4784/4481 2992/4598/4366
f 3144/4785/4590 3051/4727/4591 3070/4753/4592
f 3071/4673/4446 3052/4786/4593 2995/4622/4396
f 2928/4548/4324 3032/4731/4522 3146/4787/4594
f 3033/4625/4452 3098/4788/4595 3076/4706/4596
f 3035/4707/4492 3100/4789/4597 3078/4763/4566
f 3035/4707/4492 3123/4762/4565 3099/4790/4598
f 3077/4761/4564 3036/4684/4563 3101/4791/4599
f 3100/4789/4597 3035/4707/4492 3099/4790/4600
f 3079/4764/4567 3078/4763/4566 3100/4789/4597
f 3101/4792/4599 3036/4736/4563 3102/4793/4601
f 3036/4736/4462 3037/4710/4529 3102/4793/4602
f 3054/4735/4527 3079/4764/4567 3104/4794/4603
f 3104/4794/4604 3079/4764/4567 3124/4795/4605
f 3104/4794/4603 3055/4712/4498 3054/4735/4527
f 3103/4796/4606 3125/4797/4607 3105/4798/4608
f 3124/4795/4609 3103/4796/4606 3105/4798/4608
f 3105/4798/4608 3125/4797/4607 3126/4799/4610
f 3124/4795/4609 3105/4798/4608 3080/4713/4611
f 3104/4794/4604 3124/4795/4605 3080/4713/4612
f 3055/4712/4498 3104/4794/4603 3080/4713/4499
f 3105/4798/4608 3106/4800/4613 3080/4713/4611
f 3142/4801/4614 3080/4713/4611 3106/4800/4613
f 3080/4713/4499 3142/4801/4615 3038/4693/4470
f 3057/4802/4616 3038/4693/4616 3142/4801/4616
f 3082/4803/4617 3081/4765/4568 3056/4738/4569
f 3107/4804/4618 3040/4768/4619 3057/4767/4620
f 3058/4739/4534 3040/4694/4533 3107/4805/4621
f 3082/4803/4572 3060/4806/4571 3108/4807/4622
f 3108/4808/4623 3060/4740/4623 3109/4809/4623
f 3110/4810/4624 3108/4807/4625 3109/4811/4626
f 3109/4809/4626 3111/4812/4627 3110/4813/4624
f 3086/4774/4577 3111/4812/4627 3109/4809/4628
f 3111/4812/4627 3086/4774/4577 3084/4772/4576
f 3109/4809/4629 3060/4740/4536 3112/4814/4630
f 3086/4774/4577 3109/4809/4629 3112/4814/4630
f 3113/4815/4631 3086/4774/4577 3112/4814/4630
f 3061/4716/4503 3086/4774/4577 3113/4815/4631
f 3061/4716/4503 3113/4815/4631 3043/4718/4505
f 3087/4775/4579 3085/4773/4575 3042/4717/4504
f 3043/4718/4505 3113/4815/4631 3114/4776/4580
f 3087/4775/4579 3044/4719/4506 3062/4743/4538
f 3115/4816/4632 3087/4775/4579 3062/4743/4538
f 3134/4817/4633 3115/4816/4632 3117/4818/4634
f 3136/4779/4583 3116/4777/4635 3135/4819/4636
f 3116/4777/4581 3136/4779/4583 3063/4699/4478
f 3115/4816/4632 3062/4743/4538 3089/4778/4582
f 3118/4820/4637 3115/4816/4632 3119/4781/4638
f 3119/4781/4638 3115/4816/4632 3089/4778/4582
f 3118/4820/4637 3117/4818/4634 3115/4816/4639
f 3119/4781/4638 3089/4778/4582 3064/4744/4539
f 3119/4781/4585 3064/4744/4539 3091/4746/4541
f 3092/4780/4584 3090/4745/4540 3118/4820/4637
f 3092/4780/4584 3118/4820/4637 3119/4781/4638
f 3093/4723/4511 3092/4780/4584 3119/4781/4585
f 3095/4751/4640 3068/4748/4548 3137/4821/4641
f 3096/4782/4588 3070/4753/4549 3069/4749/4544
f 3144/4785/4590 3070/4753/4592 3096/4782/4642
f 3029/4725/4514 3137/4783/4589 2992/4598/4366
f 3029/4725/4515 3120/4822/4643 3137/4783/4644
f 3050/4726/4517 3120/4822/4643 3029/4725/4515
f 3051/4727/4645 3144/4785/4646 3052/4786/4647
f 3071/4673/4484 3051/4727/4519 3052/4786/4648
f 3031/4704/4649 3153/4823/4649 2776/4355/4649
f 3031/4704/4487 2996/4824/4422 3153/4823/4650
f 3146/4787/4594 3074/4732/4523 2928/4548/4324
f 3007/4676/4489 3097/4759/4558 3075/4825/4651
f 3098/4788/4595 3033/4625/4452 3009/4677/4451
f 3010/4705/4371 3076/4706/4491 3097/4826/4558
f 3077/4827/4561 3121/4828/4652 3053/4733/4525
f 3121/4828/4652 3122/4760/4559 3053/4733/4525
f 3101/4791/4599 3121/4829/4652 3077/4761/4564
f 3100/4789/4597 3124/4795/4605 3079/4764/4567
f 3099/4790/4598 3123/4762/4565 3103/4796/4606
f 3124/4795/4605 3100/4789/4597 3099/4790/4600
f 3124/4795/4609 3099/4790/4598 3103/4796/4606
f 3103/4796/4606 3123/4762/4565 3125/4797/4607
f 3037/4710/4529 3081/4765/4653 3102/4793/4602
f 3106/4800/4613 3105/4798/4608 3126/4799/4610
f 3112/4814/4630 3060/4740/4536 3085/4773/4575
f 3112/4814/4630 3085/4773/4575 3129/4830/4654
f 3129/4830/4655 3085/4773/4575 3128/4831/4656
f 3113/4815/4631 3112/4814/4630 3130/4832/4657
f 3085/4773/4575 3087/4775/4579 3128/4831/4656
f 3130/4832/4657 3112/4814/4630 3129/4830/4654
f 3113/4815/4631 3130/4832/4657 3131/4833/4658
f 3132/4834/4659 3131/4833/4658 3130/4832/4657
f 3130/4832/4657 3129/4830/4654 3132/4834/4659
f 3132/4834/4660 3129/4830/4655 3128/4831/4656
f 3088/4720/4507 3114/4776/4580 3131/4833/4658
f 3133/4835/4661 3132/4834/4659 3128/4831/4662
f 3128/4831/4656 3087/4775/4579 3115/4816/4632
f 3133/4835/4663 3128/4831/4656 3134/4817/4633
f 3134/4817/4633 3128/4831/4656 3115/4816/4632
f 3088/4720/4507 3133/4835/4661 3116/4777/4581
f 3116/4777/4664 3133/4835/4663 3134/4817/4633
f 3135/4819/4636 3134/4817/4633 3117/4818/4634
f 3117/4818/4634 3118/4820/4637 3135/4819/4636
f 3135/4819/4636 3118/4820/4637 3090/4745/4540
f 3068/4748/4548 3027/4752/4481 3137/4821/4641
f 3050/4726/4517 3052/4836/4520 3120/4822/4643
f 3006/4674/4490 3007/4676/4489 3145/4837/4665
f 3162/4838/4666 3009/4677/4451 3008/4675/4449
f 3101/4792/4599 3102/4793/4667 3139/4839/4668
f 3138/4840/4669 3140/4841/4670 3123/4762/4565
f 3123/4762/4565 3140/4841/4670 3125/4797/4607
f 3125/4797/4607 3140/4841/4670 3126/4799/4610
f 3141/4842/4671 3126/4799/4610 3140/4841/4672
f 3106/4800/4613 3126/4799/4610 3141/4842/4671
f 3127/4843/4673 3081/4844/4674 3082/4845/4572
f 3143/4846/4675 3059/4696/4475 3058/4739/4535
f 3059/4847/4475 3143/4848/4676 3084/4849/4574
f 3114/4776/4580 3113/4815/4631 3131/4833/4658
f 3131/4833/4658 3132/4834/4659 3133/4835/4661
f 3088/4720/4507 3131/4833/4658 3133/4835/4661
f 3135/4819/4677 3116/4777/4678 3134/4817/4679
f 3135/4819/4636 3090/4745/4540 3136/4779/4583
f 3052/4836/4647 3144/4850/4646 3120/4822/4680
f 3073/4758/4681 3006/4674/4490 3145/4837/4665
f 3008/4675/4449 3074/4732/4523 3147/4851/4682
f 3122/4760/4560 3138/4840/4669 3123/4762/4565
f 3101/4791/4599 3148/4852/4683 3121/4829/4652
f 3156/4853/4684 3122/4760/4559 3121/4828/4652
f 3156/4853/4685 3138/4840/4685 3122/4760/4685
f 3138/4854/4686 3149/4855/4687 3140/4856/4688
f 3102/4793/4689 3081/4765/4690 3150/4857/4691
f 3141/4842/4692 3142/4801/4692 3106/4800/4692
f 3107/4858/4618 3057/4859/4620 3142/4860/4693
f 3150/4857/4691 3081/4765/4690 3127/4861/4694
f 3107/4805/4621 3143/4846/4695 3058/4739/4534
f 3108/4807/4622 3159/4862/4696 3127/4861/4673
f 3108/4807/4622 3127/4861/4673 3082/4803/4572
f 3108/4807/4625 3110/4810/4624 3151/4863/4697
f 3111/4864/4627 3084/4849/4576 3152/4865/4698
f 3096/4782/4588 3095/4751/4546 3137/4821/4699
f 3096/4782/4588 3137/4821/4699 3120/4866/4700
f 3096/4782/4642 3120/4866/4701 3144/4785/4590
f 3176/4867/4702 3032/4731/4522 3072/4756/4555
f 3145/4837/4665 3007/4676/4489 3075/4825/4651
f 3008/4675/4449 3147/4851/4682 3162/4838/4666
f 3147/4851/4682 3074/4732/4523 3146/4787/4594
f 3097/4759/4558 3154/4868/4703 3075/4825/4651
f 3009/4677/4451 3162/4838/4666 3098/4788/4595
f 3097/4826/4558 3076/4706/4491 3155/4869/4704
f 3121/4828/4652 3148/4870/4683 3156/4853/4684
f 3101/4791/4599 3139/4871/4668 3148/4872/4683
f 3149/4855/4687 3157/4873/4705 3140/4856/4688
f 3140/4856/4706 3157/4873/4707 3141/4874/4708
f 3142/4860/4709 3141/4874/4710 3158/4875/4711
f 3142/4860/4709 3158/4875/4711 3107/4858/4712
f 3108/4807/4625 3151/4863/4697 3159/4862/4713
f 3152/4865/4714 3084/4849/4574 3143/4848/4676
f 3110/4876/4624 3152/4865/4715 3151/4877/4697
f 3152/4865/4698 3110/4876/4624 3111/4864/4627
f 2996/4650/4422 3073/4758/4557 3153/4878/4650
f 3161/4879/4716 3098/4788/4595 3162/4838/4666
f 3160/4880/4717 3154/4868/4703 3097/4759/4558
f 3097/4826/4558 3155/4869/4718 3160/4881/4717
f 3098/4788/4595 3155/4869/4718 3076/4706/4596
f 3138/4840/4719 3156/4853/4719 3149/4882/4719
f 3166/4883/4720 3149/4882/4687 3156/4853/4684
f 3148/4884/4683 3139/4885/4668 3163/4886/4721
f 3139/4839/4722 3102/4793/4689 3163/4887/4723
f 3141/4874/4708 3157/4873/4707 3158/4875/4724
f 3163/4887/4723 3102/4793/4689 3150/4857/4691
f 3107/4805/4621 3158/4888/4724 3164/4889/4725
f 3107/4805/4621 3164/4889/4725 3143/4846/4695
f 3127/4861/4694 3159/4862/4726 3150/4857/4691
f 2776/4355/4134 3171/4890/4727 2958/4730/4521
f 3176/4867/4702 3146/4787/4594 3032/4731/4522
f 3098/4788/4595 3161/4879/4716 3155/4869/4718
f 3162/4838/4666 3147/4851/4682 3165/4891/4728
f 3148/4870/4683 3166/4883/4720 3156/4853/4684
f 3166/4883/4720 3148/4870/4683 3167/4892/4729
f 3159/4862/4726 3168/4893/4730 3150/4857/4691
f 3174/4894/4731 3143/4846/4695 3164/4889/4725
f 3152/4865/4714 3143/4848/4676 3174/4895/4732
f 3151/4877/4733 3152/4865/4733 3169/4896/4733
f 3073/4758/4557 3170/4897/4734 3153/4878/4650
f 3073/4758/4681 3145/4837/4665 3170/4897/4735
f 3148/4898/4683 3163/4899/4736 3167/4900/4729
f 3149/4882/4687 3166/4883/4720 3157/4901/4705
f 3157/4901/4707 3166/4883/4720 3158/4888/4724
f 3163/4887/4723 3150/4857/4691 3168/4893/4730
f 3169/4902/4737 3152/4903/4737 3174/4894/4737
f 3151/4904/4738 3169/4905/4738 3159/4906/4738
f 3171/4890/4727 2776/4355/4134 3153/4823/4739
f 3170/4897/4740 3145/4837/4665 3154/4868/4703
f 3145/4837/4665 3075/4825/4651 3154/4868/4703
f 3162/4838/4666 3172/4907/4741 3161/4879/4716
f 3155/4869/4718 3161/4879/4716 3160/4881/4717
f 3165/4891/4728 3181/4908/4742 3162/4838/4666
f 3166/4883/4720 3173/4909/4743 3158/4888/4724
f 3163/4887/4736 3168/4893/4744 3167/4910/4729
f 3158/4888/4724 3173/4909/4743 3164/4889/4725
f 3173/4909/4743 3174/4894/4745 3164/4889/4725
f 3159/4862/4746 3169/4911/4746 3168/4893/4746
f 3072/4754/4553 3175/4703/4552 3176/4912/4747
f 3147/4851/4682 3146/4787/4594 3177/4913/4748
f 3147/4851/4682 3177/4913/4748 3165/4891/4728
f 3166/4883/4720 3167/4892/4729 3178/4914/4749
f 3173/4909/4743 3166/4883/4720 3178/4914/4749
f 3167/4910/4729 3168/4893/4750 3178/4915/4749
f 3173/4909/4751 3178/4914/4751 3174/4894/4751
f 3169/4902/4752 3178/4914/4749 3168/4916/4750
f 3174/4894/4753 3178/4914/4753 3169/4902/4753
f 3171/4890/4727 3153/4823/4739 3179/4917/4754
f 3170/4897/4734 3179/4918/4755 3153/4919/4650
f 3146/4787/4594 3176/4867/4702 3180/4920/4756
f 3161/4879/4716 3172/4907/4741 3160/4881/4717
f 3146/4787/4594 3180/4920/4756 3177/4913/4748
f 3162/4921/4666 3181/4922/4742 3172/4923/4741
f 3165/4891/4728 3177/4913/4748 3181/4908/4742
f 2958/4730/4521 3171/4890/4727 3182/4924/4757
f 2958/4730/4521 3182/4924/4757 3183/4925/4758
f 2958/4730/4521 3183/4925/4758 3184/4926/4759
f 3175/4623/4397 2958/4730/4521 3184/4926/4759
f 3185/4927/4760 3176/4928/4747 3175/4929/4552
f 3179/4930/4755 3170/4931/4734 3189/4932/4761
f 3154/4868/4703 3189/4933/4762 3170/4897/4740
f 3154/4934/4703 3186/4935/4763 3189/4932/4764
f 3180/4920/4756 3176/4867/4702 3185/4936/4765
f 3154/4868/4703 3160/4937/4717 3186/4938/4763
f 3186/4939/4763 3160/4940/4717 3172/4941/4741
f 3177/4913/4748 3180/4920/4766 3187/4942/4767
f 3187/4942/4767 3181/4908/4742 3177/4913/4748
f 3184/4926/4759 3188/4943/4768 3175/4623/4769
f 3189/4932/4770 3171/4944/4727 3179/4930/4771
f 3182/4945/4757 3171/4944/4727 3189/4932/4770
f 3175/4929/4769 3188/4946/4768 3185/4927/4772
f 3182/4945/4773 3189/4932/4774 3186/4935/4775
f 3184/4947/4759 3183/4948/4758 3187/4949/4776
f 3185/4927/4777 3188/4946/4777 3180/4950/4777
f 3183/4948/4758 3182/4945/4757 3190/4951/4778
f 3190/4951/4779 3182/4945/4773 3186/4935/4775
f 3188/4946/4768 3184/4947/4759 3191/4952/4780
f 3180/4950/4781 3188/4946/4781 3191/4952/4781
f 3190/4951/4782 3186/4935/4782 3172/4953/4782
f 3187/4949/4776 3183/4948/4758 3190/4951/4778
f 3184/4947/4759 3187/4949/4776 3191/4952/4780
f 3180/4950/4783 3191/4952/4780 3187/4949/4776
f 3190/4954/4784 3172/4923/4784 3181/4922/4784
f 3187/4949/4776 3190/4951/4778 3181/4955/4785
l 661 690
